warning: profiles for the non root package will be ignored, specify profiles at the workspace root:
package:   /root/distributed-storage-system/crates/storager/ads_lib/Cargo.toml
workspace: /root/distributed-storage-system/Cargo.toml
warning: value assigned to `is_change` is never read
   --> crates/storager/ads_lib/src/mpt/mpt.rs:256:21
    |
256 |             let mut is_change = false;
    |                     ^^^^^^^^^
    |
    = help: maybe it is overwritten before being read?
    = note: `#[warn(unused_assignments)]` on by default

warning: value assigned to `is_change` is never read
   --> crates/storager/ads_lib/src/mpt/mpt.rs:462:25
    |
462 |                 let mut is_change = false;
    |                         ^^^^^^^^^
    |
    = help: maybe it is overwritten before being read?

warning: unused variable: `had_value`
   --> crates/storager/ads_lib/src/mpt/mpt.rs:526:21
    |
526 |                 let had_value = !old_value_str.is_empty();
    |                     ^^^^^^^^^ help: if this is intentional, prefix it with an underscore: `_had_value`
    |
    = note: `#[warn(unused_variables)]` on by default

warning: associated functions `short_node_batch_fix` and `full_node_batch_fix` are never used
    --> crates/storager/ads_lib/src/mpt/mpt.rs:1743:8
     |
  50 | impl MPT {
     | -------- associated functions in this implementation
...
1743 |     fn short_node_batch_fix(node: Arc<RwLock<ShortNode>>) -> Result<(), MPTError> {
     |        ^^^^^^^^^^^^^^^^^^^^
...
1748 |     fn full_node_batch_fix(node: Arc<RwLock<FullNode>>) -> Result<(), MPTError> {
     |        ^^^^^^^^^^^^^^^^^^^
     |
     = note: `#[warn(dead_code)]` on by default

warning: function `hash_mgt_node` is never used
   --> crates/storager/ads_lib/src/mest/proof.rs:253:4
    |
253 | fn hash_mgt_node(children: &[[u8; 32]]) -> [u8; 32] {
    |    ^^^^^^^^^^^^^

warning: `ads_rust` (lib) generated 5 warnings
warning: unused variable: `acc_old`
   --> crates/common/src/verification.rs:710:13
    |
710 |         let acc_old = match G1Affine::deserialize_uncompressed(&proof[offset..offset + acc_old_len]) {
    |             ^^^^^^^ help: if this is intentional, prefix it with an underscore: `_acc_old`
    |
    = note: `#[warn(unused_variables)]` on by default

warning: `common` (lib) generated 1 warning
warning: unused imports: `Digest` and `Sha256`
   --> crates/storager/src/ads/acctrie_ads.rs:452:20
    |
452 |         use sha2::{Digest, Sha256};
    |                    ^^^^^^  ^^^^^^
    |
    = note: `#[warn(unused_imports)]` on by default

warning: `storager` (lib) generated 1 warning (run `cargo fix --lib -p storager` to apply 1 suggestion)
   Compiling storager v0.1.0 (/root/distributed-storage-system/crates/storager)
    Finished `release` profile [optimized] target(s) in 1.97s
     Running `target/release/storager 50052 acctrie`
🔍 AccTrie Query: keyword='science', found 1 fids
🔍 AccTrie Query: returning proof (362 bytes)
🗑️ AccTrie Delete: keyword='science', fid='scie_00000000' (removing entire key)
🗑️ AccTrie Delete: post-delete root_hash=[e6, 76, ee, ec, 7e, 3b, 9c, 77]...
⚠️ AccTrie Delete: keyword='science' not found in storage
🗑️ AccTrie Delete: keyword='science', fid='scie_00000000' (removing entire key)
⚠️ AccTrie Delete: delete entire key failed: Key not found
🗑️ AccTrie Delete: post-delete root_hash=[e6, 76, ee, ec, 7e, 3b, 9c, 77]...
🔧 AccTrie Add: keyword='medical', fid='heal_00000002' (success)
🔧 AccTrie Add: proof size=471 bytes, root_hash=[62, ea, b1, 8d, 64, 1f, 00, 30]...
🗑️ AccTrie Delete: keyword='medical', fid='heal_00000002' (removing entire key)
🗑️ AccTrie Delete: post-delete root_hash=[e6, 76, ee, ec, 7e, 3b, 9c, 77]...
🔍 AccTrie Query: keyword='science', found 1 fids
🔍 AccTrie Query: returning proof (362 bytes)
🗑️ AccTrie Delete: keyword='science', fid='scie_00000008' (removing entire key)
🗑️ AccTrie Delete: post-delete root_hash=[e6, 76, ee, ec, 7e, 3b, 9c, 77]...
⚠️ AccTrie Delete: keyword='science' not found in storage
🗑️ AccTrie Delete: keyword='science', fid='scie_00000008' (removing entire key)
⚠️ AccTrie Delete: delete entire key failed: Key not found
🗑️ AccTrie Delete: post-delete root_hash=[e6, 76, ee, ec, 7e, 3b, 9c, 77]...
🔧 AccTrie Add: keyword='enterprise', fid='busi_00000009' (success)
🔧 AccTrie Add: proof size=474 bytes, root_hash=[b2, 0e, 49, 81, cc, c0, ae, 1f]...
🗑️ AccTrie Delete: keyword='enterprise', fid='busi_00000009' (removing entire key)
🗑️ AccTrie Delete: post-delete root_hash=[e6, 76, ee, ec, 7e, 3b, 9c, 77]...
🗑️ AccTrie Delete: keyword='database', fid='tech_00000010' (removing entire key)
🗑️ AccTrie Delete: post-delete root_hash=[e6, 76, ee, ec, 7e, 3b, 9c, 77]...
🔍 AccTrie Query: keyword='science', found 1 fids
🔍 AccTrie Query: returning proof (362 bytes)
🗑️ AccTrie Delete: keyword='science', fid='scie_00000011' (removing entire key)
🗑️ AccTrie Delete: post-delete root_hash=[e6, 76, ee, ec, 7e, 3b, 9c, 77]...
⚠️ AccTrie Delete: keyword='science' not found in storage
🗑️ AccTrie Delete: keyword='science', fid='scie_00000011' (removing entire key)
⚠️ AccTrie Delete: delete entire key failed: Key not found
🗑️ AccTrie Delete: post-delete root_hash=[e6, 76, ee, ec, 7e, 3b, 9c, 77]...
🔍 AccTrie Query: keyword='entertainment', found 1 fids
🔍 AccTrie Query: returning proof (368 bytes)
🗑️ AccTrie Delete: keyword='entertainment', fid='ente_00000012' (removing entire key)
🗑️ AccTrie Delete: post-delete root_hash=[e6, 76, ee, ec, 7e, 3b, 9c, 77]...
⚠️ AccTrie Delete: keyword='entertainment' not found in storage
🗑️ AccTrie Delete: keyword='entertainment', fid='ente_00000012' (removing entire key)
⚠️ AccTrie Delete: delete entire key failed: Key not found
🗑️ AccTrie Delete: post-delete root_hash=[e6, 76, ee, ec, 7e, 3b, 9c, 77]...
🔧 AccTrie Add: keyword='student', fid='educ_00000016' (success)
🔧 AccTrie Add: proof size=571 bytes, root_hash=[62, c3, 80, 2b, 62, b5, 59, 08]...
🗑️ AccTrie Delete: keyword='student', fid='educ_00000016' (removing entire key)
🗑️ AccTrie Delete: post-delete root_hash=[a1, b1, 3a, e7, 6a, 4a, 4b, bc]...
🗑️ AccTrie Delete: keyword='learning', fid='educ_00000016' (removing entire key)
🗑️ AccTrie Delete: post-delete root_hash=[e6, 76, ee, ec, 7e, 3b, 9c, 77]...
🔧 AccTrie Add: keyword='tennis', fid='spor_00000017' (success)
🔧 AccTrie Add: proof size=570 bytes, root_hash=[c9, 8d, 29, bd, 8e, 06, 86, 74]...
🗑️ AccTrie Delete: keyword='tennis', fid='spor_00000017' (removing entire key)
🗑️ AccTrie Delete: post-delete root_hash=[9c, 42, f5, 90, f2, 1f, 36, f8]...
🗑️ AccTrie Delete: keyword='team', fid='spor_00000017' (removing entire key)
🗑️ AccTrie Delete: post-delete root_hash=[e6, 76, ee, ec, 7e, 3b, 9c, 77]...
🗑️ AccTrie Delete: keyword='database', fid='tech_00000020' (removing entire key)
🗑️ AccTrie Delete: post-delete root_hash=[e9, 3b, b2, 23, 00, 35, 03, 69]...
🗑️ AccTrie Delete: keyword='ml', fid='tech_00000020' (removing entire key)
🗑️ AccTrie Delete: post-delete root_hash=[e6, 76, ee, ec, 7e, 3b, 9c, 77]...
🗑️ AccTrie Delete: keyword='basketball', fid='spor_00000023' (removing entire key)
🗑️ AccTrie Delete: post-delete root_hash=[9f, fc, a2, ff, 33, 20, 26, 49]...
🗑️ AccTrie Delete: keyword='team', fid='spor_00000023' (removing entire key)
🗑️ AccTrie Delete: post-delete root_hash=[e6, 76, ee, ec, 7e, 3b, 9c, 77]...
🔍 AccTrie Query: keyword='entertainment', found 1 fids
🔍 AccTrie Query: returning proof (468 bytes)
🗑️ AccTrie Delete: keyword='entertainment', fid='ente_00000025' (removing entire key)
🗑️ AccTrie Delete: post-delete root_hash=[c7, 51, 0d, 7b, 04, 1b, 5d, d1]...
🗑️ AccTrie Delete: keyword='celebrity', fid='ente_00000025' (removing entire key)
🗑️ AccTrie Delete: post-delete root_hash=[e6, 76, ee, ec, 7e, 3b, 9c, 77]...
⚠️ AccTrie Delete: keyword='entertainment' not found in storage
🗑️ AccTrie Delete: keyword='entertainment', fid='ente_00000025' (removing entire key)
⚠️ AccTrie Delete: delete entire key failed: Key not found
🗑️ AccTrie Delete: post-delete root_hash=[e6, 76, ee, ec, 7e, 3b, 9c, 77]...
🗑️ AccTrie Delete: keyword='database', fid='tech_00000027' (removing entire key)
🗑️ AccTrie Delete: post-delete root_hash=[87, c8, b8, 19, e5, 47, 50, dc]...
🗑️ AccTrie Delete: keyword='hardware', fid='tech_00000027' (removing entire key)
🗑️ AccTrie Delete: post-delete root_hash=[e6, 76, ee, ec, 7e, 3b, 9c, 77]...
🗑️ AccTrie Delete: keyword='enterprise', fid='busi_00000028' (removing entire key)
🗑️ AccTrie Delete: post-delete root_hash=[e6, 76, ee, ec, 7e, 3b, 9c, 77]...
🔍 AccTrie Query: keyword='entertainment', found 1 fids
🔍 AccTrie Query: returning proof (468 bytes)
🗑️ AccTrie Delete: keyword='entertainment', fid='ente_00000029' (removing entire key)
🗑️ AccTrie Delete: post-delete root_hash=[39, 9e, b8, 9b, 1a, 8a, 1c, 3c]...
🔧 AccTrie Add: keyword='video', fid='ente_00000029' (success)
🔧 AccTrie Add: proof size=469 bytes, root_hash=[39, 9e, b8, 9b, 1a, 8a, 1c, 3c]...
⚠️ AccTrie Delete: keyword='entertainment' not found in storage
🗑️ AccTrie Delete: keyword='entertainment', fid='ente_00000029' (removing entire key)
⚠️ AccTrie Delete: delete entire key failed: Key not found
🗑️ AccTrie Delete: post-delete root_hash=[39, 9e, b8, 9b, 1a, 8a, 1c, 3c]...
🗑️ AccTrie Delete: keyword='video', fid='ente_00000029' (removing entire key)
🗑️ AccTrie Delete: post-delete root_hash=[e6, 76, ee, ec, 7e, 3b, 9c, 77]...
🔍 AccTrie Query: keyword='science', found 1 fids
🔍 AccTrie Query: returning proof (362 bytes)
🗑️ AccTrie Delete: keyword='science', fid='scie_00000030' (removing entire key)
🗑️ AccTrie Delete: post-delete root_hash=[e6, 76, ee, ec, 7e, 3b, 9c, 77]...
⚠️ AccTrie Delete: keyword='science' not found in storage
🗑️ AccTrie Delete: keyword='science', fid='scie_00000030' (removing entire key)
⚠️ AccTrie Delete: delete entire key failed: Key not found
🗑️ AccTrie Delete: post-delete root_hash=[e6, 76, ee, ec, 7e, 3b, 9c, 77]...
🔧 AccTrie Add: keyword='ml', fid='tech_00000031' (success)
🔧 AccTrie Add: proof size=566 bytes, root_hash=[13, 42, b5, 5b, fb, ae, 6a, 95]...
🗑️ AccTrie Delete: keyword='ml', fid='tech_00000031' (removing entire key)
🗑️ AccTrie Delete: post-delete root_hash=[67, 1a, 8d, c6, 61, 7e, e7, a4]...
🗑️ AccTrie Delete: keyword='database', fid='tech_00000031' (removing entire key)
🗑️ AccTrie Delete: post-delete root_hash=[e6, 76, ee, ec, 7e, 3b, 9c, 77]...
🔍 AccTrie Query: keyword='entertainment', found 1 fids
🔍 AccTrie Query: returning proof (468 bytes)
🗑️ AccTrie Delete: keyword='entertainment', fid='ente_00000032' (removing entire key)
🗑️ AccTrie Delete: post-delete root_hash=[28, 8e, 4a, da, 51, 76, 24, 52]...
🔧 AccTrie Add: keyword='concert', fid='ente_00000032' (success)
🔧 AccTrie Add: proof size=471 bytes, root_hash=[28, 8e, 4a, da, 51, 76, 24, 52]...
🗑️ AccTrie Delete: keyword='concert', fid='ente_00000032' (removing entire key)
🗑️ AccTrie Delete: post-delete root_hash=[e6, 76, ee, ec, 7e, 3b, 9c, 77]...
⚠️ AccTrie Delete: keyword='entertainment' not found in storage
🗑️ AccTrie Delete: keyword='entertainment', fid='ente_00000032' (removing entire key)
⚠️ AccTrie Delete: delete entire key failed: Key not found
🗑️ AccTrie Delete: post-delete root_hash=[e6, 76, ee, ec, 7e, 3b, 9c, 77]...
🗑️ AccTrie Delete: keyword='revenue', fid='busi_00000033' (removing entire key)
🗑️ AccTrie Delete: post-delete root_hash=[e6, 76, ee, ec, 7e, 3b, 9c, 77]...
🔧 AccTrie Add: keyword='international', fid='news_00000034' (success)
🔧 AccTrie Add: proof size=477 bytes, root_hash=[33, 64, 46, c3, a7, 2d, 7c, 07]...
🗑️ AccTrie Delete: keyword='international', fid='news_00000034' (removing entire key)
🗑️ AccTrie Delete: post-delete root_hash=[e6, 76, ee, ec, 7e, 3b, 9c, 77]...
🔧 AccTrie Add: keyword='tennis', fid='spor_00000035' (success)
🔧 AccTrie Add: proof size=470 bytes, root_hash=[66, cb, f2, 9b, 80, e4, e7, c5]...
🗑️ AccTrie Delete: keyword='tennis', fid='spor_00000035' (removing entire key)
🗑️ AccTrie Delete: post-delete root_hash=[e6, 76, ee, ec, 7e, 3b, 9c, 77]...
🔍 AccTrie Query: keyword='entertainment', found 1 fids
🔍 AccTrie Query: returning proof (468 bytes)
🗑️ AccTrie Delete: keyword='entertainment', fid='ente_00000037' (removing entire key)
🗑️ AccTrie Delete: post-delete root_hash=[8e, 46, a2, 62, 31, 19, f4, e1]...
🔧 AccTrie Add: keyword='streaming', fid='ente_00000037' (success)
🔧 AccTrie Add: proof size=473 bytes, root_hash=[8e, 46, a2, 62, 31, 19, f4, e1]...
⚠️ AccTrie Delete: keyword='entertainment' not found in storage
🗑️ AccTrie Delete: keyword='entertainment', fid='ente_00000037' (removing entire key)
⚠️ AccTrie Delete: delete entire key failed: Key not found
🗑️ AccTrie Delete: post-delete root_hash=[8e, 46, a2, 62, 31, 19, f4, e1]...
🗑️ AccTrie Delete: keyword='streaming', fid='ente_00000037' (removing entire key)
🗑️ AccTrie Delete: post-delete root_hash=[e6, 76, ee, ec, 7e, 3b, 9c, 77]...
🗑️ AccTrie Delete: keyword='nutrition', fid='heal_00000039' (removing entire key)
🗑️ AccTrie Delete: post-delete root_hash=[e6, 76, ee, ec, 7e, 3b, 9c, 77]...
🔍 AccTrie Query: keyword='science', found 1 fids
🔍 AccTrie Query: returning proof (362 bytes)
🗑️ AccTrie Delete: keyword='science', fid='scie_00000041' (removing entire key)
🗑️ AccTrie Delete: post-delete root_hash=[e6, 76, ee, ec, 7e, 3b, 9c, 77]...
⚠️ AccTrie Delete: keyword='science' not found in storage
🗑️ AccTrie Delete: keyword='science', fid='scie_00000041' (removing entire key)
⚠️ AccTrie Delete: delete entire key failed: Key not found
🗑️ AccTrie Delete: post-delete root_hash=[e6, 76, ee, ec, 7e, 3b, 9c, 77]...
🔧 AccTrie Add: keyword='database', fid='tech_00000044' (success)
🔧 AccTrie Add: proof size=572 bytes, root_hash=[d0, d6, da, 07, f7, 2c, a1, 33]...
🗑️ AccTrie Delete: keyword='database', fid='tech_00000044' (removing entire key)
🗑️ AccTrie Delete: post-delete root_hash=[e6, 2b, 6c, 92, 3a, 85, 84, dd]...
🗑️ AccTrie Delete: keyword='hardware', fid='tech_00000044' (removing entire key)
🗑️ AccTrie Delete: post-delete root_hash=[e6, 76, ee, ec, 7e, 3b, 9c, 77]...
🔍 AccTrie Query: keyword='science', found 1 fids
🔍 AccTrie Query: returning proof (362 bytes)
🗑️ AccTrie Delete: keyword='science', fid='scie_00000046' (removing entire key)
🗑️ AccTrie Delete: post-delete root_hash=[e6, 76, ee, ec, 7e, 3b, 9c, 77]...
⚠️ AccTrie Delete: keyword='science' not found in storage
🗑️ AccTrie Delete: keyword='science', fid='scie_00000046' (removing entire key)
⚠️ AccTrie Delete: delete entire key failed: Key not found
🗑️ AccTrie Delete: post-delete root_hash=[e6, 76, ee, ec, 7e, 3b, 9c, 77]...
🔍 AccTrie Query: keyword='science', found 1 fids
🔍 AccTrie Query: returning proof (362 bytes)
🗑️ AccTrie Delete: keyword='science', fid='scie_00000048' (removing entire key)
🗑️ AccTrie Delete: post-delete root_hash=[e6, 76, ee, ec, 7e, 3b, 9c, 77]...
⚠️ AccTrie Delete: keyword='science' not found in storage
🗑️ AccTrie Delete: keyword='science', fid='scie_00000048' (removing entire key)
⚠️ AccTrie Delete: delete entire key failed: Key not found
🗑️ AccTrie Delete: post-delete root_hash=[e6, 76, ee, ec, 7e, 3b, 9c, 77]...
🔍 AccTrie Query: keyword='science', found 1 fids
🔍 AccTrie Query: returning proof (362 bytes)
🗑️ AccTrie Delete: keyword='science', fid='scie_00000050' (removing entire key)
🗑️ AccTrie Delete: post-delete root_hash=[e6, 76, ee, ec, 7e, 3b, 9c, 77]...
⚠️ AccTrie Delete: keyword='science' not found in storage
🗑️ AccTrie Delete: keyword='science', fid='scie_00000050' (removing entire key)
⚠️ AccTrie Delete: delete entire key failed: Key not found
🗑️ AccTrie Delete: post-delete root_hash=[e6, 76, ee, ec, 7e, 3b, 9c, 77]...
🔧 AccTrie Add: keyword='study', fid='educ_00000051' (success)
🔧 AccTrie Add: proof size=469 bytes, root_hash=[bc, 75, 5f, 67, cd, 0c, 72, 7f]...
🗑️ AccTrie Delete: keyword='study', fid='educ_00000051' (removing entire key)
🗑️ AccTrie Delete: post-delete root_hash=[e6, 76, ee, ec, 7e, 3b, 9c, 77]...
🗑️ AccTrie Delete: keyword='database', fid='tech_00000053' (removing entire key)
🗑️ AccTrie Delete: post-delete root_hash=[e6, 76, ee, ec, 7e, 3b, 9c, 77]...
🔍 AccTrie Query: keyword='science', found 1 fids
🔍 AccTrie Query: returning proof (362 bytes)
🗑️ AccTrie Delete: keyword='science', fid='scie_00000054' (removing entire key)
🗑️ AccTrie Delete: post-delete root_hash=[e6, 76, ee, ec, 7e, 3b, 9c, 77]...
⚠️ AccTrie Delete: keyword='science' not found in storage
🗑️ AccTrie Delete: keyword='science', fid='scie_00000054' (removing entire key)
⚠️ AccTrie Delete: delete entire key failed: Key not found
🗑️ AccTrie Delete: post-delete root_hash=[e6, 76, ee, ec, 7e, 3b, 9c, 77]...
🔧 AccTrie Add: keyword='revenue', fid='busi_00000057' (success)
🔧 AccTrie Add: proof size=471 bytes, root_hash=[b2, e7, 4c, 2e, a3, 4f, 4a, d8]...
🗑️ AccTrie Delete: keyword='revenue', fid='busi_00000057' (removing entire key)
🗑️ AccTrie Delete: post-delete root_hash=[e6, 76, ee, ec, 7e, 3b, 9c, 77]...
🔍 AccTrie Query: keyword='science', found 1 fids
🔍 AccTrie Query: returning proof (362 bytes)
🗑️ AccTrie Delete: keyword='science', fid='scie_00000063' (removing entire key)
🗑️ AccTrie Delete: post-delete root_hash=[e6, 76, ee, ec, 7e, 3b, 9c, 77]...
⚠️ AccTrie Delete: keyword='science' not found in storage
🗑️ AccTrie Delete: keyword='science', fid='scie_00000063' (removing entire key)
⚠️ AccTrie Delete: delete entire key failed: Key not found
🗑️ AccTrie Delete: post-delete root_hash=[e6, 76, ee, ec, 7e, 3b, 9c, 77]...
🗑️ AccTrie Delete: keyword='revenue', fid='busi_00000065' (removing entire key)
🗑️ AccTrie Delete: post-delete root_hash=[b6, 56, 76, 34, dc, c9, cf, d9]...
🗑️ AccTrie Delete: keyword='investment', fid='busi_00000065' (removing entire key)
🗑️ AccTrie Delete: post-delete root_hash=[e6, 76, ee, ec, 7e, 3b, 9c, 77]...
🔧 AccTrie Add: keyword='investment', fid='busi_00000067' (success)
🔧 AccTrie Add: proof size=474 bytes, root_hash=[dc, 28, 42, 52, 0d, 38, a5, b0]...
🗑️ AccTrie Delete: keyword='investment', fid='busi_00000067' (removing entire key)
🗑️ AccTrie Delete: post-delete root_hash=[e6, 76, ee, ec, 7e, 3b, 9c, 77]...
🔍 AccTrie Query: keyword='science', found 1 fids
🔍 AccTrie Query: returning proof (362 bytes)
🗑️ AccTrie Delete: keyword='science', fid='scie_00000068' (removing entire key)
🗑️ AccTrie Delete: post-delete root_hash=[e6, 76, ee, ec, 7e, 3b, 9c, 77]...
⚠️ AccTrie Delete: keyword='science' not found in storage
🗑️ AccTrie Delete: keyword='science', fid='scie_00000068' (removing entire key)
⚠️ AccTrie Delete: delete entire key failed: Key not found
🗑️ AccTrie Delete: post-delete root_hash=[e6, 76, ee, ec, 7e, 3b, 9c, 77]...
🔧 AccTrie Add: keyword='exam', fid='educ_00000074' (success)
🔧 AccTrie Add: proof size=468 bytes, root_hash=[76, 9b, d8, 49, cc, 47, 60, d1]...
🗑️ AccTrie Delete: keyword='exam', fid='educ_00000074' (removing entire key)
🗑️ AccTrie Delete: post-delete root_hash=[e6, 76, ee, ec, 7e, 3b, 9c, 77]...
🔍 AccTrie Query: keyword='entertainment', found 1 fids
🔍 AccTrie Query: returning proof (468 bytes)
🗑️ AccTrie Delete: keyword='entertainment', fid='ente_00000075' (removing entire key)
🗑️ AccTrie Delete: post-delete root_hash=[1b, be, 16, be, a2, 5c, c8, b0]...
🔧 AccTrie Add: keyword='video', fid='ente_00000075' (success)
🔧 AccTrie Add: proof size=469 bytes, root_hash=[1b, be, 16, be, a2, 5c, c8, b0]...
⚠️ AccTrie Delete: keyword='entertainment' not found in storage
🗑️ AccTrie Delete: keyword='entertainment', fid='ente_00000075' (removing entire key)
⚠️ AccTrie Delete: delete entire key failed: Key not found
🗑️ AccTrie Delete: post-delete root_hash=[1b, be, 16, be, a2, 5c, c8, b0]...
🗑️ AccTrie Delete: keyword='video', fid='ente_00000075' (removing entire key)
🗑️ AccTrie Delete: post-delete root_hash=[e6, 76, ee, ec, 7e, 3b, 9c, 77]...
🔧 AccTrie Add: keyword='learning', fid='educ_00000076' (success)
🔧 AccTrie Add: proof size=472 bytes, root_hash=[af, 0d, a5, 00, 46, 0c, 3b, 97]...
🗑️ AccTrie Delete: keyword='learning', fid='educ_00000076' (removing entire key)
🗑️ AccTrie Delete: post-delete root_hash=[e6, 76, ee, ec, 7e, 3b, 9c, 77]...
🔧 AccTrie Add: keyword='server', fid='tech_00000077' (success)
🔧 AccTrie Add: proof size=470 bytes, root_hash=[90, 00, a4, 90, 51, 72, ef, ef]...
🗑️ AccTrie Delete: keyword='server', fid='tech_00000077' (removing entire key)
🗑️ AccTrie Delete: post-delete root_hash=[e6, 76, ee, ec, 7e, 3b, 9c, 77]...
🔍 AccTrie Query: keyword='entertainment', found 1 fids
🔍 AccTrie Query: returning proof (468 bytes)
🗑️ AccTrie Delete: keyword='entertainment', fid='ente_00000078' (removing entire key)
🗑️ AccTrie Delete: post-delete root_hash=[72, 6c, 6e, c9, bc, 9c, 5c, cb]...
🔧 AccTrie Add: keyword='music', fid='ente_00000078' (success)
🔧 AccTrie Add: proof size=469 bytes, root_hash=[72, 6c, 6e, c9, bc, 9c, 5c, cb]...
🗑️ AccTrie Delete: keyword='music', fid='ente_00000078' (removing entire key)
🗑️ AccTrie Delete: post-delete root_hash=[e6, 76, ee, ec, 7e, 3b, 9c, 77]...
⚠️ AccTrie Delete: keyword='entertainment' not found in storage
🗑️ AccTrie Delete: keyword='entertainment', fid='ente_00000078' (removing entire key)
⚠️ AccTrie Delete: delete entire key failed: Key not found
🗑️ AccTrie Delete: post-delete root_hash=[e6, 76, ee, ec, 7e, 3b, 9c, 77]...
🔍 AccTrie Query: keyword='entertainment', found 1 fids
🔍 AccTrie Query: returning proof (468 bytes)
🗑️ AccTrie Delete: keyword='entertainment', fid='ente_00000079' (removing entire key)
🗑️ AccTrie Delete: post-delete root_hash=[e8, 1b, 98, e9, 78, ac, a0, 55]...
🔧 AccTrie Add: keyword='celebrity', fid='ente_00000079' (success)
🔧 AccTrie Add: proof size=473 bytes, root_hash=[e8, 1b, 98, e9, 78, ac, a0, 55]...
🗑️ AccTrie Delete: keyword='celebrity', fid='ente_00000079' (removing entire key)
🗑️ AccTrie Delete: post-delete root_hash=[e6, 76, ee, ec, 7e, 3b, 9c, 77]...
⚠️ AccTrie Delete: keyword='entertainment' not found in storage
🗑️ AccTrie Delete: keyword='entertainment', fid='ente_00000079' (removing entire key)
⚠️ AccTrie Delete: delete entire key failed: Key not found
🗑️ AccTrie Delete: post-delete root_hash=[e6, 76, ee, ec, 7e, 3b, 9c, 77]...
🔍 AccTrie Query: keyword='science', found 1 fids
🔍 AccTrie Query: returning proof (362 bytes)
🗑️ AccTrie Delete: keyword='science', fid='scie_00000080' (removing entire key)
🗑️ AccTrie Delete: post-delete root_hash=[e6, 76, ee, ec, 7e, 3b, 9c, 77]...
⚠️ AccTrie Delete: keyword='science' not found in storage
🗑️ AccTrie Delete: keyword='science', fid='scie_00000080' (removing entire key)
⚠️ AccTrie Delete: delete entire key failed: Key not found
🗑️ AccTrie Delete: post-delete root_hash=[e6, 76, ee, ec, 7e, 3b, 9c, 77]...
🗑️ AccTrie Delete: keyword='teacher', fid='educ_00000081' (removing entire key)
🗑️ AccTrie Delete: post-delete root_hash=[7e, b4, e6, c2, 06, f2, 5e, 6f]...
🗑️ AccTrie Delete: keyword='student', fid='educ_00000081' (removing entire key)
🗑️ AccTrie Delete: post-delete root_hash=[e6, 76, ee, ec, 7e, 3b, 9c, 77]...
🔧 AccTrie Add: keyword='nutrition', fid='heal_00000083' (success)
🔧 AccTrie Add: proof size=573 bytes, root_hash=[ff, 39, 34, d9, a4, 5b, 20, d5]...
🗑️ AccTrie Delete: keyword='nutrition', fid='heal_00000083' (removing entire key)
🗑️ AccTrie Delete: post-delete root_hash=[10, 8a, 43, f6, 51, 9d, b2, 94]...
🗑️ AccTrie Delete: keyword='diagnosis', fid='heal_00000083' (removing entire key)
🗑️ AccTrie Delete: post-delete root_hash=[e6, 76, ee, ec, 7e, 3b, 9c, 77]...
🗑️ AccTrie Delete: keyword='conservation', fid='envi_00000087' (removing entire key)
🗑️ AccTrie Delete: post-delete root_hash=[e6, 76, ee, ec, 7e, 3b, 9c, 77]...
🗑️ AccTrie Delete: keyword='medical', fid='heal_00000088' (removing entire key)
🗑️ AccTrie Delete: post-delete root_hash=[e6, 76, ee, ec, 7e, 3b, 9c, 77]...
🗑️ AccTrie Delete: keyword='enterprise', fid='busi_00000089' (removing entire key)
🗑️ AccTrie Delete: post-delete root_hash=[20, 37, d1, 5b, c5, 89, 42, c4]...
🗑️ AccTrie Delete: keyword='revenue', fid='busi_00000089' (removing entire key)
🗑️ AccTrie Delete: post-delete root_hash=[e6, 76, ee, ec, 7e, 3b, 9c, 77]...
🔧 AccTrie Add: keyword='learning', fid='educ_00000092' (success)
🔧 AccTrie Add: proof size=572 bytes, root_hash=[20, d0, d3, 77, 15, aa, 0c, 3e]...
🗑️ AccTrie Delete: keyword='learning', fid='educ_00000092' (removing entire key)
🗑️ AccTrie Delete: post-delete root_hash=[37, 86, 22, 74, fe, 9f, 04, 5c]...
🗑️ AccTrie Delete: keyword='study', fid='educ_00000092' (removing entire key)
🗑️ AccTrie Delete: post-delete root_hash=[e6, 76, ee, ec, 7e, 3b, 9c, 77]...
🔧 AccTrie Add: keyword='soccer', fid='spor_00000093' (success)
🔧 AccTrie Add: proof size=470 bytes, root_hash=[c5, 5a, 02, c9, 01, d5, 41, 1e]...
🗑️ AccTrie Delete: keyword='soccer', fid='spor_00000093' (removing entire key)
🗑️ AccTrie Delete: post-delete root_hash=[e6, 76, ee, ec, 7e, 3b, 9c, 77]...
🔧 AccTrie Add: keyword='teacher', fid='educ_00000095' (success)
🔧 AccTrie Add: proof size=571 bytes, root_hash=[25, a8, c5, 96, 93, 60, f6, 15]...
🗑️ AccTrie Delete: keyword='exam', fid='educ_00000095' (removing entire key)
🗑️ AccTrie Delete: post-delete root_hash=[80, 3c, 32, 97, 62, ef, 27, f6]...
🗑️ AccTrie Delete: keyword='teacher', fid='educ_00000095' (removing entire key)
🗑️ AccTrie Delete: post-delete root_hash=[e6, 76, ee, ec, 7e, 3b, 9c, 77]...
🗑️ AccTrie Delete: keyword='announcement', fid='news_00000097' (removing entire key)
🗑️ AccTrie Delete: post-delete root_hash=[e6, 76, ee, ec, 7e, 3b, 9c, 77]...
🔧 AccTrie Add: keyword='exam', fid='educ_00000099' (success)
🔧 AccTrie Add: proof size=568 bytes, root_hash=[85, 87, fd, 51, 59, be, fb, 0a]...
🗑️ AccTrie Delete: keyword='student', fid='educ_00000099' (removing entire key)
🗑️ AccTrie Delete: post-delete root_hash=[9f, 7f, dd, aa, aa, a1, bb, f6]...
🗑️ AccTrie Delete: keyword='exam', fid='educ_00000099' (removing entire key)
🗑️ AccTrie Delete: post-delete root_hash=[e6, 76, ee, ec, 7e, 3b, 9c, 77]...
🗑️ AccTrie Delete: keyword='teacher', fid='educ_00000102' (removing entire key)
🗑️ AccTrie Delete: post-delete root_hash=[e6, 76, ee, ec, 7e, 3b, 9c, 77]...
🗑️ AccTrie Delete: keyword='study', fid='educ_00000106' (removing entire key)
🗑️ AccTrie Delete: post-delete root_hash=[e6, 76, ee, ec, 7e, 3b, 9c, 77]...
🗑️ AccTrie Delete: keyword='database', fid='tech_00000108' (removing entire key)
🗑️ AccTrie Delete: post-delete root_hash=[e6, 76, ee, ec, 7e, 3b, 9c, 77]...
🗑️ AccTrie Delete: keyword='soccer', fid='spor_00000113' (removing entire key)
🗑️ AccTrie Delete: post-delete root_hash=[e6, 76, ee, ec, 7e, 3b, 9c, 77]...
🔍 AccTrie Query: keyword='science', found 1 fids
🔍 AccTrie Query: returning proof (362 bytes)
🗑️ AccTrie Delete: keyword='science', fid='scie_00000116' (removing entire key)
🗑️ AccTrie Delete: post-delete root_hash=[e6, 76, ee, ec, 7e, 3b, 9c, 77]...
⚠️ AccTrie Delete: keyword='science' not found in storage
🗑️ AccTrie Delete: keyword='science', fid='scie_00000116' (removing entire key)
⚠️ AccTrie Delete: delete entire key failed: Key not found
🗑️ AccTrie Delete: post-delete root_hash=[e6, 76, ee, ec, 7e, 3b, 9c, 77]...
🔧 AccTrie Add: keyword='announcement', fid='news_00000117' (success)
🔧 AccTrie Add: proof size=476 bytes, root_hash=[a4, b3, 07, f1, 4b, 67, aa, d8]...
🗑️ AccTrie Delete: keyword='announcement', fid='news_00000117' (removing entire key)
🗑️ AccTrie Delete: post-delete root_hash=[e6, 76, ee, ec, 7e, 3b, 9c, 77]...
🔧 AccTrie Add: keyword='student', fid='educ_00000119' (success)
🔧 AccTrie Add: proof size=471 bytes, root_hash=[0e, 8f, 62, 25, 1c, f7, 92, e4]...
🗑️ AccTrie Delete: keyword='student', fid='educ_00000119' (removing entire key)
🗑️ AccTrie Delete: post-delete root_hash=[e6, 76, ee, ec, 7e, 3b, 9c, 77]...
🔧 AccTrie Add: keyword='investment', fid='busi_00000120' (success)
🔧 AccTrie Add: proof size=474 bytes, root_hash=[54, 18, 9c, 59, 7a, c2, 2b, 47]...
🗑️ AccTrie Delete: keyword='investment', fid='busi_00000120' (removing entire key)
🗑️ AccTrie Delete: post-delete root_hash=[e6, 76, ee, ec, 7e, 3b, 9c, 77]...
🔍 AccTrie Query: keyword='entertainment', found 1 fids
🔍 AccTrie Query: returning proof (668 bytes)
🗑️ AccTrie Delete: keyword='entertainment', fid='ente_00000121' (removing entire key)
🗑️ AccTrie Delete: post-delete root_hash=[c6, a9, 0b, 6c, 0b, 35, eb, 84]...
🔧 AccTrie Add: keyword='celebrity', fid='ente_00000121' (success)
🔧 AccTrie Add: proof size=673 bytes, root_hash=[c6, a9, 0b, 6c, 0b, 35, eb, 84]...
🗑️ AccTrie Delete: keyword='album', fid='ente_00000121' (removing entire key)
🗑️ AccTrie Delete: post-delete root_hash=[a5, 5c, 73, 5d, 64, e9, 3c, 5f]...
🗑️ AccTrie Delete: keyword='drama', fid='ente_00000121' (removing entire key)
🗑️ AccTrie Delete: post-delete root_hash=[a0, cb, 0b, 62, 8a, 20, 5d, a2]...
🗑️ AccTrie Delete: keyword='celebrity', fid='ente_00000121' (removing entire key)
🗑️ AccTrie Delete: post-delete root_hash=[e6, 76, ee, ec, 7e, 3b, 9c, 77]...
⚠️ AccTrie Delete: keyword='entertainment' not found in storage
🗑️ AccTrie Delete: keyword='entertainment', fid='ente_00000121' (removing entire key)
⚠️ AccTrie Delete: delete entire key failed: Key not found
🗑️ AccTrie Delete: post-delete root_hash=[e6, 76, ee, ec, 7e, 3b, 9c, 77]...
🔧 AccTrie Add: keyword='hardware', fid='tech_00000122' (success)
🔧 AccTrie Add: proof size=472 bytes, root_hash=[a7, d2, 13, 93, d6, 6d, 23, af]...
🗑️ AccTrie Delete: keyword='hardware', fid='tech_00000122' (removing entire key)
🗑️ AccTrie Delete: post-delete root_hash=[e6, 76, ee, ec, 7e, 3b, 9c, 77]...
🔍 AccTrie Query: keyword='science', found 1 fids
🔍 AccTrie Query: returning proof (362 bytes)
🗑️ AccTrie Delete: keyword='science', fid='scie_00000124' (removing entire key)
🗑️ AccTrie Delete: post-delete root_hash=[e6, 76, ee, ec, 7e, 3b, 9c, 77]...
⚠️ AccTrie Delete: keyword='science' not found in storage
🗑️ AccTrie Delete: keyword='science', fid='scie_00000124' (removing entire key)
⚠️ AccTrie Delete: delete entire key failed: Key not found
🗑️ AccTrie Delete: post-delete root_hash=[e6, 76, ee, ec, 7e, 3b, 9c, 77]...
🔧 AccTrie Add: keyword='database', fid='tech_00000127' (success)
🔧 AccTrie Add: proof size=472 bytes, root_hash=[d4, 69, f2, 2b, 93, af, 36, 34]...
🗑️ AccTrie Delete: keyword='database', fid='tech_00000127' (removing entire key)
🗑️ AccTrie Delete: post-delete root_hash=[e6, 76, ee, ec, 7e, 3b, 9c, 77]...
🔧 AccTrie Add: keyword='diagnosis', fid='heal_00000132' (success)
🔧 AccTrie Add: proof size=473 bytes, root_hash=[d9, 62, 1e, da, 73, 0e, 78, d0]...
🗑️ AccTrie Delete: keyword='diagnosis', fid='heal_00000132' (removing entire key)
🗑️ AccTrie Delete: post-delete root_hash=[e6, 76, ee, ec, 7e, 3b, 9c, 77]...
🔧 AccTrie Add: keyword='enterprise', fid='busi_00000133' (success)
🔧 AccTrie Add: proof size=574 bytes, root_hash=[7d, 70, 6d, c0, d1, 95, 3e, 05]...
🗑️ AccTrie Delete: keyword='enterprise', fid='busi_00000133' (removing entire key)
🗑️ AccTrie Delete: post-delete root_hash=[69, d3, 1d, db, b5, 2f, 78, 9a]...
🗑️ AccTrie Delete: keyword='investment', fid='busi_00000133' (removing entire key)
🗑️ AccTrie Delete: post-delete root_hash=[e6, 76, ee, ec, 7e, 3b, 9c, 77]...
🔧 AccTrie Add: keyword='assignment', fid='educ_00000135' (success)
🔧 AccTrie Add: proof size=474 bytes, root_hash=[74, 5d, 07, fb, 71, 85, f6, 31]...
🗑️ AccTrie Delete: keyword='assignment', fid='educ_00000135' (removing entire key)
🗑️ AccTrie Delete: post-delete root_hash=[e6, 76, ee, ec, 7e, 3b, 9c, 77]...
🔧 AccTrie Add: keyword='database', fid='tech_00000136' (success)
🔧 AccTrie Add: proof size=672 bytes, root_hash=[16, 8d, 75, 00, be, 3d, 45, 04]...
🗑️ AccTrie Delete: keyword='server', fid='tech_00000136' (removing entire key)
🗑️ AccTrie Delete: post-delete root_hash=[fa, 34, a0, 08, f4, 52, ed, 8d]...
🗑️ AccTrie Delete: keyword='hardware', fid='tech_00000136' (removing entire key)
🗑️ AccTrie Delete: post-delete root_hash=[f5, 72, 6c, 67, c2, 3d, 82, 87]...
🗑️ AccTrie Delete: keyword='database', fid='tech_00000136' (removing entire key)
🗑️ AccTrie Delete: post-delete root_hash=[e6, 76, ee, ec, 7e, 3b, 9c, 77]...
🔍 AccTrie Query: keyword='entertainment', found 1 fids
🔍 AccTrie Query: returning proof (568 bytes)
🗑️ AccTrie Delete: keyword='entertainment', fid='ente_00000139' (removing entire key)
🗑️ AccTrie Delete: post-delete root_hash=[e3, d9, a6, 9f, ff, 32, a9, 0c]...
🔧 AccTrie Add: keyword='album', fid='ente_00000139' (success)
🔧 AccTrie Add: proof size=569 bytes, root_hash=[e3, d9, a6, 9f, ff, 32, a9, 0c]...
🗑️ AccTrie Delete: keyword='celebrity', fid='ente_00000139' (removing entire key)
🗑️ AccTrie Delete: post-delete root_hash=[85, 95, 85, 9b, 22, a8, 40, 5e]...
🗑️ AccTrie Delete: keyword='album', fid='ente_00000139' (removing entire key)
🗑️ AccTrie Delete: post-delete root_hash=[e6, 76, ee, ec, 7e, 3b, 9c, 77]...
⚠️ AccTrie Delete: keyword='entertainment' not found in storage
🗑️ AccTrie Delete: keyword='entertainment', fid='ente_00000139' (removing entire key)
⚠️ AccTrie Delete: delete entire key failed: Key not found
🗑️ AccTrie Delete: post-delete root_hash=[e6, 76, ee, ec, 7e, 3b, 9c, 77]...
🔍 AccTrie Query: keyword='science', found 1 fids
🔍 AccTrie Query: returning proof (362 bytes)
🗑️ AccTrie Delete: keyword='science', fid='scie_00000142' (removing entire key)
🗑️ AccTrie Delete: post-delete root_hash=[e6, 76, ee, ec, 7e, 3b, 9c, 77]...
⚠️ AccTrie Delete: keyword='science' not found in storage
🗑️ AccTrie Delete: keyword='science', fid='scie_00000142' (removing entire key)
⚠️ AccTrie Delete: delete entire key failed: Key not found
🗑️ AccTrie Delete: post-delete root_hash=[e6, 76, ee, ec, 7e, 3b, 9c, 77]...
🗑️ AccTrie Delete: keyword='student', fid='educ_00000144' (removing entire key)
🗑️ AccTrie Delete: post-delete root_hash=[e6, 76, ee, ec, 7e, 3b, 9c, 77]...
❌ AccTrie Batch Add: item ('data','scie_00000146') failed: Cannot create leaf with empty suffix
🔍 AccTrie Query: keyword='science', found 1 fids
🔍 AccTrie Query: returning proof (21 bytes)
🗑️ AccTrie Delete: keyword='science', fid='scie_00000146' (removing entire key)
⚠️ AccTrie Delete: delete entire key failed: Key not found
🗑️ AccTrie Delete: post-delete root_hash=[e6, 76, ee, ec, 7e, 3b, 9c, 77]...
🗑️ AccTrie Delete: keyword='data', fid='scie_00000146' (removing entire key)
⚠️ AccTrie Delete: delete entire key failed: Key not found
🗑️ AccTrie Delete: post-delete root_hash=[e6, 76, ee, ec, 7e, 3b, 9c, 77]...
⚠️ AccTrie Delete: keyword='science' not found in storage
🗑️ AccTrie Delete: keyword='science', fid='scie_00000146' (removing entire key)
⚠️ AccTrie Delete: delete entire key failed: Key not found
🗑️ AccTrie Delete: post-delete root_hash=[e6, 76, ee, ec, 7e, 3b, 9c, 77]...
🗑️ AccTrie Delete: keyword='assignment', fid='educ_00000147' (removing entire key)
🗑️ AccTrie Delete: post-delete root_hash=[e6, 76, ee, ec, 7e, 3b, 9c, 77]...
🗑️ AccTrie Delete: keyword='basketball', fid='spor_00000149' (removing entire key)
🗑️ AccTrie Delete: post-delete root_hash=[e6, 76, ee, ec, 7e, 3b, 9c, 77]...
🔍 AccTrie Query: keyword='science', found 1 fids
🔍 AccTrie Query: returning proof (362 bytes)
🗑️ AccTrie Delete: keyword='science', fid='scie_00000152' (removing entire key)
🗑️ AccTrie Delete: post-delete root_hash=[e6, 76, ee, ec, 7e, 3b, 9c, 77]...
⚠️ AccTrie Delete: keyword='science' not found in storage
🗑️ AccTrie Delete: keyword='science', fid='scie_00000152' (removing entire key)
⚠️ AccTrie Delete: delete entire key failed: Key not found
🗑️ AccTrie Delete: post-delete root_hash=[e6, 76, ee, ec, 7e, 3b, 9c, 77]...
🔧 AccTrie Add: keyword='teacher', fid='educ_00000153' (success)
🔧 AccTrie Add: proof size=571 bytes, root_hash=[9f, 56, 69, 2d, 59, 39, 86, c0]...
🗑️ AccTrie Delete: keyword='assignment', fid='educ_00000153' (removing entire key)
🗑️ AccTrie Delete: post-delete root_hash=[16, 51, eb, a0, f7, b3, 4b, 85]...
🗑️ AccTrie Delete: keyword='teacher', fid='educ_00000153' (removing entire key)
🗑️ AccTrie Delete: post-delete root_hash=[e6, 76, ee, ec, 7e, 3b, 9c, 77]...
🗑️ AccTrie Delete: keyword='ml', fid='tech_00000155' (removing entire key)
🗑️ AccTrie Delete: post-delete root_hash=[e6, 76, ee, ec, 7e, 3b, 9c, 77]...
🗑️ AccTrie Delete: keyword='international', fid='news_00000157' (removing entire key)
🗑️ AccTrie Delete: post-delete root_hash=[e6, 76, ee, ec, 7e, 3b, 9c, 77]...
🔧 AccTrie Add: keyword='exam', fid='educ_00000158' (success)
🔧 AccTrie Add: proof size=468 bytes, root_hash=[54, 73, 88, 2f, 08, 72, d1, ad]...
🗑️ AccTrie Delete: keyword='exam', fid='educ_00000158' (removing entire key)
🗑️ AccTrie Delete: post-delete root_hash=[e6, 76, ee, ec, 7e, 3b, 9c, 77]...
🔧 AccTrie Add: keyword='revenue', fid='busi_00000159' (success)
🔧 AccTrie Add: proof size=471 bytes, root_hash=[f6, 83, f6, ef, 4e, d5, 77, fd]...
🗑️ AccTrie Delete: keyword='revenue', fid='busi_00000159' (removing entire key)
🗑️ AccTrie Delete: post-delete root_hash=[e6, 76, ee, ec, 7e, 3b, 9c, 77]...
🔍 AccTrie Query: keyword='science', found 1 fids
🔍 AccTrie Query: returning proof (362 bytes)
🗑️ AccTrie Delete: keyword='science', fid='scie_00000163' (removing entire key)
🗑️ AccTrie Delete: post-delete root_hash=[e6, 76, ee, ec, 7e, 3b, 9c, 77]...
⚠️ AccTrie Delete: keyword='science' not found in storage
🗑️ AccTrie Delete: keyword='science', fid='scie_00000163' (removing entire key)
⚠️ AccTrie Delete: delete entire key failed: Key not found
🗑️ AccTrie Delete: post-delete root_hash=[e6, 76, ee, ec, 7e, 3b, 9c, 77]...
🔍 AccTrie Query: keyword='entertainment', found 1 fids
🔍 AccTrie Query: returning proof (368 bytes)
🗑️ AccTrie Delete: keyword='entertainment', fid='ente_00000164' (removing entire key)
🗑️ AccTrie Delete: post-delete root_hash=[e6, 76, ee, ec, 7e, 3b, 9c, 77]...
⚠️ AccTrie Delete: keyword='entertainment' not found in storage
🗑️ AccTrie Delete: keyword='entertainment', fid='ente_00000164' (removing entire key)
⚠️ AccTrie Delete: delete entire key failed: Key not found
🗑️ AccTrie Delete: post-delete root_hash=[e6, 76, ee, ec, 7e, 3b, 9c, 77]...
🔍 AccTrie Query: keyword='entertainment', found 1 fids
🔍 AccTrie Query: returning proof (468 bytes)
🗑️ AccTrie Delete: keyword='entertainment', fid='ente_00000170' (removing entire key)
🗑️ AccTrie Delete: post-delete root_hash=[70, 43, 62, fb, 27, 57, bc, 2a]...
🔧 AccTrie Add: keyword='celebrity', fid='ente_00000170' (success)
🔧 AccTrie Add: proof size=473 bytes, root_hash=[70, 43, 62, fb, 27, 57, bc, 2a]...
🗑️ AccTrie Delete: keyword='celebrity', fid='ente_00000170' (removing entire key)
🗑️ AccTrie Delete: post-delete root_hash=[e6, 76, ee, ec, 7e, 3b, 9c, 77]...
⚠️ AccTrie Delete: keyword='entertainment' not found in storage
🗑️ AccTrie Delete: keyword='entertainment', fid='ente_00000170' (removing entire key)
⚠️ AccTrie Delete: delete entire key failed: Key not found
🗑️ AccTrie Delete: post-delete root_hash=[e6, 76, ee, ec, 7e, 3b, 9c, 77]...
🗑️ AccTrie Delete: keyword='diagnosis', fid='heal_00000171' (removing entire key)
🗑️ AccTrie Delete: post-delete root_hash=[e6, 76, ee, ec, 7e, 3b, 9c, 77]...
🗑️ AccTrie Delete: keyword='diagnosis', fid='heal_00000172' (removing entire key)
🗑️ AccTrie Delete: post-delete root_hash=[d1, ad, b8, 00, a6, 20, b8, 0c]...
🗑️ AccTrie Delete: keyword='nutrition', fid='heal_00000172' (removing entire key)
🗑️ AccTrie Delete: post-delete root_hash=[e6, 76, ee, ec, 7e, 3b, 9c, 77]...
🔧 AccTrie Add: keyword='investment', fid='busi_00000173' (success)
🔧 AccTrie Add: proof size=474 bytes, root_hash=[83, 25, 88, 3b, 9d, 3c, 76, 62]...
🗑️ AccTrie Delete: keyword='investment', fid='busi_00000173' (removing entire key)
🗑️ AccTrie Delete: post-delete root_hash=[e6, 76, ee, ec, 7e, 3b, 9c, 77]...
🔧 AccTrie Add: keyword='ml', fid='tech_00000174' (success)
🔧 AccTrie Add: proof size=466 bytes, root_hash=[ca, 83, 73, cc, 73, 33, 04, e0]...
🗑️ AccTrie Delete: keyword='ml', fid='tech_00000174' (removing entire key)
🗑️ AccTrie Delete: post-delete root_hash=[e6, 76, ee, ec, 7e, 3b, 9c, 77]...
🔍 AccTrie Query: keyword='entertainment', found 1 fids
🔍 AccTrie Query: returning proof (468 bytes)
🗑️ AccTrie Delete: keyword='entertainment', fid='ente_00000175' (removing entire key)
🗑️ AccTrie Delete: post-delete root_hash=[4d, ba, aa, 66, 67, f9, 27, 2a]...
🔧 AccTrie Add: keyword='music', fid='ente_00000175' (success)
🔧 AccTrie Add: proof size=469 bytes, root_hash=[4d, ba, aa, 66, 67, f9, 27, 2a]...
🗑️ AccTrie Delete: keyword='music', fid='ente_00000175' (removing entire key)
🗑️ AccTrie Delete: post-delete root_hash=[e6, 76, ee, ec, 7e, 3b, 9c, 77]...
⚠️ AccTrie Delete: keyword='entertainment' not found in storage
🗑️ AccTrie Delete: keyword='entertainment', fid='ente_00000175' (removing entire key)
⚠️ AccTrie Delete: delete entire key failed: Key not found
🗑️ AccTrie Delete: post-delete root_hash=[e6, 76, ee, ec, 7e, 3b, 9c, 77]...
🗑️ AccTrie Delete: keyword='international', fid='news_00000181' (removing entire key)
🗑️ AccTrie Delete: post-delete root_hash=[e6, 76, ee, ec, 7e, 3b, 9c, 77]...
🔍 AccTrie Query: keyword='entertainment', found 1 fids
🔍 AccTrie Query: returning proof (468 bytes)
🗑️ AccTrie Delete: keyword='entertainment', fid='ente_00000182' (removing entire key)
🗑️ AccTrie Delete: post-delete root_hash=[e9, 1a, 2f, f7, 19, 77, d8, 48]...
🔧 AccTrie Add: keyword='drama', fid='ente_00000182' (success)
🔧 AccTrie Add: proof size=469 bytes, root_hash=[e9, 1a, 2f, f7, 19, 77, d8, 48]...
🗑️ AccTrie Delete: keyword='drama', fid='ente_00000182' (removing entire key)
🗑️ AccTrie Delete: post-delete root_hash=[e6, 76, ee, ec, 7e, 3b, 9c, 77]...
⚠️ AccTrie Delete: keyword='entertainment' not found in storage
🗑️ AccTrie Delete: keyword='entertainment', fid='ente_00000182' (removing entire key)
⚠️ AccTrie Delete: delete entire key failed: Key not found
🗑️ AccTrie Delete: post-delete root_hash=[e6, 76, ee, ec, 7e, 3b, 9c, 77]...
🔧 AccTrie Add: keyword='soccer', fid='spor_00000183' (success)
🔧 AccTrie Add: proof size=670 bytes, root_hash=[90, 69, f9, 8b, 5f, 1d, 0c, e0]...
🗑️ AccTrie Delete: keyword='soccer', fid='spor_00000183' (removing entire key)
🗑️ AccTrie Delete: post-delete root_hash=[b5, 5d, 60, a2, 87, 95, 80, d6]...
🗑️ AccTrie Delete: keyword='team', fid='spor_00000183' (removing entire key)
🗑️ AccTrie Delete: post-delete root_hash=[da, d7, 47, 5c, b0, be, fd, 84]...
🗑️ AccTrie Delete: keyword='basketball', fid='spor_00000183' (removing entire key)
🗑️ AccTrie Delete: post-delete root_hash=[e6, 76, ee, ec, 7e, 3b, 9c, 77]...
🔍 AccTrie Query: keyword='entertainment', found 1 fids
🔍 AccTrie Query: returning proof (468 bytes)
🗑️ AccTrie Delete: keyword='entertainment', fid='ente_00000186' (removing entire key)
🗑️ AccTrie Delete: post-delete root_hash=[98, 0d, 54, 6f, 32, 48, ee, a1]...
🔧 AccTrie Add: keyword='video', fid='ente_00000186' (success)
🔧 AccTrie Add: proof size=469 bytes, root_hash=[98, 0d, 54, 6f, 32, 48, ee, a1]...
🗑️ AccTrie Delete: keyword='video', fid='ente_00000186' (removing entire key)
🗑️ AccTrie Delete: post-delete root_hash=[e6, 76, ee, ec, 7e, 3b, 9c, 77]...
⚠️ AccTrie Delete: keyword='entertainment' not found in storage
🗑️ AccTrie Delete: keyword='entertainment', fid='ente_00000186' (removing entire key)
⚠️ AccTrie Delete: delete entire key failed: Key not found
🗑️ AccTrie Delete: post-delete root_hash=[e6, 76, ee, ec, 7e, 3b, 9c, 77]...
🔧 AccTrie Add: keyword='learning', fid='educ_00000188' (success)
🔧 AccTrie Add: proof size=572 bytes, root_hash=[9f, a2, c1, 0c, d2, 4c, a0, df]...
🗑️ AccTrie Delete: keyword='learning', fid='educ_00000188' (removing entire key)
🗑️ AccTrie Delete: post-delete root_hash=[a9, 57, f6, e2, 30, 1c, 90, 21]...
🗑️ AccTrie Delete: keyword='assignment', fid='educ_00000188' (removing entire key)
🗑️ AccTrie Delete: post-delete root_hash=[e6, 76, ee, ec, 7e, 3b, 9c, 77]...
🗑️ AccTrie Delete: keyword='team', fid='spor_00000191' (removing entire key)
🗑️ AccTrie Delete: post-delete root_hash=[e6, 76, ee, ec, 7e, 3b, 9c, 77]...
🔍 AccTrie Query: keyword='entertainment', found 1 fids
🔍 AccTrie Query: returning proof (468 bytes)
🗑️ AccTrie Delete: keyword='entertainment', fid='ente_00000192' (removing entire key)
🗑️ AccTrie Delete: post-delete root_hash=[f2, d4, 6a, a6, 67, e2, 82, 9b]...
🔧 AccTrie Add: keyword='streaming', fid='ente_00000192' (success)
🔧 AccTrie Add: proof size=473 bytes, root_hash=[f2, d4, 6a, a6, 67, e2, 82, 9b]...
🗑️ AccTrie Delete: keyword='streaming', fid='ente_00000192' (removing entire key)
🗑️ AccTrie Delete: post-delete root_hash=[e6, 76, ee, ec, 7e, 3b, 9c, 77]...
⚠️ AccTrie Delete: keyword='entertainment' not found in storage
🗑️ AccTrie Delete: keyword='entertainment', fid='ente_00000192' (removing entire key)
⚠️ AccTrie Delete: delete entire key failed: Key not found
🗑️ AccTrie Delete: post-delete root_hash=[e6, 76, ee, ec, 7e, 3b, 9c, 77]...
🗑️ AccTrie Delete: keyword='medical', fid='heal_00000193' (removing entire key)
🗑️ AccTrie Delete: post-delete root_hash=[e6, 76, ee, ec, 7e, 3b, 9c, 77]...
🗑️ AccTrie Delete: keyword='conservation', fid='envi_00000194' (removing entire key)
🗑️ AccTrie Delete: post-delete root_hash=[e6, 76, ee, ec, 7e, 3b, 9c, 77]...
🔧 AccTrie Add: keyword='medical', fid='heal_00000195' (success)
🔧 AccTrie Add: proof size=571 bytes, root_hash=[3c, ea, 11, 91, d8, c4, b1, 14]...
🗑️ AccTrie Delete: keyword='nutrition', fid='heal_00000195' (removing entire key)
🗑️ AccTrie Delete: post-delete root_hash=[25, 87, 1e, 8c, d6, 71, 68, 87]...
🗑️ AccTrie Delete: keyword='medical', fid='heal_00000195' (removing entire key)
🗑️ AccTrie Delete: post-delete root_hash=[e6, 76, ee, ec, 7e, 3b, 9c, 77]...
🔧 AccTrie Add: keyword='server', fid='tech_00000197' (success)
🔧 AccTrie Add: proof size=470 bytes, root_hash=[82, 74, 1d, 9e, 5a, 9e, c3, 2c]...
🗑️ AccTrie Delete: keyword='server', fid='tech_00000197' (removing entire key)
🗑️ AccTrie Delete: post-delete root_hash=[e6, 76, ee, ec, 7e, 3b, 9c, 77]...
🔍 AccTrie Query: keyword='entertainment', found 1 fids
🔍 AccTrie Query: returning proof (368 bytes)
🗑️ AccTrie Delete: keyword='entertainment', fid='ente_00000199' (removing entire key)
🗑️ AccTrie Delete: post-delete root_hash=[e6, 76, ee, ec, 7e, 3b, 9c, 77]...
⚠️ AccTrie Delete: keyword='entertainment' not found in storage
🗑️ AccTrie Delete: keyword='entertainment', fid='ente_00000199' (removing entire key)
⚠️ AccTrie Delete: delete entire key failed: Key not found
🗑️ AccTrie Delete: post-delete root_hash=[e6, 76, ee, ec, 7e, 3b, 9c, 77]...
🔍 AccTrie Query: keyword='science', found 1 fids
🔍 AccTrie Query: returning proof (362 bytes)
🗑️ AccTrie Delete: keyword='science', fid='scie_00000201' (removing entire key)
🗑️ AccTrie Delete: post-delete root_hash=[e6, 76, ee, ec, 7e, 3b, 9c, 77]...
⚠️ AccTrie Delete: keyword='science' not found in storage
🗑️ AccTrie Delete: keyword='science', fid='scie_00000201' (removing entire key)
⚠️ AccTrie Delete: delete entire key failed: Key not found
🗑️ AccTrie Delete: post-delete root_hash=[e6, 76, ee, ec, 7e, 3b, 9c, 77]...
🔍 AccTrie Query: keyword='science', found 1 fids
🔍 AccTrie Query: returning proof (362 bytes)
🗑️ AccTrie Delete: keyword='science', fid='scie_00000202' (removing entire key)
🗑️ AccTrie Delete: post-delete root_hash=[e6, 76, ee, ec, 7e, 3b, 9c, 77]...
⚠️ AccTrie Delete: keyword='science' not found in storage
🗑️ AccTrie Delete: keyword='science', fid='scie_00000202' (removing entire key)
⚠️ AccTrie Delete: delete entire key failed: Key not found
🗑️ AccTrie Delete: post-delete root_hash=[e6, 76, ee, ec, 7e, 3b, 9c, 77]...
🗑️ AccTrie Delete: keyword='hardware', fid='tech_00000203' (removing entire key)
🗑️ AccTrie Delete: post-delete root_hash=[39, f9, 7c, 8d, 21, 0b, e6, 81]...
🗑️ AccTrie Delete: keyword='ml', fid='tech_00000203' (removing entire key)
🗑️ AccTrie Delete: post-delete root_hash=[e6, 76, ee, ec, 7e, 3b, 9c, 77]...
🔧 AccTrie Add: keyword='nutrition', fid='heal_00000204' (success)
🔧 AccTrie Add: proof size=573 bytes, root_hash=[93, 78, a3, a8, b8, 84, 13, 00]...
🗑️ AccTrie Delete: keyword='medical', fid='heal_00000204' (removing entire key)
🗑️ AccTrie Delete: post-delete root_hash=[ad, b5, 5c, 18, d8, 80, 46, 8c]...
🗑️ AccTrie Delete: keyword='nutrition', fid='heal_00000204' (removing entire key)
🗑️ AccTrie Delete: post-delete root_hash=[e6, 76, ee, ec, 7e, 3b, 9c, 77]...
🔧 AccTrie Add: keyword='tennis', fid='spor_00000206' (success)
🔧 AccTrie Add: proof size=570 bytes, root_hash=[96, ed, 97, 87, 96, 45, b4, e8]...
🗑️ AccTrie Delete: keyword='team', fid='spor_00000206' (removing entire key)
🗑️ AccTrie Delete: post-delete root_hash=[39, ad, 63, 7d, 22, c4, 1a, a2]...
🗑️ AccTrie Delete: keyword='tennis', fid='spor_00000206' (removing entire key)
🗑️ AccTrie Delete: post-delete root_hash=[e6, 76, ee, ec, 7e, 3b, 9c, 77]...
🗑️ AccTrie Delete: keyword='announcement', fid='news_00000207' (removing entire key)
🗑️ AccTrie Delete: post-delete root_hash=[e6, 76, ee, ec, 7e, 3b, 9c, 77]...
🗑️ AccTrie Delete: keyword='ml', fid='tech_00000210' (removing entire key)
🗑️ AccTrie Delete: post-delete root_hash=[e6, 76, ee, ec, 7e, 3b, 9c, 77]...
🗑️ AccTrie Delete: keyword='database', fid='tech_00000212' (removing entire key)
🗑️ AccTrie Delete: post-delete root_hash=[e6, 76, ee, ec, 7e, 3b, 9c, 77]...
🔧 AccTrie Add: keyword='conservation', fid='envi_00000213' (success)
🔧 AccTrie Add: proof size=476 bytes, root_hash=[e9, 9d, f3, a3, 27, 30, 65, 41]...
🗑️ AccTrie Delete: keyword='conservation', fid='envi_00000213' (removing entire key)
🗑️ AccTrie Delete: post-delete root_hash=[e6, 76, ee, ec, 7e, 3b, 9c, 77]...
🔧 AccTrie Add: keyword='soccer', fid='spor_00000214' (success)
🔧 AccTrie Add: proof size=670 bytes, root_hash=[11, 97, b3, 3f, ff, b3, 96, 50]...
🗑️ AccTrie Delete: keyword='soccer', fid='spor_00000214' (removing entire key)
🗑️ AccTrie Delete: post-delete root_hash=[94, 4c, 19, 26, 05, af, c7, 4c]...
🗑️ AccTrie Delete: keyword='tennis', fid='spor_00000214' (removing entire key)
🗑️ AccTrie Delete: post-delete root_hash=[1e, 20, ea, 5f, e9, 78, d4, c1]...
🗑️ AccTrie Delete: keyword='basketball', fid='spor_00000214' (removing entire key)
🗑️ AccTrie Delete: post-delete root_hash=[e6, 76, ee, ec, 7e, 3b, 9c, 77]...
🔧 AccTrie Add: keyword='server', fid='tech_00000215' (success)
🔧 AccTrie Add: proof size=470 bytes, root_hash=[72, 6a, b0, 11, 20, 3b, 3e, b3]...
🗑️ AccTrie Delete: keyword='server', fid='tech_00000215' (removing entire key)
🗑️ AccTrie Delete: post-delete root_hash=[e6, 76, ee, ec, 7e, 3b, 9c, 77]...
🔧 AccTrie Add: keyword='exam', fid='educ_00000217' (success)
🔧 AccTrie Add: proof size=468 bytes, root_hash=[a7, 7f, 82, 72, 16, af, 6d, b0]...
🗑️ AccTrie Delete: keyword='exam', fid='educ_00000217' (removing entire key)
🗑️ AccTrie Delete: post-delete root_hash=[e6, 76, ee, ec, 7e, 3b, 9c, 77]...
🔧 AccTrie Add: keyword='enterprise', fid='busi_00000218' (success)
🔧 AccTrie Add: proof size=574 bytes, root_hash=[18, 7e, 15, 2d, 70, 5a, 8f, b8]...
🗑️ AccTrie Delete: keyword='enterprise', fid='busi_00000218' (removing entire key)
🗑️ AccTrie Delete: post-delete root_hash=[87, b6, eb, c7, cc, 12, 98, 6a]...
🗑️ AccTrie Delete: keyword='revenue', fid='busi_00000218' (removing entire key)
🗑️ AccTrie Delete: post-delete root_hash=[e6, 76, ee, ec, 7e, 3b, 9c, 77]...
🗑️ AccTrie Delete: keyword='server', fid='tech_00000221' (removing entire key)
🗑️ AccTrie Delete: post-delete root_hash=[e6, 76, ee, ec, 7e, 3b, 9c, 77]...
🗑️ AccTrie Delete: keyword='nutrition', fid='heal_00000222' (removing entire key)
🗑️ AccTrie Delete: post-delete root_hash=[e6, 76, ee, ec, 7e, 3b, 9c, 77]...
🔧 AccTrie Add: keyword='nutrition', fid='heal_00000223' (success)
🔧 AccTrie Add: proof size=573 bytes, root_hash=[2e, 9c, 16, 02, dd, 69, 1b, db]...
🗑️ AccTrie Delete: keyword='diagnosis', fid='heal_00000223' (removing entire key)
🗑️ AccTrie Delete: post-delete root_hash=[d5, 6c, f8, 85, aa, 29, 60, 9a]...
🗑️ AccTrie Delete: keyword='nutrition', fid='heal_00000223' (removing entire key)
🗑️ AccTrie Delete: post-delete root_hash=[e6, 76, ee, ec, 7e, 3b, 9c, 77]...
🔧 AccTrie Add: keyword='investment', fid='busi_00000224' (success)
🔧 AccTrie Add: proof size=574 bytes, root_hash=[de, df, 0e, fd, e9, f3, 98, 26]...
🗑️ AccTrie Delete: keyword='investment', fid='busi_00000224' (removing entire key)
🗑️ AccTrie Delete: post-delete root_hash=[d1, f7, 5a, af, 50, d4, 71, db]...
🗑️ AccTrie Delete: keyword='enterprise', fid='busi_00000224' (removing entire key)
🗑️ AccTrie Delete: post-delete root_hash=[e6, 76, ee, ec, 7e, 3b, 9c, 77]...
🔧 AccTrie Add: keyword='ml', fid='tech_00000227' (success)
🔧 AccTrie Add: proof size=566 bytes, root_hash=[f6, 6f, 51, 17, 14, 63, 2c, 1f]...
🗑️ AccTrie Delete: keyword='hardware', fid='tech_00000227' (removing entire key)
🗑️ AccTrie Delete: post-delete root_hash=[d1, 20, 92, 6b, a4, a6, 08, f6]...
🗑️ AccTrie Delete: keyword='ml', fid='tech_00000227' (removing entire key)
🗑️ AccTrie Delete: post-delete root_hash=[e6, 76, ee, ec, 7e, 3b, 9c, 77]...
🔍 AccTrie Query: keyword='science', found 1 fids
🔍 AccTrie Query: returning proof (362 bytes)
🗑️ AccTrie Delete: keyword='science', fid='scie_00000229' (removing entire key)
🗑️ AccTrie Delete: post-delete root_hash=[e6, 76, ee, ec, 7e, 3b, 9c, 77]...
⚠️ AccTrie Delete: keyword='science' not found in storage
🗑️ AccTrie Delete: keyword='science', fid='scie_00000229' (removing entire key)
⚠️ AccTrie Delete: delete entire key failed: Key not found
🗑️ AccTrie Delete: post-delete root_hash=[e6, 76, ee, ec, 7e, 3b, 9c, 77]...
🗑️ AccTrie Delete: keyword='ml', fid='tech_00000230' (removing entire key)
🗑️ AccTrie Delete: post-delete root_hash=[e6, 76, ee, ec, 7e, 3b, 9c, 77]...
🔧 AccTrie Add: keyword='server', fid='tech_00000231' (success)
🔧 AccTrie Add: proof size=770 bytes, root_hash=[27, 43, 6a, e5, ea, 54, e0, 54]...
🗑️ AccTrie Delete: keyword='server', fid='tech_00000231' (removing entire key)
🗑️ AccTrie Delete: post-delete root_hash=[f4, a1, 6a, b3, 78, e3, 19, ba]...
🗑️ AccTrie Delete: keyword='ml', fid='tech_00000231' (removing entire key)
🗑️ AccTrie Delete: post-delete root_hash=[bb, 83, bc, a5, c5, b6, a9, 7d]...
🗑️ AccTrie Delete: keyword='database', fid='tech_00000231' (removing entire key)
🗑️ AccTrie Delete: post-delete root_hash=[d0, 72, 60, 50, 8b, 54, d0, 49]...
🗑️ AccTrie Delete: keyword='hardware', fid='tech_00000231' (removing entire key)
🗑️ AccTrie Delete: post-delete root_hash=[e6, 76, ee, ec, 7e, 3b, 9c, 77]...
🔍 AccTrie Query: keyword='entertainment', found 1 fids
🔍 AccTrie Query: returning proof (568 bytes)
🗑️ AccTrie Delete: keyword='entertainment', fid='ente_00000233' (removing entire key)
🗑️ AccTrie Delete: post-delete root_hash=[9b, 4a, 9a, 8f, b6, 53, 98, 38]...
🔧 AccTrie Add: keyword='concert', fid='ente_00000233' (success)
🔧 AccTrie Add: proof size=571 bytes, root_hash=[9b, 4a, 9a, 8f, b6, 53, 98, 38]...
🗑️ AccTrie Delete: keyword='drama', fid='ente_00000233' (removing entire key)
🗑️ AccTrie Delete: post-delete root_hash=[11, 42, d1, fa, 03, 13, ce, 13]...
⚠️ AccTrie Delete: keyword='entertainment' not found in storage
🗑️ AccTrie Delete: keyword='entertainment', fid='ente_00000233' (removing entire key)
⚠️ AccTrie Delete: delete entire key failed: Key not found
🗑️ AccTrie Delete: post-delete root_hash=[11, 42, d1, fa, 03, 13, ce, 13]...
🗑️ AccTrie Delete: keyword='concert', fid='ente_00000233' (removing entire key)
🗑️ AccTrie Delete: post-delete root_hash=[e6, 76, ee, ec, 7e, 3b, 9c, 77]...
🗑️ AccTrie Delete: keyword='diagnosis', fid='heal_00000235' (removing entire key)
🗑️ AccTrie Delete: post-delete root_hash=[88, d7, a9, b2, f1, b3, 57, 70]...
🗑️ AccTrie Delete: keyword='medical', fid='heal_00000235' (removing entire key)
🗑️ AccTrie Delete: post-delete root_hash=[e6, 76, ee, ec, 7e, 3b, 9c, 77]...
🔧 AccTrie Add: keyword='assignment', fid='educ_00000238' (success)
🔧 AccTrie Add: proof size=474 bytes, root_hash=[d5, 6f, 12, dc, fb, 54, 51, 2d]...
🗑️ AccTrie Delete: keyword='assignment', fid='educ_00000238' (removing entire key)
🗑️ AccTrie Delete: post-delete root_hash=[e6, 76, ee, ec, 7e, 3b, 9c, 77]...
🔧 AccTrie Add: keyword='international', fid='news_00000239' (success)
🔧 AccTrie Add: proof size=477 bytes, root_hash=[b1, 2f, 43, 5e, 79, 23, 12, 14]...
🗑️ AccTrie Delete: keyword='international', fid='news_00000239' (removing entire key)
🗑️ AccTrie Delete: post-delete root_hash=[e6, 76, ee, ec, 7e, 3b, 9c, 77]...
🔧 AccTrie Add: keyword='hardware', fid='tech_00000242' (success)
🔧 AccTrie Add: proof size=472 bytes, root_hash=[02, bb, 2c, c9, 99, 6a, 01, 5e]...
🗑️ AccTrie Delete: keyword='hardware', fid='tech_00000242' (removing entire key)
🗑️ AccTrie Delete: post-delete root_hash=[e6, 76, ee, ec, 7e, 3b, 9c, 77]...
🗑️ AccTrie Delete: keyword='teacher', fid='educ_00000243' (removing entire key)
🗑️ AccTrie Delete: post-delete root_hash=[e6, 76, ee, ec, 7e, 3b, 9c, 77]...
🔧 AccTrie Add: keyword='assignment', fid='educ_00000244' (success)
🔧 AccTrie Add: proof size=474 bytes, root_hash=[6c, d1, ed, 1e, 3f, 14, 48, c5]...
🗑️ AccTrie Delete: keyword='assignment', fid='educ_00000244' (removing entire key)
🗑️ AccTrie Delete: post-delete root_hash=[e6, 76, ee, ec, 7e, 3b, 9c, 77]...
🗑️ AccTrie Delete: keyword='team', fid='spor_00000245' (removing entire key)
🗑️ AccTrie Delete: post-delete root_hash=[e6, 76, ee, ec, 7e, 3b, 9c, 77]...
🔍 AccTrie Query: keyword='entertainment', found 1 fids
🔍 AccTrie Query: returning proof (468 bytes)
🗑️ AccTrie Delete: keyword='entertainment', fid='ente_00000246' (removing entire key)
🗑️ AccTrie Delete: post-delete root_hash=[c7, 6a, 5f, 9c, b4, 68, 37, 7a]...
🔧 AccTrie Add: keyword='celebrity', fid='ente_00000246' (success)
🔧 AccTrie Add: proof size=473 bytes, root_hash=[c7, 6a, 5f, 9c, b4, 68, 37, 7a]...
⚠️ AccTrie Delete: keyword='entertainment' not found in storage
🗑️ AccTrie Delete: keyword='entertainment', fid='ente_00000246' (removing entire key)
⚠️ AccTrie Delete: delete entire key failed: Key not found
🗑️ AccTrie Delete: post-delete root_hash=[c7, 6a, 5f, 9c, b4, 68, 37, 7a]...
🗑️ AccTrie Delete: keyword='celebrity', fid='ente_00000246' (removing entire key)
🗑️ AccTrie Delete: post-delete root_hash=[e6, 76, ee, ec, 7e, 3b, 9c, 77]...
🔧 AccTrie Add: keyword='football', fid='spor_00000247' (success)
🔧 AccTrie Add: proof size=472 bytes, root_hash=[e5, f6, 26, ca, bb, 61, 15, 48]...
🗑️ AccTrie Delete: keyword='football', fid='spor_00000247' (removing entire key)
🗑️ AccTrie Delete: post-delete root_hash=[e6, 76, ee, ec, 7e, 3b, 9c, 77]...
🔧 AccTrie Add: keyword='investment', fid='busi_00000248' (success)
🔧 AccTrie Add: proof size=474 bytes, root_hash=[cb, c7, 91, 5d, 15, 6f, f7, d5]...
🗑️ AccTrie Delete: keyword='investment', fid='busi_00000248' (removing entire key)
🗑️ AccTrie Delete: post-delete root_hash=[e6, 76, ee, ec, 7e, 3b, 9c, 77]...
🔧 AccTrie Add: keyword='student', fid='educ_00000249' (success)
🔧 AccTrie Add: proof size=471 bytes, root_hash=[1c, 4f, 15, 9e, 9b, fd, 36, 68]...
🗑️ AccTrie Delete: keyword='student', fid='educ_00000249' (removing entire key)
🗑️ AccTrie Delete: post-delete root_hash=[e6, 76, ee, ec, 7e, 3b, 9c, 77]...
🔍 AccTrie Query: keyword='science', found 1 fids
🔍 AccTrie Query: returning proof (362 bytes)
🗑️ AccTrie Delete: keyword='science', fid='scie_00000250' (removing entire key)
🗑️ AccTrie Delete: post-delete root_hash=[e6, 76, ee, ec, 7e, 3b, 9c, 77]...
⚠️ AccTrie Delete: keyword='science' not found in storage
🗑️ AccTrie Delete: keyword='science', fid='scie_00000250' (removing entire key)
⚠️ AccTrie Delete: delete entire key failed: Key not found
🗑️ AccTrie Delete: post-delete root_hash=[e6, 76, ee, ec, 7e, 3b, 9c, 77]...
🔧 AccTrie Add: keyword='assignment', fid='educ_00000251' (success)
🔧 AccTrie Add: proof size=574 bytes, root_hash=[bf, fe, f8, 35, a3, 47, ee, 0b]...
🗑️ AccTrie Delete: keyword='student', fid='educ_00000251' (removing entire key)
🗑️ AccTrie Delete: post-delete root_hash=[f0, 3e, 04, ce, 86, e4, fe, ff]...
🗑️ AccTrie Delete: keyword='assignment', fid='educ_00000251' (removing entire key)
🗑️ AccTrie Delete: post-delete root_hash=[e6, 76, ee, ec, 7e, 3b, 9c, 77]...
🗑️ AccTrie Delete: keyword='assignment', fid='educ_00000252' (removing entire key)
🗑️ AccTrie Delete: post-delete root_hash=[d1, 8d, 90, 26, 1d, 47, 37, b4]...
🗑️ AccTrie Delete: keyword='student', fid='educ_00000252' (removing entire key)
🗑️ AccTrie Delete: post-delete root_hash=[e6, 76, ee, ec, 7e, 3b, 9c, 77]...
🔧 AccTrie Add: keyword='student', fid='educ_00000255' (success)
🔧 AccTrie Add: proof size=471 bytes, root_hash=[5f, 47, e5, 98, c9, e9, 58, d0]...
🗑️ AccTrie Delete: keyword='student', fid='educ_00000255' (removing entire key)
🗑️ AccTrie Delete: post-delete root_hash=[e6, 76, ee, ec, 7e, 3b, 9c, 77]...
🔍 AccTrie Query: keyword='science', found 1 fids
🔍 AccTrie Query: returning proof (362 bytes)
🗑️ AccTrie Delete: keyword='science', fid='scie_00000256' (removing entire key)
🗑️ AccTrie Delete: post-delete root_hash=[e6, 76, ee, ec, 7e, 3b, 9c, 77]...
⚠️ AccTrie Delete: keyword='science' not found in storage
🗑️ AccTrie Delete: keyword='science', fid='scie_00000256' (removing entire key)
⚠️ AccTrie Delete: delete entire key failed: Key not found
🗑️ AccTrie Delete: post-delete root_hash=[e6, 76, ee, ec, 7e, 3b, 9c, 77]...
🗑️ AccTrie Delete: keyword='server', fid='tech_00000257' (removing entire key)
🗑️ AccTrie Delete: post-delete root_hash=[e6, 76, ee, ec, 7e, 3b, 9c, 77]...
🔧 AccTrie Add: keyword='announcement', fid='news_00000258' (success)
🔧 AccTrie Add: proof size=476 bytes, root_hash=[ce, d6, db, 0c, d9, 62, 2f, 7e]...
🗑️ AccTrie Delete: keyword='announcement', fid='news_00000258' (removing entire key)
🗑️ AccTrie Delete: post-delete root_hash=[e6, 76, ee, ec, 7e, 3b, 9c, 77]...
🔍 AccTrie Query: keyword='science', found 1 fids
🔍 AccTrie Query: returning proof (362 bytes)
🗑️ AccTrie Delete: keyword='science', fid='scie_00000259' (removing entire key)
🗑️ AccTrie Delete: post-delete root_hash=[e6, 76, ee, ec, 7e, 3b, 9c, 77]...
⚠️ AccTrie Delete: keyword='science' not found in storage
🗑️ AccTrie Delete: keyword='science', fid='scie_00000259' (removing entire key)
⚠️ AccTrie Delete: delete entire key failed: Key not found
🗑️ AccTrie Delete: post-delete root_hash=[e6, 76, ee, ec, 7e, 3b, 9c, 77]...
🗑️ AccTrie Delete: keyword='international', fid='news_00000261' (removing entire key)
🗑️ AccTrie Delete: post-delete root_hash=[e6, 76, ee, ec, 7e, 3b, 9c, 77]...
🔧 AccTrie Add: keyword='student', fid='educ_00000262' (success)
🔧 AccTrie Add: proof size=471 bytes, root_hash=[ca, a9, fc, 95, be, 76, 19, fc]...
🗑️ AccTrie Delete: keyword='student', fid='educ_00000262' (removing entire key)
🗑️ AccTrie Delete: post-delete root_hash=[e6, 76, ee, ec, 7e, 3b, 9c, 77]...
🗑️ AccTrie Delete: keyword='hardware', fid='tech_00000263' (removing entire key)
🗑️ AccTrie Delete: post-delete root_hash=[e6, 76, ee, ec, 7e, 3b, 9c, 77]...
🗑️ AccTrie Delete: keyword='revenue', fid='busi_00000264' (removing entire key)
🗑️ AccTrie Delete: post-delete root_hash=[e6, 76, ee, ec, 7e, 3b, 9c, 77]...
❌ AccTrie Batch Add: item ('data','scie_00000266') failed: Cannot create leaf with empty suffix
🔍 AccTrie Query: keyword='science', found 1 fids
🔍 AccTrie Query: returning proof (362 bytes)
🗑️ AccTrie Delete: keyword='science', fid='scie_00000266' (removing entire key)
🗑️ AccTrie Delete: post-delete root_hash=[e6, 76, ee, ec, 7e, 3b, 9c, 77]...
❌ AccTrie Add: keyword='data', fid='scie_00000266' failed: Cannot create leaf with empty suffix
🔧 AccTrie Add: proof size=0 bytes, root_hash=[e6, 76, ee, ec, 7e, 3b, 9c, 77]...
⚠️ AccTrie Delete: keyword='science' not found in storage
🗑️ AccTrie Delete: keyword='science', fid='scie_00000266' (removing entire key)
⚠️ AccTrie Delete: delete entire key failed: Key not found
🗑️ AccTrie Delete: post-delete root_hash=[e6, 76, ee, ec, 7e, 3b, 9c, 77]...
🗑️ AccTrie Delete: keyword='data', fid='scie_00000266' (removing entire key)
⚠️ AccTrie Delete: delete entire key failed: Key not found
🗑️ AccTrie Delete: post-delete root_hash=[e6, 76, ee, ec, 7e, 3b, 9c, 77]...
🗑️ AccTrie Delete: keyword='assignment', fid='educ_00000269' (removing entire key)
🗑️ AccTrie Delete: post-delete root_hash=[e6, 76, ee, ec, 7e, 3b, 9c, 77]...
🔍 AccTrie Query: keyword='entertainment', found 1 fids
🔍 AccTrie Query: returning proof (368 bytes)
🗑️ AccTrie Delete: keyword='entertainment', fid='ente_00000272' (removing entire key)
🗑️ AccTrie Delete: post-delete root_hash=[e6, 76, ee, ec, 7e, 3b, 9c, 77]...
⚠️ AccTrie Delete: keyword='entertainment' not found in storage
🗑️ AccTrie Delete: keyword='entertainment', fid='ente_00000272' (removing entire key)
⚠️ AccTrie Delete: delete entire key failed: Key not found
🗑️ AccTrie Delete: post-delete root_hash=[e6, 76, ee, ec, 7e, 3b, 9c, 77]...
🗑️ AccTrie Delete: keyword='revenue', fid='busi_00000273' (removing entire key)
🗑️ AccTrie Delete: post-delete root_hash=[e6, 76, ee, ec, 7e, 3b, 9c, 77]...
🔍 AccTrie Query: keyword='science', found 1 fids
🔍 AccTrie Query: returning proof (362 bytes)
🗑️ AccTrie Delete: keyword='science', fid='scie_00000275' (removing entire key)
🗑️ AccTrie Delete: post-delete root_hash=[e6, 76, ee, ec, 7e, 3b, 9c, 77]...
⚠️ AccTrie Delete: keyword='science' not found in storage
🗑️ AccTrie Delete: keyword='science', fid='scie_00000275' (removing entire key)
⚠️ AccTrie Delete: delete entire key failed: Key not found
🗑️ AccTrie Delete: post-delete root_hash=[e6, 76, ee, ec, 7e, 3b, 9c, 77]...
🔍 AccTrie Query: keyword='science', found 1 fids
🔍 AccTrie Query: returning proof (362 bytes)
🗑️ AccTrie Delete: keyword='science', fid='scie_00000276' (removing entire key)
🗑️ AccTrie Delete: post-delete root_hash=[e6, 76, ee, ec, 7e, 3b, 9c, 77]...
⚠️ AccTrie Delete: keyword='science' not found in storage
🗑️ AccTrie Delete: keyword='science', fid='scie_00000276' (removing entire key)
⚠️ AccTrie Delete: delete entire key failed: Key not found
🗑️ AccTrie Delete: post-delete root_hash=[e6, 76, ee, ec, 7e, 3b, 9c, 77]...
🔧 AccTrie Add: keyword='database', fid='tech_00000279' (success)
🔧 AccTrie Add: proof size=472 bytes, root_hash=[44, a5, 67, 8f, 33, 29, af, be]...
🗑️ AccTrie Delete: keyword='database', fid='tech_00000279' (removing entire key)
🗑️ AccTrie Delete: post-delete root_hash=[e6, 76, ee, ec, 7e, 3b, 9c, 77]...
🔍 AccTrie Query: keyword='science', found 1 fids
🔍 AccTrie Query: returning proof (362 bytes)
🗑️ AccTrie Delete: keyword='science', fid='scie_00000281' (removing entire key)
🗑️ AccTrie Delete: post-delete root_hash=[e6, 76, ee, ec, 7e, 3b, 9c, 77]...
⚠️ AccTrie Delete: keyword='science' not found in storage
🗑️ AccTrie Delete: keyword='science', fid='scie_00000281' (removing entire key)
⚠️ AccTrie Delete: delete entire key failed: Key not found
🗑️ AccTrie Delete: post-delete root_hash=[e6, 76, ee, ec, 7e, 3b, 9c, 77]...
🔧 AccTrie Add: keyword='team', fid='spor_00000285' (success)
🔧 AccTrie Add: proof size=468 bytes, root_hash=[5a, 31, 19, bd, d7, 96, 19, 63]...
🗑️ AccTrie Delete: keyword='team', fid='spor_00000285' (removing entire key)
🗑️ AccTrie Delete: post-delete root_hash=[e6, 76, ee, ec, 7e, 3b, 9c, 77]...
🔧 AccTrie Add: keyword='database', fid='tech_00000286' (success)
🔧 AccTrie Add: proof size=472 bytes, root_hash=[3f, aa, d9, 6b, a1, c3, ad, 03]...
🗑️ AccTrie Delete: keyword='database', fid='tech_00000286' (removing entire key)
🗑️ AccTrie Delete: post-delete root_hash=[e6, 76, ee, ec, 7e, 3b, 9c, 77]...
🔍 AccTrie Query: keyword='science', found 1 fids
🔍 AccTrie Query: returning proof (362 bytes)
🗑️ AccTrie Delete: keyword='science', fid='scie_00000287' (removing entire key)
🗑️ AccTrie Delete: post-delete root_hash=[e6, 76, ee, ec, 7e, 3b, 9c, 77]...
⚠️ AccTrie Delete: keyword='science' not found in storage
🗑️ AccTrie Delete: keyword='science', fid='scie_00000287' (removing entire key)
⚠️ AccTrie Delete: delete entire key failed: Key not found
🗑️ AccTrie Delete: post-delete root_hash=[e6, 76, ee, ec, 7e, 3b, 9c, 77]...
🔍 AccTrie Query: keyword='entertainment', found 1 fids
🔍 AccTrie Query: returning proof (468 bytes)
🗑️ AccTrie Delete: keyword='entertainment', fid='ente_00000289' (removing entire key)
🗑️ AccTrie Delete: post-delete root_hash=[5e, 09, 2a, dc, 93, 1e, 39, c3]...
🔧 AccTrie Add: keyword='streaming', fid='ente_00000289' (success)
🔧 AccTrie Add: proof size=473 bytes, root_hash=[5e, 09, 2a, dc, 93, 1e, 39, c3]...
⚠️ AccTrie Delete: keyword='entertainment' not found in storage
🗑️ AccTrie Delete: keyword='entertainment', fid='ente_00000289' (removing entire key)
⚠️ AccTrie Delete: delete entire key failed: Key not found
🗑️ AccTrie Delete: post-delete root_hash=[5e, 09, 2a, dc, 93, 1e, 39, c3]...
🗑️ AccTrie Delete: keyword='streaming', fid='ente_00000289' (removing entire key)
🗑️ AccTrie Delete: post-delete root_hash=[e6, 76, ee, ec, 7e, 3b, 9c, 77]...
🔧 AccTrie Add: keyword='hardware', fid='tech_00000290' (success)
🔧 AccTrie Add: proof size=472 bytes, root_hash=[90, 97, fc, d5, fa, 8c, bf, 22]...
🗑️ AccTrie Delete: keyword='hardware', fid='tech_00000290' (removing entire key)
🗑️ AccTrie Delete: post-delete root_hash=[e6, 76, ee, ec, 7e, 3b, 9c, 77]...
🔧 AccTrie Add: keyword='football', fid='spor_00000291' (success)
🔧 AccTrie Add: proof size=672 bytes, root_hash=[a7, 21, a4, 18, 50, 8b, 84, 39]...
🗑️ AccTrie Delete: keyword='basketball', fid='spor_00000291' (removing entire key)
🗑️ AccTrie Delete: post-delete root_hash=[1b, 8c, 8e, bd, 8f, 9b, 0d, 3d]...
🗑️ AccTrie Delete: keyword='football', fid='spor_00000291' (removing entire key)
🗑️ AccTrie Delete: post-delete root_hash=[f2, 49, 39, 2c, ba, e3, 20, 77]...
🗑️ AccTrie Delete: keyword='soccer', fid='spor_00000291' (removing entire key)
🗑️ AccTrie Delete: post-delete root_hash=[e6, 76, ee, ec, 7e, 3b, 9c, 77]...
🔧 AccTrie Add: keyword='ml', fid='tech_00000293' (success)
🔧 AccTrie Add: proof size=466 bytes, root_hash=[5c, ff, c9, 1f, c4, 9f, b0, 14]...
🗑️ AccTrie Delete: keyword='ml', fid='tech_00000293' (removing entire key)
🗑️ AccTrie Delete: post-delete root_hash=[e6, 76, ee, ec, 7e, 3b, 9c, 77]...
🗑️ AccTrie Delete: keyword='learning', fid='educ_00000295' (removing entire key)
🗑️ AccTrie Delete: post-delete root_hash=[e6, 76, ee, ec, 7e, 3b, 9c, 77]...
🔧 AccTrie Add: keyword='basketball', fid='spor_00000296' (success)
🔧 AccTrie Add: proof size=574 bytes, root_hash=[52, d9, b2, b3, c3, c5, 36, 68]...
🗑️ AccTrie Delete: keyword='soccer', fid='spor_00000296' (removing entire key)
🗑️ AccTrie Delete: post-delete root_hash=[a2, 13, dd, 09, 4c, 2f, d7, 44]...
🗑️ AccTrie Delete: keyword='basketball', fid='spor_00000296' (removing entire key)
🗑️ AccTrie Delete: post-delete root_hash=[e6, 76, ee, ec, 7e, 3b, 9c, 77]...
🔍 AccTrie Query: keyword='science', found 1 fids
🔍 AccTrie Query: returning proof (362 bytes)
🗑️ AccTrie Delete: keyword='science', fid='scie_00000297' (removing entire key)
🗑️ AccTrie Delete: post-delete root_hash=[e6, 76, ee, ec, 7e, 3b, 9c, 77]...
⚠️ AccTrie Delete: keyword='science' not found in storage
🗑️ AccTrie Delete: keyword='science', fid='scie_00000297' (removing entire key)
⚠️ AccTrie Delete: delete entire key failed: Key not found
🗑️ AccTrie Delete: post-delete root_hash=[e6, 76, ee, ec, 7e, 3b, 9c, 77]...
🔧 AccTrie Add: keyword='enterprise', fid='busi_00000298' (success)
🔧 AccTrie Add: proof size=474 bytes, root_hash=[b7, a8, 7f, 03, f4, 10, 5f, dd]...
🗑️ AccTrie Delete: keyword='enterprise', fid='busi_00000298' (removing entire key)
🗑️ AccTrie Delete: post-delete root_hash=[e6, 76, ee, ec, 7e, 3b, 9c, 77]...
🔍 AccTrie Query: keyword='entertainment', found 1 fids
🔍 AccTrie Query: returning proof (368 bytes)
🗑️ AccTrie Delete: keyword='entertainment', fid='ente_00000299' (removing entire key)
🗑️ AccTrie Delete: post-delete root_hash=[e6, 76, ee, ec, 7e, 3b, 9c, 77]...
⚠️ AccTrie Delete: keyword='entertainment' not found in storage
🗑️ AccTrie Delete: keyword='entertainment', fid='ente_00000299' (removing entire key)
⚠️ AccTrie Delete: delete entire key failed: Key not found
🗑️ AccTrie Delete: post-delete root_hash=[e6, 76, ee, ec, 7e, 3b, 9c, 77]...
🔧 AccTrie Add: keyword='exam', fid='educ_00000300' (success)
🔧 AccTrie Add: proof size=468 bytes, root_hash=[06, 2a, cd, e1, 62, df, c3, 5e]...
🗑️ AccTrie Delete: keyword='exam', fid='educ_00000300' (removing entire key)
🗑️ AccTrie Delete: post-delete root_hash=[e6, 76, ee, ec, 7e, 3b, 9c, 77]...
🔧 AccTrie Add: keyword='nutrition', fid='heal_00000301' (success)
🔧 AccTrie Add: proof size=473 bytes, root_hash=[15, 21, e7, 33, b1, d1, 60, 6d]...
🗑️ AccTrie Delete: keyword='nutrition', fid='heal_00000301' (removing entire key)
🗑️ AccTrie Delete: post-delete root_hash=[e6, 76, ee, ec, 7e, 3b, 9c, 77]...
🔧 AccTrie Add: keyword='soccer', fid='spor_00000303' (success)
🔧 AccTrie Add: proof size=470 bytes, root_hash=[00, 9e, a2, bf, 64, 44, 3c, 69]...
🗑️ AccTrie Delete: keyword='soccer', fid='spor_00000303' (removing entire key)
🗑️ AccTrie Delete: post-delete root_hash=[e6, 76, ee, ec, 7e, 3b, 9c, 77]...
🔍 AccTrie Query: keyword='science', found 1 fids
🔍 AccTrie Query: returning proof (362 bytes)
🗑️ AccTrie Delete: keyword='science', fid='scie_00000306' (removing entire key)
🗑️ AccTrie Delete: post-delete root_hash=[e6, 76, ee, ec, 7e, 3b, 9c, 77]...
⚠️ AccTrie Delete: keyword='science' not found in storage
🗑️ AccTrie Delete: keyword='science', fid='scie_00000306' (removing entire key)
⚠️ AccTrie Delete: delete entire key failed: Key not found
🗑️ AccTrie Delete: post-delete root_hash=[e6, 76, ee, ec, 7e, 3b, 9c, 77]...
🔧 AccTrie Add: keyword='international', fid='news_00000307' (success)
🔧 AccTrie Add: proof size=577 bytes, root_hash=[3b, 06, b0, be, 29, 89, 41, 44]...
🗑️ AccTrie Delete: keyword='international', fid='news_00000307' (removing entire key)
🗑️ AccTrie Delete: post-delete root_hash=[39, c2, 84, 81, 1a, d7, 81, 13]...
🗑️ AccTrie Delete: keyword='announcement', fid='news_00000307' (removing entire key)
🗑️ AccTrie Delete: post-delete root_hash=[e6, 76, ee, ec, 7e, 3b, 9c, 77]...
🔧 AccTrie Add: keyword='international', fid='news_00000308' (success)
🔧 AccTrie Add: proof size=577 bytes, root_hash=[bc, 1a, 50, 50, f9, 9c, 7d, 91]...
🗑️ AccTrie Delete: keyword='international', fid='news_00000308' (removing entire key)
🗑️ AccTrie Delete: post-delete root_hash=[2b, 2c, 52, 25, 47, af, 37, c2]...
🗑️ AccTrie Delete: keyword='announcement', fid='news_00000308' (removing entire key)
🗑️ AccTrie Delete: post-delete root_hash=[e6, 76, ee, ec, 7e, 3b, 9c, 77]...
🗑️ AccTrie Delete: keyword='hardware', fid='tech_00000309' (removing entire key)
🗑️ AccTrie Delete: post-delete root_hash=[e6, 76, ee, ec, 7e, 3b, 9c, 77]...
🔍 AccTrie Query: keyword='entertainment', found 1 fids
🔍 AccTrie Query: returning proof (668 bytes)
🗑️ AccTrie Delete: keyword='entertainment', fid='ente_00000311' (removing entire key)
🗑️ AccTrie Delete: post-delete root_hash=[5f, 09, 92, fb, bc, 5d, 66, da]...
🔧 AccTrie Add: keyword='concert', fid='ente_00000311' (success)
🔧 AccTrie Add: proof size=671 bytes, root_hash=[5f, 09, 92, fb, bc, 5d, 66, da]...
🗑️ AccTrie Delete: keyword='concert', fid='ente_00000311' (removing entire key)
🗑️ AccTrie Delete: post-delete root_hash=[b6, de, 50, f7, 41, 72, f9, 93]...
🗑️ AccTrie Delete: keyword='music', fid='ente_00000311' (removing entire key)
🗑️ AccTrie Delete: post-delete root_hash=[8c, bb, 34, a0, 2c, ab, 06, 06]...
⚠️ AccTrie Delete: keyword='entertainment' not found in storage
🗑️ AccTrie Delete: keyword='entertainment', fid='ente_00000311' (removing entire key)
⚠️ AccTrie Delete: delete entire key failed: Key not found
🗑️ AccTrie Delete: post-delete root_hash=[8c, bb, 34, a0, 2c, ab, 06, 06]...
🗑️ AccTrie Delete: keyword='video', fid='ente_00000311' (removing entire key)
🗑️ AccTrie Delete: post-delete root_hash=[e6, 76, ee, ec, 7e, 3b, 9c, 77]...
🔍 AccTrie Query: keyword='science', found 1 fids
🔍 AccTrie Query: returning proof (362 bytes)
🗑️ AccTrie Delete: keyword='science', fid='scie_00000315' (removing entire key)
🗑️ AccTrie Delete: post-delete root_hash=[e6, 76, ee, ec, 7e, 3b, 9c, 77]...
⚠️ AccTrie Delete: keyword='science' not found in storage
🗑️ AccTrie Delete: keyword='science', fid='scie_00000315' (removing entire key)
⚠️ AccTrie Delete: delete entire key failed: Key not found
🗑️ AccTrie Delete: post-delete root_hash=[e6, 76, ee, ec, 7e, 3b, 9c, 77]...
🗑️ AccTrie Delete: keyword='medical', fid='heal_00000317' (removing entire key)
🗑️ AccTrie Delete: post-delete root_hash=[e6, 76, ee, ec, 7e, 3b, 9c, 77]...
🗑️ AccTrie Delete: keyword='hardware', fid='tech_00000319' (removing entire key)
🗑️ AccTrie Delete: post-delete root_hash=[e6, 76, ee, ec, 7e, 3b, 9c, 77]...
🔧 AccTrie Add: keyword='database', fid='tech_00000320' (success)
🔧 AccTrie Add: proof size=472 bytes, root_hash=[90, 89, 98, dc, b2, 89, 6a, 91]...
🗑️ AccTrie Delete: keyword='database', fid='tech_00000320' (removing entire key)
🗑️ AccTrie Delete: post-delete root_hash=[e6, 76, ee, ec, 7e, 3b, 9c, 77]...
🔧 AccTrie Add: keyword='international', fid='news_00000322' (success)
🔧 AccTrie Add: proof size=477 bytes, root_hash=[0f, 1d, 0a, 41, 05, b8, 1b, 0c]...
🗑️ AccTrie Delete: keyword='international', fid='news_00000322' (removing entire key)
🗑️ AccTrie Delete: post-delete root_hash=[e6, 76, ee, ec, 7e, 3b, 9c, 77]...
🗑️ AccTrie Delete: keyword='nutrition', fid='heal_00000324' (removing entire key)
🗑️ AccTrie Delete: post-delete root_hash=[e6, 76, ee, ec, 7e, 3b, 9c, 77]...
🔧 AccTrie Add: keyword='ml', fid='tech_00000325' (success)
🔧 AccTrie Add: proof size=466 bytes, root_hash=[4f, 64, 6c, eb, a2, a0, b0, 8e]...
🗑️ AccTrie Delete: keyword='ml', fid='tech_00000325' (removing entire key)
🗑️ AccTrie Delete: post-delete root_hash=[e6, 76, ee, ec, 7e, 3b, 9c, 77]...
🔧 AccTrie Add: keyword='database', fid='tech_00000326' (success)
🔧 AccTrie Add: proof size=472 bytes, root_hash=[44, 01, 2f, 37, 44, e2, bf, 12]...
🗑️ AccTrie Delete: keyword='database', fid='tech_00000326' (removing entire key)
🗑️ AccTrie Delete: post-delete root_hash=[e6, 76, ee, ec, 7e, 3b, 9c, 77]...
🔧 AccTrie Add: keyword='football', fid='spor_00000327' (success)
🔧 AccTrie Add: proof size=572 bytes, root_hash=[a7, 91, 8b, 11, 4d, 07, 0e, 8a]...
🗑️ AccTrie Delete: keyword='football', fid='spor_00000327' (removing entire key)
🗑️ AccTrie Delete: post-delete root_hash=[eb, dd, de, e7, 20, b3, 01, 40]...
🗑️ AccTrie Delete: keyword='soccer', fid='spor_00000327' (removing entire key)
🗑️ AccTrie Delete: post-delete root_hash=[e6, 76, ee, ec, 7e, 3b, 9c, 77]...
🔧 AccTrie Add: keyword='medical', fid='heal_00000329' (success)
🔧 AccTrie Add: proof size=471 bytes, root_hash=[f4, 68, 52, f8, b5, 6c, 0a, 34]...
🗑️ AccTrie Delete: keyword='medical', fid='heal_00000329' (removing entire key)
🗑️ AccTrie Delete: post-delete root_hash=[e6, 76, ee, ec, 7e, 3b, 9c, 77]...
🔧 AccTrie Add: keyword='investment', fid='busi_00000330' (success)
🔧 AccTrie Add: proof size=474 bytes, root_hash=[03, 5d, e7, 5c, 84, 65, b3, cf]...
🗑️ AccTrie Delete: keyword='investment', fid='busi_00000330' (removing entire key)
🗑️ AccTrie Delete: post-delete root_hash=[e6, 76, ee, ec, 7e, 3b, 9c, 77]...
🔧 AccTrie Add: keyword='basketball', fid='spor_00000331' (success)
🔧 AccTrie Add: proof size=574 bytes, root_hash=[ee, 15, 39, b7, 5c, 6c, d8, f3]...
🗑️ AccTrie Delete: keyword='soccer', fid='spor_00000331' (removing entire key)
🗑️ AccTrie Delete: post-delete root_hash=[fe, 7b, 7e, be, 09, 77, c0, e2]...
🗑️ AccTrie Delete: keyword='basketball', fid='spor_00000331' (removing entire key)
🗑️ AccTrie Delete: post-delete root_hash=[e6, 76, ee, ec, 7e, 3b, 9c, 77]...
🔧 AccTrie Add: keyword='enterprise', fid='busi_00000336' (success)
🔧 AccTrie Add: proof size=474 bytes, root_hash=[6a, 39, cd, d6, 52, 44, d6, a0]...
🗑️ AccTrie Delete: keyword='enterprise', fid='busi_00000336' (removing entire key)
🗑️ AccTrie Delete: post-delete root_hash=[e6, 76, ee, ec, 7e, 3b, 9c, 77]...
🗑️ AccTrie Delete: keyword='ml', fid='tech_00000338' (removing entire key)
🗑️ AccTrie Delete: post-delete root_hash=[e6, 76, ee, ec, 7e, 3b, 9c, 77]...
🔧 AccTrie Add: keyword='basketball', fid='spor_00000339' (success)
🔧 AccTrie Add: proof size=574 bytes, root_hash=[26, ca, af, b6, c1, d8, 2f, 6c]...
🗑️ AccTrie Delete: keyword='basketball', fid='spor_00000339' (removing entire key)
🗑️ AccTrie Delete: post-delete root_hash=[7e, 93, f5, b6, fa, 38, 31, 8e]...
🗑️ AccTrie Delete: keyword='football', fid='spor_00000339' (removing entire key)
🗑️ AccTrie Delete: post-delete root_hash=[e6, 76, ee, ec, 7e, 3b, 9c, 77]...
🔧 AccTrie Add: keyword='revenue', fid='busi_00000341' (success)
🔧 AccTrie Add: proof size=471 bytes, root_hash=[71, 9b, 19, 88, db, c3, ba, b3]...
🗑️ AccTrie Delete: keyword='revenue', fid='busi_00000341' (removing entire key)
🗑️ AccTrie Delete: post-delete root_hash=[e6, 76, ee, ec, 7e, 3b, 9c, 77]...
🗑️ AccTrie Delete: keyword='diagnosis', fid='heal_00000342' (removing entire key)
🗑️ AccTrie Delete: post-delete root_hash=[e6, 76, ee, ec, 7e, 3b, 9c, 77]...
🔍 AccTrie Query: keyword='entertainment', found 1 fids
🔍 AccTrie Query: returning proof (368 bytes)
🗑️ AccTrie Delete: keyword='entertainment', fid='ente_00000344' (removing entire key)
🗑️ AccTrie Delete: post-delete root_hash=[e6, 76, ee, ec, 7e, 3b, 9c, 77]...
⚠️ AccTrie Delete: keyword='entertainment' not found in storage
🗑️ AccTrie Delete: keyword='entertainment', fid='ente_00000344' (removing entire key)
⚠️ AccTrie Delete: delete entire key failed: Key not found
🗑️ AccTrie Delete: post-delete root_hash=[e6, 76, ee, ec, 7e, 3b, 9c, 77]...
🔍 AccTrie Query: keyword='entertainment', found 1 fids
🔍 AccTrie Query: returning proof (468 bytes)
🗑️ AccTrie Delete: keyword='entertainment', fid='ente_00000347' (removing entire key)
🗑️ AccTrie Delete: post-delete root_hash=[69, cc, 59, e4, 75, 35, 59, be]...
🔧 AccTrie Add: keyword='drama', fid='ente_00000347' (success)
🔧 AccTrie Add: proof size=469 bytes, root_hash=[69, cc, 59, e4, 75, 35, 59, be]...
⚠️ AccTrie Delete: keyword='entertainment' not found in storage
🗑️ AccTrie Delete: keyword='entertainment', fid='ente_00000347' (removing entire key)
⚠️ AccTrie Delete: delete entire key failed: Key not found
🗑️ AccTrie Delete: post-delete root_hash=[69, cc, 59, e4, 75, 35, 59, be]...
🗑️ AccTrie Delete: keyword='drama', fid='ente_00000347' (removing entire key)
🗑️ AccTrie Delete: post-delete root_hash=[e6, 76, ee, ec, 7e, 3b, 9c, 77]...
🔍 AccTrie Query: keyword='science', found 1 fids
🔍 AccTrie Query: returning proof (362 bytes)
🗑️ AccTrie Delete: keyword='science', fid='scie_00000352' (removing entire key)
🗑️ AccTrie Delete: post-delete root_hash=[e6, 76, ee, ec, 7e, 3b, 9c, 77]...
⚠️ AccTrie Delete: keyword='science' not found in storage
🗑️ AccTrie Delete: keyword='science', fid='scie_00000352' (removing entire key)
⚠️ AccTrie Delete: delete entire key failed: Key not found
🗑️ AccTrie Delete: post-delete root_hash=[e6, 76, ee, ec, 7e, 3b, 9c, 77]...
❌ AccTrie Batch Add: item ('data','scie_00000353') failed: Cannot create leaf with empty suffix
🔍 AccTrie Query: keyword='science', found 1 fids
🔍 AccTrie Query: returning proof (362 bytes)
🗑️ AccTrie Delete: keyword='science', fid='scie_00000353' (removing entire key)
🗑️ AccTrie Delete: post-delete root_hash=[e6, 76, ee, ec, 7e, 3b, 9c, 77]...
⚠️ AccTrie Delete: keyword='science' not found in storage
🗑️ AccTrie Delete: keyword='science', fid='scie_00000353' (removing entire key)
⚠️ AccTrie Delete: delete entire key failed: Key not found
🗑️ AccTrie Delete: post-delete root_hash=[e6, 76, ee, ec, 7e, 3b, 9c, 77]...
🗑️ AccTrie Delete: keyword='data', fid='scie_00000353' (removing entire key)
⚠️ AccTrie Delete: delete entire key failed: Key not found
🗑️ AccTrie Delete: post-delete root_hash=[e6, 76, ee, ec, 7e, 3b, 9c, 77]...
🗑️ AccTrie Delete: keyword='database', fid='tech_00000355' (removing entire key)
🗑️ AccTrie Delete: post-delete root_hash=[e6, 76, ee, ec, 7e, 3b, 9c, 77]...
🔍 AccTrie Query: keyword='science', found 1 fids
🔍 AccTrie Query: returning proof (362 bytes)
🗑️ AccTrie Delete: keyword='science', fid='scie_00000358' (removing entire key)
🗑️ AccTrie Delete: post-delete root_hash=[e6, 76, ee, ec, 7e, 3b, 9c, 77]...
⚠️ AccTrie Delete: keyword='science' not found in storage
🗑️ AccTrie Delete: keyword='science', fid='scie_00000358' (removing entire key)
⚠️ AccTrie Delete: delete entire key failed: Key not found
🗑️ AccTrie Delete: post-delete root_hash=[e6, 76, ee, ec, 7e, 3b, 9c, 77]...
🔍 AccTrie Query: keyword='science', found 1 fids
🔍 AccTrie Query: returning proof (362 bytes)
🗑️ AccTrie Delete: keyword='science', fid='scie_00000359' (removing entire key)
🗑️ AccTrie Delete: post-delete root_hash=[e6, 76, ee, ec, 7e, 3b, 9c, 77]...
⚠️ AccTrie Delete: keyword='science' not found in storage
🗑️ AccTrie Delete: keyword='science', fid='scie_00000359' (removing entire key)
⚠️ AccTrie Delete: delete entire key failed: Key not found
🗑️ AccTrie Delete: post-delete root_hash=[e6, 76, ee, ec, 7e, 3b, 9c, 77]...
🔍 AccTrie Query: keyword='science', found 1 fids
🔍 AccTrie Query: returning proof (362 bytes)
🗑️ AccTrie Delete: keyword='science', fid='scie_00000360' (removing entire key)
🗑️ AccTrie Delete: post-delete root_hash=[e6, 76, ee, ec, 7e, 3b, 9c, 77]...
⚠️ AccTrie Delete: keyword='science' not found in storage
🗑️ AccTrie Delete: keyword='science', fid='scie_00000360' (removing entire key)
⚠️ AccTrie Delete: delete entire key failed: Key not found
🗑️ AccTrie Delete: post-delete root_hash=[e6, 76, ee, ec, 7e, 3b, 9c, 77]...
🔍 AccTrie Query: keyword='science', found 1 fids
🔍 AccTrie Query: returning proof (362 bytes)
🗑️ AccTrie Delete: keyword='science', fid='scie_00000361' (removing entire key)
🗑️ AccTrie Delete: post-delete root_hash=[e6, 76, ee, ec, 7e, 3b, 9c, 77]...
⚠️ AccTrie Delete: keyword='science' not found in storage
🗑️ AccTrie Delete: keyword='science', fid='scie_00000361' (removing entire key)
⚠️ AccTrie Delete: delete entire key failed: Key not found
🗑️ AccTrie Delete: post-delete root_hash=[e6, 76, ee, ec, 7e, 3b, 9c, 77]...
🔧 AccTrie Add: keyword='enterprise', fid='busi_00000362' (success)
🔧 AccTrie Add: proof size=474 bytes, root_hash=[ee, 46, 98, 2e, 89, b9, b7, 7c]...
🗑️ AccTrie Delete: keyword='enterprise', fid='busi_00000362' (removing entire key)
🗑️ AccTrie Delete: post-delete root_hash=[e6, 76, ee, ec, 7e, 3b, 9c, 77]...
🔍 AccTrie Query: keyword='entertainment', found 1 fids
🔍 AccTrie Query: returning proof (468 bytes)
🗑️ AccTrie Delete: keyword='entertainment', fid='ente_00000363' (removing entire key)
🗑️ AccTrie Delete: post-delete root_hash=[0f, f0, 9f, 70, 7a, 4b, a8, c4]...
🗑️ AccTrie Delete: keyword='streaming', fid='ente_00000363' (removing entire key)
🗑️ AccTrie Delete: post-delete root_hash=[e6, 76, ee, ec, 7e, 3b, 9c, 77]...
⚠️ AccTrie Delete: keyword='entertainment' not found in storage
🗑️ AccTrie Delete: keyword='entertainment', fid='ente_00000363' (removing entire key)
⚠️ AccTrie Delete: delete entire key failed: Key not found
🗑️ AccTrie Delete: post-delete root_hash=[e6, 76, ee, ec, 7e, 3b, 9c, 77]...
🔧 AccTrie Add: keyword='revenue', fid='busi_00000365' (success)
🔧 AccTrie Add: proof size=471 bytes, root_hash=[0e, f4, 41, 67, fd, 3f, ff, eb]...
🗑️ AccTrie Delete: keyword='revenue', fid='busi_00000365' (removing entire key)
🗑️ AccTrie Delete: post-delete root_hash=[e6, 76, ee, ec, 7e, 3b, 9c, 77]...
🗑️ AccTrie Delete: keyword='team', fid='spor_00000367' (removing entire key)
🗑️ AccTrie Delete: post-delete root_hash=[e6, 76, ee, ec, 7e, 3b, 9c, 77]...
🔧 AccTrie Add: keyword='medical', fid='heal_00000369' (success)
🔧 AccTrie Add: proof size=471 bytes, root_hash=[d7, 1a, 6b, 01, 17, c4, 94, ee]...
🗑️ AccTrie Delete: keyword='medical', fid='heal_00000369' (removing entire key)
🗑️ AccTrie Delete: post-delete root_hash=[e6, 76, ee, ec, 7e, 3b, 9c, 77]...
🔍 AccTrie Query: keyword='entertainment', found 1 fids
🔍 AccTrie Query: returning proof (368 bytes)
🗑️ AccTrie Delete: keyword='entertainment', fid='ente_00000370' (removing entire key)
🗑️ AccTrie Delete: post-delete root_hash=[e6, 76, ee, ec, 7e, 3b, 9c, 77]...
⚠️ AccTrie Delete: keyword='entertainment' not found in storage
🗑️ AccTrie Delete: keyword='entertainment', fid='ente_00000370' (removing entire key)
⚠️ AccTrie Delete: delete entire key failed: Key not found
🗑️ AccTrie Delete: post-delete root_hash=[e6, 76, ee, ec, 7e, 3b, 9c, 77]...
🔍 AccTrie Query: keyword='entertainment', found 1 fids
🔍 AccTrie Query: returning proof (568 bytes)
🗑️ AccTrie Delete: keyword='entertainment', fid='ente_00000371' (removing entire key)
🗑️ AccTrie Delete: post-delete root_hash=[c0, 71, 6c, b1, cf, 79, ff, bf]...
🔧 AccTrie Add: keyword='celebrity', fid='ente_00000371' (success)
🔧 AccTrie Add: proof size=573 bytes, root_hash=[c0, 71, 6c, b1, cf, 79, ff, bf]...
🗑️ AccTrie Delete: keyword='drama', fid='ente_00000371' (removing entire key)
🗑️ AccTrie Delete: post-delete root_hash=[29, ab, 1b, 02, 55, af, 4e, 54]...
🗑️ AccTrie Delete: keyword='celebrity', fid='ente_00000371' (removing entire key)
🗑️ AccTrie Delete: post-delete root_hash=[e6, 76, ee, ec, 7e, 3b, 9c, 77]...
⚠️ AccTrie Delete: keyword='entertainment' not found in storage
🗑️ AccTrie Delete: keyword='entertainment', fid='ente_00000371' (removing entire key)
⚠️ AccTrie Delete: delete entire key failed: Key not found
🗑️ AccTrie Delete: post-delete root_hash=[e6, 76, ee, ec, 7e, 3b, 9c, 77]...
🗑️ AccTrie Delete: keyword='diagnosis', fid='heal_00000373' (removing entire key)
🗑️ AccTrie Delete: post-delete root_hash=[e6, 76, ee, ec, 7e, 3b, 9c, 77]...
🗑️ AccTrie Delete: keyword='learning', fid='educ_00000374' (removing entire key)
🗑️ AccTrie Delete: post-delete root_hash=[b5, 80, c9, 81, 26, 54, c0, 8f]...
🗑️ AccTrie Delete: keyword='study', fid='educ_00000374' (removing entire key)
🗑️ AccTrie Delete: post-delete root_hash=[ff, 14, 1d, 6e, ff, 36, e3, f2]...
🗑️ AccTrie Delete: keyword='student', fid='educ_00000374' (removing entire key)
🗑️ AccTrie Delete: post-delete root_hash=[e6, 76, ee, ec, 7e, 3b, 9c, 77]...
🗑️ AccTrie Delete: keyword='soccer', fid='spor_00000379' (removing entire key)
🗑️ AccTrie Delete: post-delete root_hash=[e6, 76, ee, ec, 7e, 3b, 9c, 77]...
🔍 AccTrie Query: keyword='entertainment', found 1 fids
🔍 AccTrie Query: returning proof (468 bytes)
🗑️ AccTrie Delete: keyword='entertainment', fid='ente_00000381' (removing entire key)
🗑️ AccTrie Delete: post-delete root_hash=[2a, 92, b2, 79, c0, cd, da, 2a]...
🔧 AccTrie Add: keyword='drama', fid='ente_00000381' (success)
🔧 AccTrie Add: proof size=469 bytes, root_hash=[2a, 92, b2, 79, c0, cd, da, 2a]...
⚠️ AccTrie Delete: keyword='entertainment' not found in storage
🗑️ AccTrie Delete: keyword='entertainment', fid='ente_00000381' (removing entire key)
⚠️ AccTrie Delete: delete entire key failed: Key not found
🗑️ AccTrie Delete: post-delete root_hash=[2a, 92, b2, 79, c0, cd, da, 2a]...
🗑️ AccTrie Delete: keyword='drama', fid='ente_00000381' (removing entire key)
🗑️ AccTrie Delete: post-delete root_hash=[e6, 76, ee, ec, 7e, 3b, 9c, 77]...
🔧 AccTrie Add: keyword='study', fid='educ_00000384' (success)
🔧 AccTrie Add: proof size=569 bytes, root_hash=[31, cb, 45, 28, 26, 84, 0e, f2]...
🗑️ AccTrie Delete: keyword='teacher', fid='educ_00000384' (removing entire key)
🗑️ AccTrie Delete: post-delete root_hash=[90, da, 79, 2d, 8d, ea, 2c, 37]...
🗑️ AccTrie Delete: keyword='study', fid='educ_00000384' (removing entire key)
🗑️ AccTrie Delete: post-delete root_hash=[e6, 76, ee, ec, 7e, 3b, 9c, 77]...
🗑️ AccTrie Delete: keyword='international', fid='news_00000385' (removing entire key)
🗑️ AccTrie Delete: post-delete root_hash=[e6, 76, ee, ec, 7e, 3b, 9c, 77]...
🗑️ AccTrie Delete: keyword='hardware', fid='tech_00000386' (removing entire key)
🗑️ AccTrie Delete: post-delete root_hash=[e6, 76, ee, ec, 7e, 3b, 9c, 77]...
🗑️ AccTrie Delete: keyword='international', fid='news_00000387' (removing entire key)
🗑️ AccTrie Delete: post-delete root_hash=[e6, 76, ee, ec, 7e, 3b, 9c, 77]...
🔍 AccTrie Query: keyword='entertainment', found 1 fids
🔍 AccTrie Query: returning proof (468 bytes)
🗑️ AccTrie Delete: keyword='entertainment', fid='ente_00000389' (removing entire key)
🗑️ AccTrie Delete: post-delete root_hash=[41, a0, 4c, 78, 64, 58, c3, d5]...
🔧 AccTrie Add: keyword='drama', fid='ente_00000389' (success)
🔧 AccTrie Add: proof size=469 bytes, root_hash=[41, a0, 4c, 78, 64, 58, c3, d5]...
⚠️ AccTrie Delete: keyword='entertainment' not found in storage
🗑️ AccTrie Delete: keyword='entertainment', fid='ente_00000389' (removing entire key)
⚠️ AccTrie Delete: delete entire key failed: Key not found
🗑️ AccTrie Delete: post-delete root_hash=[41, a0, 4c, 78, 64, 58, c3, d5]...
🗑️ AccTrie Delete: keyword='drama', fid='ente_00000389' (removing entire key)
🗑️ AccTrie Delete: post-delete root_hash=[e6, 76, ee, ec, 7e, 3b, 9c, 77]...
🔍 AccTrie Query: keyword='entertainment', found 1 fids
🔍 AccTrie Query: returning proof (368 bytes)
🗑️ AccTrie Delete: keyword='entertainment', fid='ente_00000390' (removing entire key)
🗑️ AccTrie Delete: post-delete root_hash=[e6, 76, ee, ec, 7e, 3b, 9c, 77]...
⚠️ AccTrie Delete: keyword='entertainment' not found in storage
🗑️ AccTrie Delete: keyword='entertainment', fid='ente_00000390' (removing entire key)
⚠️ AccTrie Delete: delete entire key failed: Key not found
🗑️ AccTrie Delete: post-delete root_hash=[e6, 76, ee, ec, 7e, 3b, 9c, 77]...
🗑️ AccTrie Delete: keyword='diagnosis', fid='heal_00000392' (removing entire key)
🗑️ AccTrie Delete: post-delete root_hash=[e6, 76, ee, ec, 7e, 3b, 9c, 77]...
🔍 AccTrie Query: keyword='science', found 1 fids
🔍 AccTrie Query: returning proof (362 bytes)
🗑️ AccTrie Delete: keyword='science', fid='scie_00000393' (removing entire key)
🗑️ AccTrie Delete: post-delete root_hash=[e6, 76, ee, ec, 7e, 3b, 9c, 77]...
⚠️ AccTrie Delete: keyword='science' not found in storage
🗑️ AccTrie Delete: keyword='science', fid='scie_00000393' (removing entire key)
⚠️ AccTrie Delete: delete entire key failed: Key not found
🗑️ AccTrie Delete: post-delete root_hash=[e6, 76, ee, ec, 7e, 3b, 9c, 77]...
🗑️ AccTrie Delete: keyword='soccer', fid='spor_00000395' (removing entire key)
🗑️ AccTrie Delete: post-delete root_hash=[3c, b6, 5c, f5, 2a, fd, 36, 4b]...
🗑️ AccTrie Delete: keyword='football', fid='spor_00000395' (removing entire key)
🗑️ AccTrie Delete: post-delete root_hash=[e6, 76, ee, ec, 7e, 3b, 9c, 77]...
🔍 AccTrie Query: keyword='entertainment', found 1 fids
🔍 AccTrie Query: returning proof (568 bytes)
🗑️ AccTrie Delete: keyword='entertainment', fid='ente_00000396' (removing entire key)
🗑️ AccTrie Delete: post-delete root_hash=[79, 42, 71, f8, b2, f2, 23, 1e]...
🔧 AccTrie Add: keyword='video', fid='ente_00000396' (success)
🔧 AccTrie Add: proof size=569 bytes, root_hash=[79, 42, 71, f8, b2, f2, 23, 1e]...
🗑️ AccTrie Delete: keyword='video', fid='ente_00000396' (removing entire key)
🗑️ AccTrie Delete: post-delete root_hash=[8e, fc, 9f, 46, 75, 4f, 00, 89]...
⚠️ AccTrie Delete: keyword='entertainment' not found in storage
🗑️ AccTrie Delete: keyword='entertainment', fid='ente_00000396' (removing entire key)
⚠️ AccTrie Delete: delete entire key failed: Key not found
🗑️ AccTrie Delete: post-delete root_hash=[8e, fc, 9f, 46, 75, 4f, 00, 89]...
🗑️ AccTrie Delete: keyword='drama', fid='ente_00000396' (removing entire key)
🗑️ AccTrie Delete: post-delete root_hash=[e6, 76, ee, ec, 7e, 3b, 9c, 77]...
❌ AccTrie Batch Add: item ('data','scie_00000398') failed: Cannot create leaf with empty suffix
🔍 AccTrie Query: keyword='science', found 1 fids
🔍 AccTrie Query: returning proof (21 bytes)
🗑️ AccTrie Delete: keyword='science', fid='scie_00000398' (removing entire key)
⚠️ AccTrie Delete: delete entire key failed: Key not found
🗑️ AccTrie Delete: post-delete root_hash=[e6, 76, ee, ec, 7e, 3b, 9c, 77]...
❌ AccTrie Add: keyword='data', fid='scie_00000398' failed: Cannot create leaf with empty suffix
🔧 AccTrie Add: proof size=0 bytes, root_hash=[e6, 76, ee, ec, 7e, 3b, 9c, 77]...
🗑️ AccTrie Delete: keyword='data', fid='scie_00000398' (removing entire key)
⚠️ AccTrie Delete: delete entire key failed: Key not found
🗑️ AccTrie Delete: post-delete root_hash=[e6, 76, ee, ec, 7e, 3b, 9c, 77]...
⚠️ AccTrie Delete: keyword='science' not found in storage
🗑️ AccTrie Delete: keyword='science', fid='scie_00000398' (removing entire key)
⚠️ AccTrie Delete: delete entire key failed: Key not found
🗑️ AccTrie Delete: post-delete root_hash=[e6, 76, ee, ec, 7e, 3b, 9c, 77]...
🔧 AccTrie Add: keyword='football', fid='spor_00000401' (success)
🔧 AccTrie Add: proof size=472 bytes, root_hash=[56, ef, 75, 30, e4, 28, 95, 19]...
🗑️ AccTrie Delete: keyword='football', fid='spor_00000401' (removing entire key)
🗑️ AccTrie Delete: post-delete root_hash=[e6, 76, ee, ec, 7e, 3b, 9c, 77]...
🔍 AccTrie Query: keyword='entertainment', found 1 fids
🔍 AccTrie Query: returning proof (668 bytes)
🗑️ AccTrie Delete: keyword='entertainment', fid='ente_00000403' (removing entire key)
🗑️ AccTrie Delete: post-delete root_hash=[ab, eb, d9, 6d, 10, cf, 66, 10]...
🔧 AccTrie Add: keyword='album', fid='ente_00000403' (success)
🔧 AccTrie Add: proof size=669 bytes, root_hash=[ab, eb, d9, 6d, 10, cf, 66, 10]...
🗑️ AccTrie Delete: keyword='music', fid='ente_00000403' (removing entire key)
🗑️ AccTrie Delete: post-delete root_hash=[9b, b3, 14, f5, e9, b7, ae, 12]...
⚠️ AccTrie Delete: keyword='entertainment' not found in storage
🗑️ AccTrie Delete: keyword='entertainment', fid='ente_00000403' (removing entire key)
⚠️ AccTrie Delete: delete entire key failed: Key not found
🗑️ AccTrie Delete: post-delete root_hash=[9b, b3, 14, f5, e9, b7, ae, 12]...
🗑️ AccTrie Delete: keyword='album', fid='ente_00000403' (removing entire key)
🗑️ AccTrie Delete: post-delete root_hash=[ac, 51, fa, e5, 88, d2, d6, 7c]...
🗑️ AccTrie Delete: keyword='celebrity', fid='ente_00000403' (removing entire key)
🗑️ AccTrie Delete: post-delete root_hash=[e6, 76, ee, ec, 7e, 3b, 9c, 77]...
🔧 AccTrie Add: keyword='enterprise', fid='busi_00000404' (success)
🔧 AccTrie Add: proof size=574 bytes, root_hash=[cf, b8, 72, b3, a5, 17, 5c, bc]...
🗑️ AccTrie Delete: keyword='enterprise', fid='busi_00000404' (removing entire key)
🗑️ AccTrie Delete: post-delete root_hash=[1e, d7, 38, 38, 70, 8d, aa, 62]...
🗑️ AccTrie Delete: keyword='investment', fid='busi_00000404' (removing entire key)
🗑️ AccTrie Delete: post-delete root_hash=[e6, 76, ee, ec, 7e, 3b, 9c, 77]...
🗑️ AccTrie Delete: keyword='exam', fid='educ_00000405' (removing entire key)
🗑️ AccTrie Delete: post-delete root_hash=[e6, 76, ee, ec, 7e, 3b, 9c, 77]...
🔧 AccTrie Add: keyword='study', fid='educ_00000406' (success)
🔧 AccTrie Add: proof size=469 bytes, root_hash=[6e, 1d, a6, 1f, 7a, 75, 3f, f5]...
🗑️ AccTrie Delete: keyword='study', fid='educ_00000406' (removing entire key)
🗑️ AccTrie Delete: post-delete root_hash=[e6, 76, ee, ec, 7e, 3b, 9c, 77]...
🔧 AccTrie Add: keyword='exam', fid='educ_00000407' (success)
🔧 AccTrie Add: proof size=568 bytes, root_hash=[78, 2e, 63, b9, ab, cf, ba, c3]...
🗑️ AccTrie Delete: keyword='teacher', fid='educ_00000407' (removing entire key)
🗑️ AccTrie Delete: post-delete root_hash=[9b, 98, 79, 36, 7d, e6, 17, fd]...
🗑️ AccTrie Delete: keyword='exam', fid='educ_00000407' (removing entire key)
🗑️ AccTrie Delete: post-delete root_hash=[e6, 76, ee, ec, 7e, 3b, 9c, 77]...
🗑️ AccTrie Delete: keyword='exam', fid='educ_00000408' (removing entire key)
🗑️ AccTrie Delete: post-delete root_hash=[e6, 76, ee, ec, 7e, 3b, 9c, 77]...
🔍 AccTrie Query: keyword='science', found 1 fids
🔍 AccTrie Query: returning proof (362 bytes)
🗑️ AccTrie Delete: keyword='science', fid='scie_00000412' (removing entire key)
🗑️ AccTrie Delete: post-delete root_hash=[e6, 76, ee, ec, 7e, 3b, 9c, 77]...
⚠️ AccTrie Delete: keyword='science' not found in storage
🗑️ AccTrie Delete: keyword='science', fid='scie_00000412' (removing entire key)
⚠️ AccTrie Delete: delete entire key failed: Key not found
🗑️ AccTrie Delete: post-delete root_hash=[e6, 76, ee, ec, 7e, 3b, 9c, 77]...
🗑️ AccTrie Delete: keyword='database', fid='tech_00000413' (removing entire key)
🗑️ AccTrie Delete: post-delete root_hash=[e6, 76, ee, ec, 7e, 3b, 9c, 77]...
🔧 AccTrie Add: keyword='exam', fid='educ_00000414' (success)
🔧 AccTrie Add: proof size=568 bytes, root_hash=[87, 06, e6, 4b, 24, fc, 4c, be]...
🗑️ AccTrie Delete: keyword='exam', fid='educ_00000414' (removing entire key)
🗑️ AccTrie Delete: post-delete root_hash=[5e, 6a, 71, 87, 18, 88, 89, 0c]...
🗑️ AccTrie Delete: keyword='learning', fid='educ_00000414' (removing entire key)
🗑️ AccTrie Delete: post-delete root_hash=[e6, 76, ee, ec, 7e, 3b, 9c, 77]...
🔧 AccTrie Add: keyword='server', fid='tech_00000415' (success)
🔧 AccTrie Add: proof size=470 bytes, root_hash=[db, 8e, 37, 4b, 6a, 98, 10, 73]...
🗑️ AccTrie Delete: keyword='server', fid='tech_00000415' (removing entire key)
🗑️ AccTrie Delete: post-delete root_hash=[e6, 76, ee, ec, 7e, 3b, 9c, 77]...
🗑️ AccTrie Delete: keyword='diagnosis', fid='heal_00000416' (removing entire key)
🗑️ AccTrie Delete: post-delete root_hash=[e6, 76, ee, ec, 7e, 3b, 9c, 77]...
🔧 AccTrie Add: keyword='assignment', fid='educ_00000419' (success)
🔧 AccTrie Add: proof size=474 bytes, root_hash=[06, 8c, d7, b2, 43, 9a, af, da]...
🗑️ AccTrie Delete: keyword='assignment', fid='educ_00000419' (removing entire key)
🗑️ AccTrie Delete: post-delete root_hash=[e6, 76, ee, ec, 7e, 3b, 9c, 77]...
🔍 AccTrie Query: keyword='entertainment', found 1 fids
🔍 AccTrie Query: returning proof (868 bytes)
🗑️ AccTrie Delete: keyword='entertainment', fid='ente_00000424' (removing entire key)
🗑️ AccTrie Delete: post-delete root_hash=[27, 82, e2, bb, 09, 9f, da, 80]...
🔧 AccTrie Add: keyword='music', fid='ente_00000424' (success)
🔧 AccTrie Add: proof size=869 bytes, root_hash=[27, 82, e2, bb, 09, 9f, da, 80]...
🗑️ AccTrie Delete: keyword='drama', fid='ente_00000424' (removing entire key)
🗑️ AccTrie Delete: post-delete root_hash=[40, b7, 72, aa, e9, e2, 84, 0f]...
⚠️ AccTrie Delete: keyword='entertainment' not found in storage
🗑️ AccTrie Delete: keyword='entertainment', fid='ente_00000424' (removing entire key)
⚠️ AccTrie Delete: delete entire key failed: Key not found
🗑️ AccTrie Delete: post-delete root_hash=[40, b7, 72, aa, e9, e2, 84, 0f]...
🗑️ AccTrie Delete: keyword='music', fid='ente_00000424' (removing entire key)
🗑️ AccTrie Delete: post-delete root_hash=[4d, 30, 7f, 8b, f8, d6, a6, 5c]...
🗑️ AccTrie Delete: keyword='video', fid='ente_00000424' (removing entire key)
🗑️ AccTrie Delete: post-delete root_hash=[b2, c4, c0, 08, e3, e7, 1d, 12]...
🗑️ AccTrie Delete: keyword='album', fid='ente_00000424' (removing entire key)
🗑️ AccTrie Delete: post-delete root_hash=[09, 96, 8a, d2, ce, 95, fe, 09]...
🗑️ AccTrie Delete: keyword='concert', fid='ente_00000424' (removing entire key)
🗑️ AccTrie Delete: post-delete root_hash=[e6, 76, ee, ec, 7e, 3b, 9c, 77]...
🔧 AccTrie Add: keyword='diagnosis', fid='heal_00000428' (success)
🔧 AccTrie Add: proof size=473 bytes, root_hash=[36, 26, ab, cd, e5, 8b, 71, a8]...
🗑️ AccTrie Delete: keyword='diagnosis', fid='heal_00000428' (removing entire key)
🗑️ AccTrie Delete: post-delete root_hash=[e6, 76, ee, ec, 7e, 3b, 9c, 77]...
🔧 AccTrie Add: keyword='ml', fid='tech_00000432' (success)
🔧 AccTrie Add: proof size=466 bytes, root_hash=[c1, ba, b4, a6, 58, e5, 86, 04]...
🗑️ AccTrie Delete: keyword='ml', fid='tech_00000432' (removing entire key)
🗑️ AccTrie Delete: post-delete root_hash=[e6, 76, ee, ec, 7e, 3b, 9c, 77]...
🗑️ AccTrie Delete: keyword='learning', fid='educ_00000434' (removing entire key)
🗑️ AccTrie Delete: post-delete root_hash=[e6, 76, ee, ec, 7e, 3b, 9c, 77]...
🔧 AccTrie Add: keyword='revenue', fid='busi_00000435' (success)
🔧 AccTrie Add: proof size=471 bytes, root_hash=[66, 3d, 81, 73, 9b, d2, 91, b9]...
🗑️ AccTrie Delete: keyword='revenue', fid='busi_00000435' (removing entire key)
🗑️ AccTrie Delete: post-delete root_hash=[e6, 76, ee, ec, 7e, 3b, 9c, 77]...
🔍 AccTrie Query: keyword='science', found 1 fids
🔍 AccTrie Query: returning proof (362 bytes)
🗑️ AccTrie Delete: keyword='science', fid='scie_00000436' (removing entire key)
🗑️ AccTrie Delete: post-delete root_hash=[e6, 76, ee, ec, 7e, 3b, 9c, 77]...
⚠️ AccTrie Delete: keyword='science' not found in storage
🗑️ AccTrie Delete: keyword='science', fid='scie_00000436' (removing entire key)
⚠️ AccTrie Delete: delete entire key failed: Key not found
🗑️ AccTrie Delete: post-delete root_hash=[e6, 76, ee, ec, 7e, 3b, 9c, 77]...
🔍 AccTrie Query: keyword='entertainment', found 1 fids
🔍 AccTrie Query: returning proof (668 bytes)
🗑️ AccTrie Delete: keyword='entertainment', fid='ente_00000437' (removing entire key)
🗑️ AccTrie Delete: post-delete root_hash=[0a, ee, d9, 8e, 87, ac, ec, d7]...
⚠️ AccTrie Delete: keyword='entertainment' not found in storage
🗑️ AccTrie Delete: keyword='entertainment', fid='ente_00000437' (removing entire key)
⚠️ AccTrie Delete: delete entire key failed: Key not found
🗑️ AccTrie Delete: post-delete root_hash=[0a, ee, d9, 8e, 87, ac, ec, d7]...
🗑️ AccTrie Delete: keyword='music', fid='ente_00000437' (removing entire key)
🗑️ AccTrie Delete: post-delete root_hash=[be, 25, b2, 1c, fe, ef, b5, 0b]...
🗑️ AccTrie Delete: keyword='video', fid='ente_00000437' (removing entire key)
🗑️ AccTrie Delete: post-delete root_hash=[70, 7a, 1d, 87, 71, 04, 71, 57]...
🗑️ AccTrie Delete: keyword='streaming', fid='ente_00000437' (removing entire key)
🗑️ AccTrie Delete: post-delete root_hash=[e6, 76, ee, ec, 7e, 3b, 9c, 77]...
🔍 AccTrie Query: keyword='entertainment', found 1 fids
🔍 AccTrie Query: returning proof (568 bytes)
🗑️ AccTrie Delete: keyword='entertainment', fid='ente_00000438' (removing entire key)
🗑️ AccTrie Delete: post-delete root_hash=[1b, b3, 0d, 3b, a8, a7, 31, 8d]...
🔧 AccTrie Add: keyword='album', fid='ente_00000438' (success)
🔧 AccTrie Add: proof size=569 bytes, root_hash=[1b, b3, 0d, 3b, a8, a7, 31, 8d]...
🗑️ AccTrie Delete: keyword='album', fid='ente_00000438' (removing entire key)
🗑️ AccTrie Delete: post-delete root_hash=[8d, 2c, 99, 7b, 8e, e1, 31, 93]...
⚠️ AccTrie Delete: keyword='entertainment' not found in storage
🗑️ AccTrie Delete: keyword='entertainment', fid='ente_00000438' (removing entire key)
⚠️ AccTrie Delete: delete entire key failed: Key not found
🗑️ AccTrie Delete: post-delete root_hash=[8d, 2c, 99, 7b, 8e, e1, 31, 93]...
🗑️ AccTrie Delete: keyword='streaming', fid='ente_00000438' (removing entire key)
🗑️ AccTrie Delete: post-delete root_hash=[e6, 76, ee, ec, 7e, 3b, 9c, 77]...
🗑️ AccTrie Delete: keyword='announcement', fid='news_00000439' (removing entire key)
🗑️ AccTrie Delete: post-delete root_hash=[e6, 76, ee, ec, 7e, 3b, 9c, 77]...
🔧 AccTrie Add: keyword='basketball', fid='spor_00000444' (success)
🔧 AccTrie Add: proof size=474 bytes, root_hash=[d1, 6d, 1e, 89, 2c, 79, 90, da]...
🗑️ AccTrie Delete: keyword='basketball', fid='spor_00000444' (removing entire key)
🗑️ AccTrie Delete: post-delete root_hash=[e6, 76, ee, ec, 7e, 3b, 9c, 77]...
🔧 AccTrie Add: keyword='revenue', fid='busi_00000445' (success)
🔧 AccTrie Add: proof size=471 bytes, root_hash=[b1, 42, 65, 12, 69, 33, 48, f6]...
🗑️ AccTrie Delete: keyword='revenue', fid='busi_00000445' (removing entire key)
🗑️ AccTrie Delete: post-delete root_hash=[e6, 76, ee, ec, 7e, 3b, 9c, 77]...
🔧 AccTrie Add: keyword='server', fid='tech_00000446' (success)
🔧 AccTrie Add: proof size=470 bytes, root_hash=[a8, 0c, ae, 21, 58, c9, 09, d1]...
🗑️ AccTrie Delete: keyword='server', fid='tech_00000446' (removing entire key)
🗑️ AccTrie Delete: post-delete root_hash=[e6, 76, ee, ec, 7e, 3b, 9c, 77]...
🗑️ AccTrie Delete: keyword='football', fid='spor_00000448' (removing entire key)
🗑️ AccTrie Delete: post-delete root_hash=[e6, 76, ee, ec, 7e, 3b, 9c, 77]...
🗑️ AccTrie Delete: keyword='diagnosis', fid='heal_00000449' (removing entire key)
🗑️ AccTrie Delete: post-delete root_hash=[e6, 76, ee, ec, 7e, 3b, 9c, 77]...
🔍 AccTrie Query: keyword='entertainment', found 1 fids
🔍 AccTrie Query: returning proof (468 bytes)
🗑️ AccTrie Delete: keyword='entertainment', fid='ente_00000450' (removing entire key)
🗑️ AccTrie Delete: post-delete root_hash=[08, db, 1a, bb, c6, 0e, 15, 50]...
⚠️ AccTrie Delete: keyword='entertainment' not found in storage
🗑️ AccTrie Delete: keyword='entertainment', fid='ente_00000450' (removing entire key)
⚠️ AccTrie Delete: delete entire key failed: Key not found
🗑️ AccTrie Delete: post-delete root_hash=[08, db, 1a, bb, c6, 0e, 15, 50]...
🗑️ AccTrie Delete: keyword='video', fid='ente_00000450' (removing entire key)
🗑️ AccTrie Delete: post-delete root_hash=[e6, 76, ee, ec, 7e, 3b, 9c, 77]...
🗑️ AccTrie Delete: keyword='announcement', fid='news_00000451' (removing entire key)
🗑️ AccTrie Delete: post-delete root_hash=[e6, 76, ee, ec, 7e, 3b, 9c, 77]...
🔍 AccTrie Query: keyword='entertainment', found 1 fids
🔍 AccTrie Query: returning proof (468 bytes)
🗑️ AccTrie Delete: keyword='entertainment', fid='ente_00000452' (removing entire key)
🗑️ AccTrie Delete: post-delete root_hash=[fa, ad, 29, e4, 24, c1, 4f, b0]...
⚠️ AccTrie Delete: keyword='entertainment' not found in storage
🗑️ AccTrie Delete: keyword='entertainment', fid='ente_00000452' (removing entire key)
⚠️ AccTrie Delete: delete entire key failed: Key not found
🗑️ AccTrie Delete: post-delete root_hash=[fa, ad, 29, e4, 24, c1, 4f, b0]...
🗑️ AccTrie Delete: keyword='celebrity', fid='ente_00000452' (removing entire key)
🗑️ AccTrie Delete: post-delete root_hash=[e6, 76, ee, ec, 7e, 3b, 9c, 77]...
🔧 AccTrie Add: keyword='assignment', fid='educ_00000453' (success)
🔧 AccTrie Add: proof size=474 bytes, root_hash=[3f, 0a, b4, c5, 98, be, 3b, 49]...
🗑️ AccTrie Delete: keyword='assignment', fid='educ_00000453' (removing entire key)
🗑️ AccTrie Delete: post-delete root_hash=[e6, 76, ee, ec, 7e, 3b, 9c, 77]...
🔧 AccTrie Add: keyword='learning', fid='educ_00000456' (success)
🔧 AccTrie Add: proof size=572 bytes, root_hash=[e3, 68, 13, 42, 5c, ad, d5, 0e]...
🗑️ AccTrie Delete: keyword='learning', fid='educ_00000456' (removing entire key)
🗑️ AccTrie Delete: post-delete root_hash=[bf, 99, eb, fc, 70, 0e, ab, 1f]...
🗑️ AccTrie Delete: keyword='study', fid='educ_00000456' (removing entire key)
🗑️ AccTrie Delete: post-delete root_hash=[e6, 76, ee, ec, 7e, 3b, 9c, 77]...
🔧 AccTrie Add: keyword='database', fid='tech_00000459' (success)
🔧 AccTrie Add: proof size=572 bytes, root_hash=[05, 0b, f3, 4c, a5, 89, c7, db]...
🗑️ AccTrie Delete: keyword='database', fid='tech_00000459' (removing entire key)
🗑️ AccTrie Delete: post-delete root_hash=[77, 26, aa, 9c, 97, 84, ac, ae]...
🗑️ AccTrie Delete: keyword='hardware', fid='tech_00000459' (removing entire key)
🗑️ AccTrie Delete: post-delete root_hash=[e6, 76, ee, ec, 7e, 3b, 9c, 77]...
🗑️ AccTrie Delete: keyword='nutrition', fid='heal_00000460' (removing entire key)
🗑️ AccTrie Delete: post-delete root_hash=[6f, 24, 73, e1, 31, 03, 62, c5]...
🗑️ AccTrie Delete: keyword='medical', fid='heal_00000460' (removing entire key)
🗑️ AccTrie Delete: post-delete root_hash=[b7, 38, ba, f8, 51, 20, da, 47]...
🗑️ AccTrie Delete: keyword='diagnosis', fid='heal_00000460' (removing entire key)
🗑️ AccTrie Delete: post-delete root_hash=[e6, 76, ee, ec, 7e, 3b, 9c, 77]...
🗑️ AccTrie Delete: keyword='conservation', fid='envi_00000461' (removing entire key)
🗑️ AccTrie Delete: post-delete root_hash=[e6, 76, ee, ec, 7e, 3b, 9c, 77]...
🗑️ AccTrie Delete: keyword='enterprise', fid='busi_00000462' (removing entire key)
🗑️ AccTrie Delete: post-delete root_hash=[b1, ef, 37, d7, 8d, 21, c9, 3f]...
🗑️ AccTrie Delete: keyword='revenue', fid='busi_00000462' (removing entire key)
🗑️ AccTrie Delete: post-delete root_hash=[e6, 76, ee, ec, 7e, 3b, 9c, 77]...
🔍 AccTrie Query: keyword='entertainment', found 1 fids
🔍 AccTrie Query: returning proof (468 bytes)
🗑️ AccTrie Delete: keyword='entertainment', fid='ente_00000463' (removing entire key)
🗑️ AccTrie Delete: post-delete root_hash=[d1, c2, ad, 79, a5, 1a, 3b, 83]...
🔧 AccTrie Add: keyword='concert', fid='ente_00000463' (success)
🔧 AccTrie Add: proof size=471 bytes, root_hash=[d1, c2, ad, 79, a5, 1a, 3b, 83]...
🗑️ AccTrie Delete: keyword='concert', fid='ente_00000463' (removing entire key)
🗑️ AccTrie Delete: post-delete root_hash=[e6, 76, ee, ec, 7e, 3b, 9c, 77]...
⚠️ AccTrie Delete: keyword='entertainment' not found in storage
🗑️ AccTrie Delete: keyword='entertainment', fid='ente_00000463' (removing entire key)
⚠️ AccTrie Delete: delete entire key failed: Key not found
🗑️ AccTrie Delete: post-delete root_hash=[e6, 76, ee, ec, 7e, 3b, 9c, 77]...
🔍 AccTrie Query: keyword='entertainment', found 1 fids
🔍 AccTrie Query: returning proof (468 bytes)
🗑️ AccTrie Delete: keyword='entertainment', fid='ente_00000464' (removing entire key)
🗑️ AccTrie Delete: post-delete root_hash=[91, 01, 78, 3f, 90, b6, 58, 23]...
🔧 AccTrie Add: keyword='concert', fid='ente_00000464' (success)
🔧 AccTrie Add: proof size=471 bytes, root_hash=[91, 01, 78, 3f, 90, b6, 58, 23]...
⚠️ AccTrie Delete: keyword='entertainment' not found in storage
🗑️ AccTrie Delete: keyword='entertainment', fid='ente_00000464' (removing entire key)
⚠️ AccTrie Delete: delete entire key failed: Key not found
🗑️ AccTrie Delete: post-delete root_hash=[91, 01, 78, 3f, 90, b6, 58, 23]...
🗑️ AccTrie Delete: keyword='concert', fid='ente_00000464' (removing entire key)
🗑️ AccTrie Delete: post-delete root_hash=[e6, 76, ee, ec, 7e, 3b, 9c, 77]...
🔧 AccTrie Add: keyword='ml', fid='tech_00000468' (success)
🔧 AccTrie Add: proof size=466 bytes, root_hash=[e8, 43, 7f, c2, 40, 41, 45, 14]...
🗑️ AccTrie Delete: keyword='ml', fid='tech_00000468' (removing entire key)
🗑️ AccTrie Delete: post-delete root_hash=[e6, 76, ee, ec, 7e, 3b, 9c, 77]...
🗑️ AccTrie Delete: keyword='server', fid='tech_00000470' (removing entire key)
🗑️ AccTrie Delete: post-delete root_hash=[c3, eb, 62, b9, 52, a7, bd, 86]...
🗑️ AccTrie Delete: keyword='ml', fid='tech_00000470' (removing entire key)
🗑️ AccTrie Delete: post-delete root_hash=[e6, 76, ee, ec, 7e, 3b, 9c, 77]...
🔧 AccTrie Add: keyword='hardware', fid='tech_00000471' (success)
🔧 AccTrie Add: proof size=472 bytes, root_hash=[d7, 28, 9f, 02, 0b, a4, cf, ec]...
🗑️ AccTrie Delete: keyword='hardware', fid='tech_00000471' (removing entire key)
🗑️ AccTrie Delete: post-delete root_hash=[e6, 76, ee, ec, 7e, 3b, 9c, 77]...
🔧 AccTrie Add: keyword='study', fid='educ_00000473' (success)
🔧 AccTrie Add: proof size=669 bytes, root_hash=[a7, 17, 64, b5, 09, 6f, 44, 93]...
🗑️ AccTrie Delete: keyword='study', fid='educ_00000473' (removing entire key)
🗑️ AccTrie Delete: post-delete root_hash=[7d, fc, a1, 3e, 99, 5b, ec, 45]...
🗑️ AccTrie Delete: keyword='learning', fid='educ_00000473' (removing entire key)
🗑️ AccTrie Delete: post-delete root_hash=[e1, 36, de, d6, db, 42, 27, b7]...
🗑️ AccTrie Delete: keyword='exam', fid='educ_00000473' (removing entire key)
🗑️ AccTrie Delete: post-delete root_hash=[e6, 76, ee, ec, 7e, 3b, 9c, 77]...
🗑️ AccTrie Delete: keyword='announcement', fid='news_00000475' (removing entire key)
🗑️ AccTrie Delete: post-delete root_hash=[e6, 76, ee, ec, 7e, 3b, 9c, 77]...
🔧 AccTrie Add: keyword='assignment', fid='educ_00000476' (success)
🔧 AccTrie Add: proof size=474 bytes, root_hash=[80, ba, 64, 1f, 2b, 4b, 05, a8]...
🗑️ AccTrie Delete: keyword='assignment', fid='educ_00000476' (removing entire key)
🗑️ AccTrie Delete: post-delete root_hash=[e6, 76, ee, ec, 7e, 3b, 9c, 77]...
❌ AccTrie Batch Add: item ('data','scie_00000477') failed: Cannot create leaf with empty suffix
🔍 AccTrie Query: keyword='science', found 1 fids
🔍 AccTrie Query: returning proof (362 bytes)
🗑️ AccTrie Delete: keyword='science', fid='scie_00000477' (removing entire key)
🗑️ AccTrie Delete: post-delete root_hash=[e6, 76, ee, ec, 7e, 3b, 9c, 77]...
🗑️ AccTrie Delete: keyword='data', fid='scie_00000477' (removing entire key)
⚠️ AccTrie Delete: delete entire key failed: Key not found
🗑️ AccTrie Delete: post-delete root_hash=[e6, 76, ee, ec, 7e, 3b, 9c, 77]...
⚠️ AccTrie Delete: keyword='science' not found in storage
🗑️ AccTrie Delete: keyword='science', fid='scie_00000477' (removing entire key)
⚠️ AccTrie Delete: delete entire key failed: Key not found
🗑️ AccTrie Delete: post-delete root_hash=[e6, 76, ee, ec, 7e, 3b, 9c, 77]...
🔧 AccTrie Add: keyword='study', fid='educ_00000480' (success)
🔧 AccTrie Add: proof size=569 bytes, root_hash=[90, 8c, fa, a7, 7f, fa, b7, 1c]...
🗑️ AccTrie Delete: keyword='study', fid='educ_00000480' (removing entire key)
🗑️ AccTrie Delete: post-delete root_hash=[39, c4, 20, c3, 8e, 9b, c2, a7]...
🗑️ AccTrie Delete: keyword='learning', fid='educ_00000480' (removing entire key)
🗑️ AccTrie Delete: post-delete root_hash=[e6, 76, ee, ec, 7e, 3b, 9c, 77]...
🔧 AccTrie Add: keyword='exam', fid='educ_00000482' (success)
🔧 AccTrie Add: proof size=668 bytes, root_hash=[c7, f4, c9, 96, 52, a5, a7, 5d]...
🗑️ AccTrie Delete: keyword='exam', fid='educ_00000482' (removing entire key)
🗑️ AccTrie Delete: post-delete root_hash=[85, 3a, fc, 75, dd, 4c, 69, ea]...
🗑️ AccTrie Delete: keyword='study', fid='educ_00000482' (removing entire key)
🗑️ AccTrie Delete: post-delete root_hash=[ce, ba, f9, f8, 8a, 97, 31, 4d]...
🗑️ AccTrie Delete: keyword='assignment', fid='educ_00000482' (removing entire key)
🗑️ AccTrie Delete: post-delete root_hash=[e6, 76, ee, ec, 7e, 3b, 9c, 77]...
🗑️ AccTrie Delete: keyword='soccer', fid='spor_00000485' (removing entire key)
🗑️ AccTrie Delete: post-delete root_hash=[e6, 76, ee, ec, 7e, 3b, 9c, 77]...
🔍 AccTrie Query: keyword='entertainment', found 1 fids
🔍 AccTrie Query: returning proof (468 bytes)
🗑️ AccTrie Delete: keyword='entertainment', fid='ente_00000487' (removing entire key)
🗑️ AccTrie Delete: post-delete root_hash=[3e, 62, 01, d1, 23, 9a, 17, e2]...
🔧 AccTrie Add: keyword='video', fid='ente_00000487' (success)
🔧 AccTrie Add: proof size=469 bytes, root_hash=[3e, 62, 01, d1, 23, 9a, 17, e2]...
🗑️ AccTrie Delete: keyword='video', fid='ente_00000487' (removing entire key)
🗑️ AccTrie Delete: post-delete root_hash=[e6, 76, ee, ec, 7e, 3b, 9c, 77]...
⚠️ AccTrie Delete: keyword='entertainment' not found in storage
🗑️ AccTrie Delete: keyword='entertainment', fid='ente_00000487' (removing entire key)
⚠️ AccTrie Delete: delete entire key failed: Key not found
🗑️ AccTrie Delete: post-delete root_hash=[e6, 76, ee, ec, 7e, 3b, 9c, 77]...
🗑️ AccTrie Delete: keyword='basketball', fid='spor_00000488' (removing entire key)
🗑️ AccTrie Delete: post-delete root_hash=[e6, 76, ee, ec, 7e, 3b, 9c, 77]...
🔧 AccTrie Add: keyword='football', fid='spor_00000489' (success)
🔧 AccTrie Add: proof size=472 bytes, root_hash=[68, 08, 45, a6, 47, 89, bf, c1]...
🗑️ AccTrie Delete: keyword='football', fid='spor_00000489' (removing entire key)
🗑️ AccTrie Delete: post-delete root_hash=[e6, 76, ee, ec, 7e, 3b, 9c, 77]...
🗑️ AccTrie Delete: keyword='enterprise', fid='busi_00000490' (removing entire key)
🗑️ AccTrie Delete: post-delete root_hash=[c1, a8, f5, c7, b6, 34, a5, 06]...
🗑️ AccTrie Delete: keyword='revenue', fid='busi_00000490' (removing entire key)
🗑️ AccTrie Delete: post-delete root_hash=[e6, 76, ee, ec, 7e, 3b, 9c, 77]...
🗑️ AccTrie Delete: keyword='tennis', fid='spor_00000491' (removing entire key)
🗑️ AccTrie Delete: post-delete root_hash=[6f, a1, 59, 8f, 25, ec, 24, 68]...
🗑️ AccTrie Delete: keyword='basketball', fid='spor_00000491' (removing entire key)
🗑️ AccTrie Delete: post-delete root_hash=[e6, 76, ee, ec, 7e, 3b, 9c, 77]...
🗑️ AccTrie Delete: keyword='student', fid='educ_00000492' (removing entire key)
🗑️ AccTrie Delete: post-delete root_hash=[1c, 05, 42, 66, f4, 17, 23, 86]...
🗑️ AccTrie Delete: keyword='assignment', fid='educ_00000492' (removing entire key)
🗑️ AccTrie Delete: post-delete root_hash=[e6, 76, ee, ec, 7e, 3b, 9c, 77]...
🔧 AccTrie Add: keyword='hardware', fid='tech_00000493' (success)
🔧 AccTrie Add: proof size=572 bytes, root_hash=[07, 8a, 74, c9, e9, 0d, 47, 3b]...
🗑️ AccTrie Delete: keyword='hardware', fid='tech_00000493' (removing entire key)
🗑️ AccTrie Delete: post-delete root_hash=[88, de, 7b, a6, bc, c3, 5d, 4f]...
🗑️ AccTrie Delete: keyword='ml', fid='tech_00000493' (removing entire key)
🗑️ AccTrie Delete: post-delete root_hash=[e6, 76, ee, ec, 7e, 3b, 9c, 77]...
🔍 AccTrie Query: keyword='science', found 1 fids
🔍 AccTrie Query: returning proof (362 bytes)
🗑️ AccTrie Delete: keyword='science', fid='scie_00000496' (removing entire key)
🗑️ AccTrie Delete: post-delete root_hash=[e6, 76, ee, ec, 7e, 3b, 9c, 77]...
⚠️ AccTrie Delete: keyword='science' not found in storage
🗑️ AccTrie Delete: keyword='science', fid='scie_00000496' (removing entire key)
⚠️ AccTrie Delete: delete entire key failed: Key not found
🗑️ AccTrie Delete: post-delete root_hash=[e6, 76, ee, ec, 7e, 3b, 9c, 77]...
🔍 AccTrie Query: keyword='entertainment', found 1 fids
🔍 AccTrie Query: returning proof (468 bytes)
🗑️ AccTrie Delete: keyword='entertainment', fid='ente_00000497' (removing entire key)
🗑️ AccTrie Delete: post-delete root_hash=[05, 9b, 38, 35, de, 6f, 9f, e1]...
🗑️ AccTrie Delete: keyword='celebrity', fid='ente_00000497' (removing entire key)
🗑️ AccTrie Delete: post-delete root_hash=[e6, 76, ee, ec, 7e, 3b, 9c, 77]...
⚠️ AccTrie Delete: keyword='entertainment' not found in storage
🗑️ AccTrie Delete: keyword='entertainment', fid='ente_00000497' (removing entire key)
⚠️ AccTrie Delete: delete entire key failed: Key not found
🗑️ AccTrie Delete: post-delete root_hash=[e6, 76, ee, ec, 7e, 3b, 9c, 77]...
🔧 AccTrie Add: keyword='tennis', fid='spor_00000501' (success)
🔧 AccTrie Add: proof size=470 bytes, root_hash=[81, 97, 35, e3, 8e, d1, 41, 4d]...
🗑️ AccTrie Delete: keyword='tennis', fid='spor_00000501' (removing entire key)
🗑️ AccTrie Delete: post-delete root_hash=[e6, 76, ee, ec, 7e, 3b, 9c, 77]...
🗑️ AccTrie Delete: keyword='student', fid='educ_00000502' (removing entire key)
🗑️ AccTrie Delete: post-delete root_hash=[e6, 76, ee, ec, 7e, 3b, 9c, 77]...
🗑️ AccTrie Delete: keyword='hardware', fid='tech_00000505' (removing entire key)
🗑️ AccTrie Delete: post-delete root_hash=[e6, 76, ee, ec, 7e, 3b, 9c, 77]...
🗑️ AccTrie Delete: keyword='student', fid='educ_00000507' (removing entire key)
🗑️ AccTrie Delete: post-delete root_hash=[e6, 76, ee, ec, 7e, 3b, 9c, 77]...
🗑️ AccTrie Delete: keyword='assignment', fid='educ_00000508' (removing entire key)
🗑️ AccTrie Delete: post-delete root_hash=[e6, 76, ee, ec, 7e, 3b, 9c, 77]...
🔍 AccTrie Query: keyword='entertainment', found 1 fids
🔍 AccTrie Query: returning proof (368 bytes)
🗑️ AccTrie Delete: keyword='entertainment', fid='ente_00000510' (removing entire key)
🗑️ AccTrie Delete: post-delete root_hash=[e6, 76, ee, ec, 7e, 3b, 9c, 77]...
⚠️ AccTrie Delete: keyword='entertainment' not found in storage
🗑️ AccTrie Delete: keyword='entertainment', fid='ente_00000510' (removing entire key)
⚠️ AccTrie Delete: delete entire key failed: Key not found
🗑️ AccTrie Delete: post-delete root_hash=[e6, 76, ee, ec, 7e, 3b, 9c, 77]...
🔧 AccTrie Add: keyword='nutrition', fid='heal_00000513' (success)
🔧 AccTrie Add: proof size=473 bytes, root_hash=[72, ef, 4c, a6, db, 34, ae, 03]...
🗑️ AccTrie Delete: keyword='nutrition', fid='heal_00000513' (removing entire key)
🗑️ AccTrie Delete: post-delete root_hash=[e6, 76, ee, ec, 7e, 3b, 9c, 77]...
🔧 AccTrie Add: keyword='team', fid='spor_00000515' (success)
🔧 AccTrie Add: proof size=468 bytes, root_hash=[17, 41, ff, 70, c3, d1, 61, 1d]...
🗑️ AccTrie Delete: keyword='team', fid='spor_00000515' (removing entire key)
🗑️ AccTrie Delete: post-delete root_hash=[e6, 76, ee, ec, 7e, 3b, 9c, 77]...
🔍 AccTrie Query: keyword='entertainment', found 1 fids
🔍 AccTrie Query: returning proof (568 bytes)
🗑️ AccTrie Delete: keyword='entertainment', fid='ente_00000517' (removing entire key)
🗑️ AccTrie Delete: post-delete root_hash=[a1, f7, 8e, 2e, 1b, 6f, e5, 22]...
🗑️ AccTrie Delete: keyword='music', fid='ente_00000517' (removing entire key)
🗑️ AccTrie Delete: post-delete root_hash=[41, b4, f3, 4f, dd, 63, 3a, 20]...
⚠️ AccTrie Delete: keyword='entertainment' not found in storage
🗑️ AccTrie Delete: keyword='entertainment', fid='ente_00000517' (removing entire key)
⚠️ AccTrie Delete: delete entire key failed: Key not found
🗑️ AccTrie Delete: post-delete root_hash=[41, b4, f3, 4f, dd, 63, 3a, 20]...
🗑️ AccTrie Delete: keyword='concert', fid='ente_00000517' (removing entire key)
🗑️ AccTrie Delete: post-delete root_hash=[e6, 76, ee, ec, 7e, 3b, 9c, 77]...
🗑️ AccTrie Delete: keyword='server', fid='tech_00000519' (removing entire key)
🗑️ AccTrie Delete: post-delete root_hash=[e6, 76, ee, ec, 7e, 3b, 9c, 77]...
🗑️ AccTrie Delete: keyword='investment', fid='busi_00000520' (removing entire key)
🗑️ AccTrie Delete: post-delete root_hash=[c0, 7c, ab, 72, 01, 7f, e2, 87]...
🗑️ AccTrie Delete: keyword='revenue', fid='busi_00000520' (removing entire key)
🗑️ AccTrie Delete: post-delete root_hash=[e6, 76, ee, ec, 7e, 3b, 9c, 77]...
🔍 AccTrie Query: keyword='entertainment', found 1 fids
🔍 AccTrie Query: returning proof (468 bytes)
🗑️ AccTrie Delete: keyword='entertainment', fid='ente_00000522' (removing entire key)
🗑️ AccTrie Delete: post-delete root_hash=[19, ab, f2, 1e, 62, 13, 0e, 68]...
⚠️ AccTrie Delete: keyword='entertainment' not found in storage
🗑️ AccTrie Delete: keyword='entertainment', fid='ente_00000522' (removing entire key)
⚠️ AccTrie Delete: delete entire key failed: Key not found
🗑️ AccTrie Delete: post-delete root_hash=[19, ab, f2, 1e, 62, 13, 0e, 68]...
🗑️ AccTrie Delete: keyword='music', fid='ente_00000522' (removing entire key)
🗑️ AccTrie Delete: post-delete root_hash=[e6, 76, ee, ec, 7e, 3b, 9c, 77]...
🔍 AccTrie Query: keyword='entertainment', found 1 fids
🔍 AccTrie Query: returning proof (568 bytes)
🗑️ AccTrie Delete: keyword='entertainment', fid='ente_00000523' (removing entire key)
🗑️ AccTrie Delete: post-delete root_hash=[5a, a8, 75, 14, 73, de, a6, 13]...
🔧 AccTrie Add: keyword='drama', fid='ente_00000523' (success)
🔧 AccTrie Add: proof size=569 bytes, root_hash=[5a, a8, 75, 14, 73, de, a6, 13]...
🗑️ AccTrie Delete: keyword='celebrity', fid='ente_00000523' (removing entire key)
🗑️ AccTrie Delete: post-delete root_hash=[9c, 71, cb, 69, 1a, 86, 0e, 1f]...
🗑️ AccTrie Delete: keyword='drama', fid='ente_00000523' (removing entire key)
🗑️ AccTrie Delete: post-delete root_hash=[e6, 76, ee, ec, 7e, 3b, 9c, 77]...
⚠️ AccTrie Delete: keyword='entertainment' not found in storage
🗑️ AccTrie Delete: keyword='entertainment', fid='ente_00000523' (removing entire key)
⚠️ AccTrie Delete: delete entire key failed: Key not found
🗑️ AccTrie Delete: post-delete root_hash=[e6, 76, ee, ec, 7e, 3b, 9c, 77]...
🗑️ AccTrie Delete: keyword='announcement', fid='news_00000524' (removing entire key)
🗑️ AccTrie Delete: post-delete root_hash=[e6, 76, ee, ec, 7e, 3b, 9c, 77]...
🗑️ AccTrie Delete: keyword='announcement', fid='news_00000526' (removing entire key)
🗑️ AccTrie Delete: post-delete root_hash=[e6, 76, ee, ec, 7e, 3b, 9c, 77]...
🗑️ AccTrie Delete: keyword='hardware', fid='tech_00000529' (removing entire key)
🗑️ AccTrie Delete: post-delete root_hash=[e6, 76, ee, ec, 7e, 3b, 9c, 77]...
🔍 AccTrie Query: keyword='science', found 1 fids
🔍 AccTrie Query: returning proof (362 bytes)
🗑️ AccTrie Delete: keyword='science', fid='scie_00000531' (removing entire key)
🗑️ AccTrie Delete: post-delete root_hash=[e6, 76, ee, ec, 7e, 3b, 9c, 77]...
⚠️ AccTrie Delete: keyword='science' not found in storage
🗑️ AccTrie Delete: keyword='science', fid='scie_00000531' (removing entire key)
⚠️ AccTrie Delete: delete entire key failed: Key not found
🗑️ AccTrie Delete: post-delete root_hash=[e6, 76, ee, ec, 7e, 3b, 9c, 77]...
🔍 AccTrie Query: keyword='entertainment', found 1 fids
🔍 AccTrie Query: returning proof (668 bytes)
🗑️ AccTrie Delete: keyword='entertainment', fid='ente_00000532' (removing entire key)
🗑️ AccTrie Delete: post-delete root_hash=[62, 9a, 83, 41, 41, 9d, dc, 16]...
🔧 AccTrie Add: keyword='concert', fid='ente_00000532' (success)
🔧 AccTrie Add: proof size=671 bytes, root_hash=[62, 9a, 83, 41, 41, 9d, dc, 16]...
⚠️ AccTrie Delete: keyword='entertainment' not found in storage
🗑️ AccTrie Delete: keyword='entertainment', fid='ente_00000532' (removing entire key)
⚠️ AccTrie Delete: delete entire key failed: Key not found
🗑️ AccTrie Delete: post-delete root_hash=[62, 9a, 83, 41, 41, 9d, dc, 16]...
🗑️ AccTrie Delete: keyword='video', fid='ente_00000532' (removing entire key)
🗑️ AccTrie Delete: post-delete root_hash=[5e, 84, 43, 2c, 5a, 8b, 3f, fe]...
🗑️ AccTrie Delete: keyword='concert', fid='ente_00000532' (removing entire key)
🗑️ AccTrie Delete: post-delete root_hash=[96, d2, 6a, 13, da, d5, 27, 2e]...
🗑️ AccTrie Delete: keyword='streaming', fid='ente_00000532' (removing entire key)
🗑️ AccTrie Delete: post-delete root_hash=[e6, 76, ee, ec, 7e, 3b, 9c, 77]...
🗑️ AccTrie Delete: keyword='assignment', fid='educ_00000535' (removing entire key)
🗑️ AccTrie Delete: post-delete root_hash=[e6, 76, ee, ec, 7e, 3b, 9c, 77]...
🔧 AccTrie Add: keyword='assignment', fid='educ_00000539' (success)
🔧 AccTrie Add: proof size=574 bytes, root_hash=[b3, fe, 8c, a1, ae, 44, 2f, bd]...
🗑️ AccTrie Delete: keyword='assignment', fid='educ_00000539' (removing entire key)
🗑️ AccTrie Delete: post-delete root_hash=[44, d9, 54, 99, 58, c8, 30, 90]...
🗑️ AccTrie Delete: keyword='exam', fid='educ_00000539' (removing entire key)
🗑️ AccTrie Delete: post-delete root_hash=[e6, 76, ee, ec, 7e, 3b, 9c, 77]...
🗑️ AccTrie Delete: keyword='diagnosis', fid='heal_00000540' (removing entire key)
🗑️ AccTrie Delete: post-delete root_hash=[e6, 76, ee, ec, 7e, 3b, 9c, 77]...
❌ AccTrie Batch Add: item ('data','scie_00000542') failed: Cannot create leaf with empty suffix
🔍 AccTrie Query: keyword='science', found 1 fids
🔍 AccTrie Query: returning proof (362 bytes)
🗑️ AccTrie Delete: keyword='science', fid='scie_00000542' (removing entire key)
🗑️ AccTrie Delete: post-delete root_hash=[e6, 76, ee, ec, 7e, 3b, 9c, 77]...
🗑️ AccTrie Delete: keyword='data', fid='scie_00000542' (removing entire key)
⚠️ AccTrie Delete: delete entire key failed: Key not found
🗑️ AccTrie Delete: post-delete root_hash=[e6, 76, ee, ec, 7e, 3b, 9c, 77]...
⚠️ AccTrie Delete: keyword='science' not found in storage
🗑️ AccTrie Delete: keyword='science', fid='scie_00000542' (removing entire key)
⚠️ AccTrie Delete: delete entire key failed: Key not found
🗑️ AccTrie Delete: post-delete root_hash=[e6, 76, ee, ec, 7e, 3b, 9c, 77]...
🔍 AccTrie Query: keyword='science', found 1 fids
🔍 AccTrie Query: returning proof (362 bytes)
🗑️ AccTrie Delete: keyword='science', fid='scie_00000543' (removing entire key)
🗑️ AccTrie Delete: post-delete root_hash=[e6, 76, ee, ec, 7e, 3b, 9c, 77]...
⚠️ AccTrie Delete: keyword='science' not found in storage
🗑️ AccTrie Delete: keyword='science', fid='scie_00000543' (removing entire key)
⚠️ AccTrie Delete: delete entire key failed: Key not found
🗑️ AccTrie Delete: post-delete root_hash=[e6, 76, ee, ec, 7e, 3b, 9c, 77]...
🔧 AccTrie Add: keyword='nutrition', fid='heal_00000544' (success)
🔧 AccTrie Add: proof size=473 bytes, root_hash=[07, 9d, ca, 10, 8a, 18, 40, 25]...
🗑️ AccTrie Delete: keyword='nutrition', fid='heal_00000544' (removing entire key)
🗑️ AccTrie Delete: post-delete root_hash=[e6, 76, ee, ec, 7e, 3b, 9c, 77]...
🗑️ AccTrie Delete: keyword='diagnosis', fid='heal_00000546' (removing entire key)
🗑️ AccTrie Delete: post-delete root_hash=[e6, 76, ee, ec, 7e, 3b, 9c, 77]...
🔧 AccTrie Add: keyword='assignment', fid='educ_00000547' (success)
🔧 AccTrie Add: proof size=674 bytes, root_hash=[45, c5, 4d, 7e, 46, b8, 05, ad]...
🗑️ AccTrie Delete: keyword='assignment', fid='educ_00000547' (removing entire key)
🗑️ AccTrie Delete: post-delete root_hash=[21, 3f, f0, 3e, 6f, fe, 24, 8d]...
🗑️ AccTrie Delete: keyword='teacher', fid='educ_00000547' (removing entire key)
🗑️ AccTrie Delete: post-delete root_hash=[a9, 3e, b7, c7, 5d, f9, e2, be]...
🗑️ AccTrie Delete: keyword='student', fid='educ_00000547' (removing entire key)
🗑️ AccTrie Delete: post-delete root_hash=[e6, 76, ee, ec, 7e, 3b, 9c, 77]...
🔍 AccTrie Query: keyword='entertainment', found 1 fids
🔍 AccTrie Query: returning proof (468 bytes)
🗑️ AccTrie Delete: keyword='entertainment', fid='ente_00000548' (removing entire key)
🗑️ AccTrie Delete: post-delete root_hash=[09, 96, 9c, 2e, ce, fa, 7b, d0]...
🔧 AccTrie Add: keyword='streaming', fid='ente_00000548' (success)
🔧 AccTrie Add: proof size=473 bytes, root_hash=[09, 96, 9c, 2e, ce, fa, 7b, d0]...
⚠️ AccTrie Delete: keyword='entertainment' not found in storage
🗑️ AccTrie Delete: keyword='entertainment', fid='ente_00000548' (removing entire key)
⚠️ AccTrie Delete: delete entire key failed: Key not found
🗑️ AccTrie Delete: post-delete root_hash=[09, 96, 9c, 2e, ce, fa, 7b, d0]...
🗑️ AccTrie Delete: keyword='streaming', fid='ente_00000548' (removing entire key)
🗑️ AccTrie Delete: post-delete root_hash=[e6, 76, ee, ec, 7e, 3b, 9c, 77]...
🔍 AccTrie Query: keyword='science', found 1 fids
🔍 AccTrie Query: returning proof (362 bytes)
🗑️ AccTrie Delete: keyword='science', fid='scie_00000549' (removing entire key)
🗑️ AccTrie Delete: post-delete root_hash=[e6, 76, ee, ec, 7e, 3b, 9c, 77]...
⚠️ AccTrie Delete: keyword='science' not found in storage
🗑️ AccTrie Delete: keyword='science', fid='scie_00000549' (removing entire key)
⚠️ AccTrie Delete: delete entire key failed: Key not found
🗑️ AccTrie Delete: post-delete root_hash=[e6, 76, ee, ec, 7e, 3b, 9c, 77]...
🔧 AccTrie Add: keyword='server', fid='tech_00000550' (success)
🔧 AccTrie Add: proof size=470 bytes, root_hash=[8d, 07, 6d, 13, e9, 94, 11, 5d]...
🗑️ AccTrie Delete: keyword='server', fid='tech_00000550' (removing entire key)
🗑️ AccTrie Delete: post-delete root_hash=[e6, 76, ee, ec, 7e, 3b, 9c, 77]...
🔍 AccTrie Query: keyword='science', found 1 fids
🔍 AccTrie Query: returning proof (362 bytes)
🗑️ AccTrie Delete: keyword='science', fid='scie_00000555' (removing entire key)
🗑️ AccTrie Delete: post-delete root_hash=[e6, 76, ee, ec, 7e, 3b, 9c, 77]...
⚠️ AccTrie Delete: keyword='science' not found in storage
🗑️ AccTrie Delete: keyword='science', fid='scie_00000555' (removing entire key)
⚠️ AccTrie Delete: delete entire key failed: Key not found
🗑️ AccTrie Delete: post-delete root_hash=[e6, 76, ee, ec, 7e, 3b, 9c, 77]...
🗑️ AccTrie Delete: keyword='ml', fid='tech_00000557' (removing entire key)
🗑️ AccTrie Delete: post-delete root_hash=[13, 45, 12, f3, 9e, aa, 2f, 85]...
🗑️ AccTrie Delete: keyword='database', fid='tech_00000557' (removing entire key)
🗑️ AccTrie Delete: post-delete root_hash=[e6, 76, ee, ec, 7e, 3b, 9c, 77]...
🔍 AccTrie Query: keyword='entertainment', found 1 fids
🔍 AccTrie Query: returning proof (568 bytes)
🗑️ AccTrie Delete: keyword='entertainment', fid='ente_00000559' (removing entire key)
🗑️ AccTrie Delete: post-delete root_hash=[d7, a9, 2b, bb, 6c, fc, 09, c4]...
🔧 AccTrie Add: keyword='streaming', fid='ente_00000559' (success)
🔧 AccTrie Add: proof size=573 bytes, root_hash=[d7, a9, 2b, bb, 6c, fc, 09, c4]...
🗑️ AccTrie Delete: keyword='streaming', fid='ente_00000559' (removing entire key)
🗑️ AccTrie Delete: post-delete root_hash=[ee, 1d, d8, b6, 12, d0, b1, ce]...
🗑️ AccTrie Delete: keyword='celebrity', fid='ente_00000559' (removing entire key)
🗑️ AccTrie Delete: post-delete root_hash=[e6, 76, ee, ec, 7e, 3b, 9c, 77]...
⚠️ AccTrie Delete: keyword='entertainment' not found in storage
🗑️ AccTrie Delete: keyword='entertainment', fid='ente_00000559' (removing entire key)
⚠️ AccTrie Delete: delete entire key failed: Key not found
🗑️ AccTrie Delete: post-delete root_hash=[e6, 76, ee, ec, 7e, 3b, 9c, 77]...
🔍 AccTrie Query: keyword='science', found 1 fids
🔍 AccTrie Query: returning proof (362 bytes)
🗑️ AccTrie Delete: keyword='science', fid='scie_00000561' (removing entire key)
🗑️ AccTrie Delete: post-delete root_hash=[e6, 76, ee, ec, 7e, 3b, 9c, 77]...
⚠️ AccTrie Delete: keyword='science' not found in storage
🗑️ AccTrie Delete: keyword='science', fid='scie_00000561' (removing entire key)
⚠️ AccTrie Delete: delete entire key failed: Key not found
🗑️ AccTrie Delete: post-delete root_hash=[e6, 76, ee, ec, 7e, 3b, 9c, 77]...
🔧 AccTrie Add: keyword='diagnosis', fid='heal_00000563' (success)
🔧 AccTrie Add: proof size=573 bytes, root_hash=[61, b3, cb, 3a, bf, 89, b8, 3f]...
🗑️ AccTrie Delete: keyword='medical', fid='heal_00000563' (removing entire key)
🗑️ AccTrie Delete: post-delete root_hash=[5b, 87, 1d, 5c, a7, 75, 06, f1]...
🗑️ AccTrie Delete: keyword='diagnosis', fid='heal_00000563' (removing entire key)
🗑️ AccTrie Delete: post-delete root_hash=[e6, 76, ee, ec, 7e, 3b, 9c, 77]...
🗑️ AccTrie Delete: keyword='announcement', fid='news_00000564' (removing entire key)
🗑️ AccTrie Delete: post-delete root_hash=[e6, 76, ee, ec, 7e, 3b, 9c, 77]...
🗑️ AccTrie Delete: keyword='medical', fid='heal_00000565' (removing entire key)
🗑️ AccTrie Delete: post-delete root_hash=[e6, 76, ee, ec, 7e, 3b, 9c, 77]...
🔍 AccTrie Query: keyword='science', found 1 fids
🔍 AccTrie Query: returning proof (362 bytes)
🗑️ AccTrie Delete: keyword='science', fid='scie_00000569' (removing entire key)
🗑️ AccTrie Delete: post-delete root_hash=[e6, 76, ee, ec, 7e, 3b, 9c, 77]...
⚠️ AccTrie Delete: keyword='science' not found in storage
🗑️ AccTrie Delete: keyword='science', fid='scie_00000569' (removing entire key)
⚠️ AccTrie Delete: delete entire key failed: Key not found
🗑️ AccTrie Delete: post-delete root_hash=[e6, 76, ee, ec, 7e, 3b, 9c, 77]...
🔧 AccTrie Add: keyword='nutrition', fid='heal_00000572' (success)
🔧 AccTrie Add: proof size=473 bytes, root_hash=[96, 10, ab, 1c, cc, 9a, 17, c1]...
🗑️ AccTrie Delete: keyword='nutrition', fid='heal_00000572' (removing entire key)
🗑️ AccTrie Delete: post-delete root_hash=[e6, 76, ee, ec, 7e, 3b, 9c, 77]...
🗑️ AccTrie Delete: keyword='soccer', fid='spor_00000573' (removing entire key)
🗑️ AccTrie Delete: post-delete root_hash=[e6, 76, ee, ec, 7e, 3b, 9c, 77]...
🗑️ AccTrie Delete: keyword='diagnosis', fid='heal_00000574' (removing entire key)
🗑️ AccTrie Delete: post-delete root_hash=[91, ed, 53, b7, 3c, a5, f5, e1]...
🗑️ AccTrie Delete: keyword='nutrition', fid='heal_00000574' (removing entire key)
🗑️ AccTrie Delete: post-delete root_hash=[e6, 76, ee, ec, 7e, 3b, 9c, 77]...
🗑️ AccTrie Delete: keyword='announcement', fid='news_00000575' (removing entire key)
🗑️ AccTrie Delete: post-delete root_hash=[e6, 76, ee, ec, 7e, 3b, 9c, 77]...
🔍 AccTrie Query: keyword='entertainment', found 1 fids
🔍 AccTrie Query: returning proof (468 bytes)
🗑️ AccTrie Delete: keyword='entertainment', fid='ente_00000576' (removing entire key)
🗑️ AccTrie Delete: post-delete root_hash=[fb, b0, ef, 23, db, ae, 28, 94]...
⚠️ AccTrie Delete: keyword='entertainment' not found in storage
🗑️ AccTrie Delete: keyword='entertainment', fid='ente_00000576' (removing entire key)
⚠️ AccTrie Delete: delete entire key failed: Key not found
🗑️ AccTrie Delete: post-delete root_hash=[fb, b0, ef, 23, db, ae, 28, 94]...
🗑️ AccTrie Delete: keyword='music', fid='ente_00000576' (removing entire key)
🗑️ AccTrie Delete: post-delete root_hash=[e6, 76, ee, ec, 7e, 3b, 9c, 77]...
🗑️ AccTrie Delete: keyword='investment', fid='busi_00000578' (removing entire key)
🗑️ AccTrie Delete: post-delete root_hash=[e6, 76, ee, ec, 7e, 3b, 9c, 77]...
🗑️ AccTrie Delete: keyword='exam', fid='educ_00000579' (removing entire key)
🗑️ AccTrie Delete: post-delete root_hash=[e6, 76, ee, ec, 7e, 3b, 9c, 77]...
🗑️ AccTrie Delete: keyword='server', fid='tech_00000581' (removing entire key)
🗑️ AccTrie Delete: post-delete root_hash=[e6, 76, ee, ec, 7e, 3b, 9c, 77]...
🗑️ AccTrie Delete: keyword='teacher', fid='educ_00000584' (removing entire key)
🗑️ AccTrie Delete: post-delete root_hash=[ed, 68, 8d, c1, 43, 2a, 64, 5c]...
🗑️ AccTrie Delete: keyword='study', fid='educ_00000584' (removing entire key)
🗑️ AccTrie Delete: post-delete root_hash=[25, 5b, 82, 77, 32, 24, 96, 40]...
🗑️ AccTrie Delete: keyword='student', fid='educ_00000584' (removing entire key)
🗑️ AccTrie Delete: post-delete root_hash=[c6, e8, 47, 6e, 8a, 4d, 33, e6]...
🗑️ AccTrie Delete: keyword='assignment', fid='educ_00000584' (removing entire key)
🗑️ AccTrie Delete: post-delete root_hash=[e6, 76, ee, ec, 7e, 3b, 9c, 77]...
🔍 AccTrie Query: keyword='science', found 1 fids
🔍 AccTrie Query: returning proof (362 bytes)
🗑️ AccTrie Delete: keyword='science', fid='scie_00000587' (removing entire key)
🗑️ AccTrie Delete: post-delete root_hash=[e6, 76, ee, ec, 7e, 3b, 9c, 77]...
⚠️ AccTrie Delete: keyword='science' not found in storage
🗑️ AccTrie Delete: keyword='science', fid='scie_00000587' (removing entire key)
⚠️ AccTrie Delete: delete entire key failed: Key not found
🗑️ AccTrie Delete: post-delete root_hash=[e6, 76, ee, ec, 7e, 3b, 9c, 77]...
🔍 AccTrie Query: keyword='entertainment', found 1 fids
🔍 AccTrie Query: returning proof (468 bytes)
🗑️ AccTrie Delete: keyword='entertainment', fid='ente_00000589' (removing entire key)
🗑️ AccTrie Delete: post-delete root_hash=[56, e5, 1c, df, 20, 0b, 60, 7a]...
🔧 AccTrie Add: keyword='celebrity', fid='ente_00000589' (success)
🔧 AccTrie Add: proof size=473 bytes, root_hash=[56, e5, 1c, df, 20, 0b, 60, 7a]...
⚠️ AccTrie Delete: keyword='entertainment' not found in storage
🗑️ AccTrie Delete: keyword='entertainment', fid='ente_00000589' (removing entire key)
⚠️ AccTrie Delete: delete entire key failed: Key not found
🗑️ AccTrie Delete: post-delete root_hash=[56, e5, 1c, df, 20, 0b, 60, 7a]...
🗑️ AccTrie Delete: keyword='celebrity', fid='ente_00000589' (removing entire key)
🗑️ AccTrie Delete: post-delete root_hash=[e6, 76, ee, ec, 7e, 3b, 9c, 77]...
🗑️ AccTrie Delete: keyword='revenue', fid='busi_00000590' (removing entire key)
🗑️ AccTrie Delete: post-delete root_hash=[e6, 76, ee, ec, 7e, 3b, 9c, 77]...
🔍 AccTrie Query: keyword='science', found 1 fids
🔍 AccTrie Query: returning proof (362 bytes)
🗑️ AccTrie Delete: keyword='science', fid='scie_00000591' (removing entire key)
🗑️ AccTrie Delete: post-delete root_hash=[e6, 76, ee, ec, 7e, 3b, 9c, 77]...
⚠️ AccTrie Delete: keyword='science' not found in storage
🗑️ AccTrie Delete: keyword='science', fid='scie_00000591' (removing entire key)
⚠️ AccTrie Delete: delete entire key failed: Key not found
🗑️ AccTrie Delete: post-delete root_hash=[e6, 76, ee, ec, 7e, 3b, 9c, 77]...
🗑️ AccTrie Delete: keyword='soccer', fid='spor_00000592' (removing entire key)
🗑️ AccTrie Delete: post-delete root_hash=[e6, 76, ee, ec, 7e, 3b, 9c, 77]...
🔧 AccTrie Add: keyword='medical', fid='heal_00000593' (success)
🔧 AccTrie Add: proof size=471 bytes, root_hash=[ec, a1, 00, 22, be, 89, f8, 53]...
🗑️ AccTrie Delete: keyword='medical', fid='heal_00000593' (removing entire key)
🗑️ AccTrie Delete: post-delete root_hash=[e6, 76, ee, ec, 7e, 3b, 9c, 77]...
🗑️ AccTrie Delete: keyword='international', fid='news_00000596' (removing entire key)
🗑️ AccTrie Delete: post-delete root_hash=[e6, 76, ee, ec, 7e, 3b, 9c, 77]...
🔍 AccTrie Query: keyword='science', found 1 fids
🔍 AccTrie Query: returning proof (362 bytes)
🗑️ AccTrie Delete: keyword='science', fid='scie_00000598' (removing entire key)
🗑️ AccTrie Delete: post-delete root_hash=[e6, 76, ee, ec, 7e, 3b, 9c, 77]...
⚠️ AccTrie Delete: keyword='science' not found in storage
🗑️ AccTrie Delete: keyword='science', fid='scie_00000598' (removing entire key)
⚠️ AccTrie Delete: delete entire key failed: Key not found
🗑️ AccTrie Delete: post-delete root_hash=[e6, 76, ee, ec, 7e, 3b, 9c, 77]...
🔧 AccTrie Add: keyword='database', fid='tech_00000607' (success)
🔧 AccTrie Add: proof size=572 bytes, root_hash=[6c, a0, 3f, b2, 69, f8, 2c, a0]...
🗑️ AccTrie Delete: keyword='ml', fid='tech_00000607' (removing entire key)
🗑️ AccTrie Delete: post-delete root_hash=[a9, 37, be, 7b, 38, ef, 81, c7]...
🗑️ AccTrie Delete: keyword='database', fid='tech_00000607' (removing entire key)
🗑️ AccTrie Delete: post-delete root_hash=[e6, 76, ee, ec, 7e, 3b, 9c, 77]...
🔧 AccTrie Add: keyword='basketball', fid='spor_00000608' (success)
🔧 AccTrie Add: proof size=474 bytes, root_hash=[68, 4c, ee, 19, e2, 9d, 5d, e9]...
🗑️ AccTrie Delete: keyword='basketball', fid='spor_00000608' (removing entire key)
🗑️ AccTrie Delete: post-delete root_hash=[e6, 76, ee, ec, 7e, 3b, 9c, 77]...
🗑️ AccTrie Delete: keyword='medical', fid='heal_00000609' (removing entire key)
🗑️ AccTrie Delete: post-delete root_hash=[e6, 76, ee, ec, 7e, 3b, 9c, 77]...
🔍 AccTrie Query: keyword='science', found 1 fids
🔍 AccTrie Query: returning proof (362 bytes)
🗑️ AccTrie Delete: keyword='science', fid='scie_00000610' (removing entire key)
🗑️ AccTrie Delete: post-delete root_hash=[e6, 76, ee, ec, 7e, 3b, 9c, 77]...
⚠️ AccTrie Delete: keyword='science' not found in storage
🗑️ AccTrie Delete: keyword='science', fid='scie_00000610' (removing entire key)
⚠️ AccTrie Delete: delete entire key failed: Key not found
🗑️ AccTrie Delete: post-delete root_hash=[e6, 76, ee, ec, 7e, 3b, 9c, 77]...
🔧 AccTrie Add: keyword='diagnosis', fid='heal_00000612' (success)
🔧 AccTrie Add: proof size=473 bytes, root_hash=[73, 0b, 23, a5, 90, 83, da, 19]...
🗑️ AccTrie Delete: keyword='diagnosis', fid='heal_00000612' (removing entire key)
🗑️ AccTrie Delete: post-delete root_hash=[e6, 76, ee, ec, 7e, 3b, 9c, 77]...
🗑️ AccTrie Delete: keyword='student', fid='educ_00000613' (removing entire key)
🗑️ AccTrie Delete: post-delete root_hash=[e6, 76, ee, ec, 7e, 3b, 9c, 77]...
🔧 AccTrie Add: keyword='hardware', fid='tech_00000615' (success)
🔧 AccTrie Add: proof size=472 bytes, root_hash=[4d, 17, 50, 0e, d0, 55, f2, 75]...
🗑️ AccTrie Delete: keyword='hardware', fid='tech_00000615' (removing entire key)
🗑️ AccTrie Delete: post-delete root_hash=[e6, 76, ee, ec, 7e, 3b, 9c, 77]...
🔧 AccTrie Add: keyword='conservation', fid='envi_00000626' (success)
🔧 AccTrie Add: proof size=476 bytes, root_hash=[28, 1c, a8, ea, 30, bc, 7a, f4]...
🗑️ AccTrie Delete: keyword='conservation', fid='envi_00000626' (removing entire key)
🗑️ AccTrie Delete: post-delete root_hash=[e6, 76, ee, ec, 7e, 3b, 9c, 77]...
🔧 AccTrie Add: keyword='international', fid='news_00000627' (success)
🔧 AccTrie Add: proof size=477 bytes, root_hash=[82, c1, c1, 7d, a8, 69, 57, ba]...
🗑️ AccTrie Delete: keyword='international', fid='news_00000627' (removing entire key)
🗑️ AccTrie Delete: post-delete root_hash=[e6, 76, ee, ec, 7e, 3b, 9c, 77]...
🔍 AccTrie Query: keyword='science', found 1 fids
🔍 AccTrie Query: returning proof (362 bytes)
🗑️ AccTrie Delete: keyword='science', fid='scie_00000629' (removing entire key)
🗑️ AccTrie Delete: post-delete root_hash=[e6, 76, ee, ec, 7e, 3b, 9c, 77]...
⚠️ AccTrie Delete: keyword='science' not found in storage
🗑️ AccTrie Delete: keyword='science', fid='scie_00000629' (removing entire key)
⚠️ AccTrie Delete: delete entire key failed: Key not found
🗑️ AccTrie Delete: post-delete root_hash=[e6, 76, ee, ec, 7e, 3b, 9c, 77]...
🔍 AccTrie Query: keyword='entertainment', found 1 fids
🔍 AccTrie Query: returning proof (368 bytes)
🗑️ AccTrie Delete: keyword='entertainment', fid='ente_00000630' (removing entire key)
🗑️ AccTrie Delete: post-delete root_hash=[e6, 76, ee, ec, 7e, 3b, 9c, 77]...
⚠️ AccTrie Delete: keyword='entertainment' not found in storage
🗑️ AccTrie Delete: keyword='entertainment', fid='ente_00000630' (removing entire key)
⚠️ AccTrie Delete: delete entire key failed: Key not found
🗑️ AccTrie Delete: post-delete root_hash=[e6, 76, ee, ec, 7e, 3b, 9c, 77]...
🔍 AccTrie Query: keyword='science', found 1 fids
🔍 AccTrie Query: returning proof (362 bytes)
🗑️ AccTrie Delete: keyword='science', fid='scie_00000632' (removing entire key)
🗑️ AccTrie Delete: post-delete root_hash=[e6, 76, ee, ec, 7e, 3b, 9c, 77]...
⚠️ AccTrie Delete: keyword='science' not found in storage
🗑️ AccTrie Delete: keyword='science', fid='scie_00000632' (removing entire key)
⚠️ AccTrie Delete: delete entire key failed: Key not found
🗑️ AccTrie Delete: post-delete root_hash=[e6, 76, ee, ec, 7e, 3b, 9c, 77]...
🔍 AccTrie Query: keyword='entertainment', found 1 fids
🔍 AccTrie Query: returning proof (568 bytes)
🗑️ AccTrie Delete: keyword='entertainment', fid='ente_00000633' (removing entire key)
🗑️ AccTrie Delete: post-delete root_hash=[d1, da, 24, 00, af, 51, f7, ff]...
🗑️ AccTrie Delete: keyword='drama', fid='ente_00000633' (removing entire key)
🗑️ AccTrie Delete: post-delete root_hash=[9e, ce, fc, 8b, 42, 80, 69, 58]...
⚠️ AccTrie Delete: keyword='entertainment' not found in storage
🗑️ AccTrie Delete: keyword='entertainment', fid='ente_00000633' (removing entire key)
⚠️ AccTrie Delete: delete entire key failed: Key not found
🗑️ AccTrie Delete: post-delete root_hash=[9e, ce, fc, 8b, 42, 80, 69, 58]...
🗑️ AccTrie Delete: keyword='music', fid='ente_00000633' (removing entire key)
🗑️ AccTrie Delete: post-delete root_hash=[e6, 76, ee, ec, 7e, 3b, 9c, 77]...
🔧 AccTrie Add: keyword='database', fid='tech_00000634' (success)
🔧 AccTrie Add: proof size=472 bytes, root_hash=[6a, 8f, 5b, 21, b4, 3a, e3, bf]...
🗑️ AccTrie Delete: keyword='database', fid='tech_00000634' (removing entire key)
🗑️ AccTrie Delete: post-delete root_hash=[e6, 76, ee, ec, 7e, 3b, 9c, 77]...
🗑️ AccTrie Delete: keyword='server', fid='tech_00000635' (removing entire key)
🗑️ AccTrie Delete: post-delete root_hash=[e6, 76, ee, ec, 7e, 3b, 9c, 77]...
🔧 AccTrie Add: keyword='conservation', fid='envi_00000637' (success)
🔧 AccTrie Add: proof size=476 bytes, root_hash=[7b, a6, c6, b4, 91, 7f, f4, 4e]...
🗑️ AccTrie Delete: keyword='conservation', fid='envi_00000637' (removing entire key)
🗑️ AccTrie Delete: post-delete root_hash=[e6, 76, ee, ec, 7e, 3b, 9c, 77]...
🔍 AccTrie Query: keyword='entertainment', found 1 fids
🔍 AccTrie Query: returning proof (568 bytes)
🗑️ AccTrie Delete: keyword='entertainment', fid='ente_00000638' (removing entire key)
🗑️ AccTrie Delete: post-delete root_hash=[db, a7, c2, b3, 33, 48, fb, 7a]...
🔧 AccTrie Add: keyword='album', fid='ente_00000638' (success)
🔧 AccTrie Add: proof size=569 bytes, root_hash=[db, a7, c2, b3, 33, 48, fb, 7a]...
⚠️ AccTrie Delete: keyword='entertainment' not found in storage
🗑️ AccTrie Delete: keyword='entertainment', fid='ente_00000638' (removing entire key)
⚠️ AccTrie Delete: delete entire key failed: Key not found
🗑️ AccTrie Delete: post-delete root_hash=[db, a7, c2, b3, 33, 48, fb, 7a]...
🗑️ AccTrie Delete: keyword='album', fid='ente_00000638' (removing entire key)
🗑️ AccTrie Delete: post-delete root_hash=[97, 1a, a0, 6e, ba, 69, 70, 26]...
🗑️ AccTrie Delete: keyword='video', fid='ente_00000638' (removing entire key)
🗑️ AccTrie Delete: post-delete root_hash=[e6, 76, ee, ec, 7e, 3b, 9c, 77]...
🔧 AccTrie Add: keyword='announcement', fid='news_00000639' (success)
🔧 AccTrie Add: proof size=476 bytes, root_hash=[d6, 0e, b8, 82, 47, 7f, dc, 46]...
🗑️ AccTrie Delete: keyword='announcement', fid='news_00000639' (removing entire key)
🗑️ AccTrie Delete: post-delete root_hash=[e6, 76, ee, ec, 7e, 3b, 9c, 77]...
🔧 AccTrie Add: keyword='investment', fid='busi_00000642' (success)
🔧 AccTrie Add: proof size=474 bytes, root_hash=[e0, aa, 75, 9f, 6f, f5, 21, 62]...
🗑️ AccTrie Delete: keyword='investment', fid='busi_00000642' (removing entire key)
🗑️ AccTrie Delete: post-delete root_hash=[e6, 76, ee, ec, 7e, 3b, 9c, 77]...
🔧 AccTrie Add: keyword='announcement', fid='news_00000643' (success)
🔧 AccTrie Add: proof size=476 bytes, root_hash=[5e, 80, 06, 22, 31, 1f, a9, a5]...
🗑️ AccTrie Delete: keyword='announcement', fid='news_00000643' (removing entire key)
🗑️ AccTrie Delete: post-delete root_hash=[e6, 76, ee, ec, 7e, 3b, 9c, 77]...
🔍 AccTrie Query: keyword='entertainment', found 1 fids
🔍 AccTrie Query: returning proof (468 bytes)
🗑️ AccTrie Delete: keyword='entertainment', fid='ente_00000644' (removing entire key)
🗑️ AccTrie Delete: post-delete root_hash=[d6, 1e, 7e, a8, 16, b9, ff, 35]...
🔧 AccTrie Add: keyword='streaming', fid='ente_00000644' (success)
🔧 AccTrie Add: proof size=473 bytes, root_hash=[d6, 1e, 7e, a8, 16, b9, ff, 35]...
🗑️ AccTrie Delete: keyword='streaming', fid='ente_00000644' (removing entire key)
🗑️ AccTrie Delete: post-delete root_hash=[e6, 76, ee, ec, 7e, 3b, 9c, 77]...
⚠️ AccTrie Delete: keyword='entertainment' not found in storage
🗑️ AccTrie Delete: keyword='entertainment', fid='ente_00000644' (removing entire key)
⚠️ AccTrie Delete: delete entire key failed: Key not found
🗑️ AccTrie Delete: post-delete root_hash=[e6, 76, ee, ec, 7e, 3b, 9c, 77]...
🔧 AccTrie Add: keyword='nutrition', fid='heal_00000648' (success)
🔧 AccTrie Add: proof size=573 bytes, root_hash=[4d, b0, 05, d5, 2b, c8, bb, 24]...
🗑️ AccTrie Delete: keyword='diagnosis', fid='heal_00000648' (removing entire key)
🗑️ AccTrie Delete: post-delete root_hash=[dc, 6b, f2, b1, bc, 7d, c0, d1]...
🗑️ AccTrie Delete: keyword='nutrition', fid='heal_00000648' (removing entire key)
🗑️ AccTrie Delete: post-delete root_hash=[e6, 76, ee, ec, 7e, 3b, 9c, 77]...
❌ AccTrie Batch Add: item ('data','scie_00000649') failed: Cannot create leaf with empty suffix
🔍 AccTrie Query: keyword='science', found 1 fids
🔍 AccTrie Query: returning proof (362 bytes)
🗑️ AccTrie Delete: keyword='science', fid='scie_00000649' (removing entire key)
🗑️ AccTrie Delete: post-delete root_hash=[e6, 76, ee, ec, 7e, 3b, 9c, 77]...
⚠️ AccTrie Delete: keyword='science' not found in storage
🗑️ AccTrie Delete: keyword='science', fid='scie_00000649' (removing entire key)
⚠️ AccTrie Delete: delete entire key failed: Key not found
🗑️ AccTrie Delete: post-delete root_hash=[e6, 76, ee, ec, 7e, 3b, 9c, 77]...
🗑️ AccTrie Delete: keyword='data', fid='scie_00000649' (removing entire key)
⚠️ AccTrie Delete: delete entire key failed: Key not found
🗑️ AccTrie Delete: post-delete root_hash=[e6, 76, ee, ec, 7e, 3b, 9c, 77]...
🔍 AccTrie Query: keyword='entertainment', found 1 fids
🔍 AccTrie Query: returning proof (568 bytes)
🗑️ AccTrie Delete: keyword='entertainment', fid='ente_00000655' (removing entire key)
🗑️ AccTrie Delete: post-delete root_hash=[ec, 2a, 86, 43, 39, 80, 9f, a7]...
🔧 AccTrie Add: keyword='album', fid='ente_00000655' (success)
🔧 AccTrie Add: proof size=569 bytes, root_hash=[ec, 2a, 86, 43, 39, 80, 9f, a7]...
🗑️ AccTrie Delete: keyword='celebrity', fid='ente_00000655' (removing entire key)
🗑️ AccTrie Delete: post-delete root_hash=[13, 10, 57, cc, d5, ac, a6, a6]...
⚠️ AccTrie Delete: keyword='entertainment' not found in storage
🗑️ AccTrie Delete: keyword='entertainment', fid='ente_00000655' (removing entire key)
⚠️ AccTrie Delete: delete entire key failed: Key not found
🗑️ AccTrie Delete: post-delete root_hash=[13, 10, 57, cc, d5, ac, a6, a6]...
🗑️ AccTrie Delete: keyword='album', fid='ente_00000655' (removing entire key)
🗑️ AccTrie Delete: post-delete root_hash=[e6, 76, ee, ec, 7e, 3b, 9c, 77]...
🔍 AccTrie Query: keyword='entertainment', found 1 fids
🔍 AccTrie Query: returning proof (468 bytes)
🗑️ AccTrie Delete: keyword='entertainment', fid='ente_00000660' (removing entire key)
🗑️ AccTrie Delete: post-delete root_hash=[d3, 27, 5f, 82, 8f, d1, 16, fb]...
🔧 AccTrie Add: keyword='video', fid='ente_00000660' (success)
🔧 AccTrie Add: proof size=469 bytes, root_hash=[d3, 27, 5f, 82, 8f, d1, 16, fb]...
⚠️ AccTrie Delete: keyword='entertainment' not found in storage
🗑️ AccTrie Delete: keyword='entertainment', fid='ente_00000660' (removing entire key)
⚠️ AccTrie Delete: delete entire key failed: Key not found
🗑️ AccTrie Delete: post-delete root_hash=[d3, 27, 5f, 82, 8f, d1, 16, fb]...
🗑️ AccTrie Delete: keyword='video', fid='ente_00000660' (removing entire key)
🗑️ AccTrie Delete: post-delete root_hash=[e6, 76, ee, ec, 7e, 3b, 9c, 77]...
🔍 AccTrie Query: keyword='entertainment', found 1 fids
🔍 AccTrie Query: returning proof (568 bytes)
🗑️ AccTrie Delete: keyword='entertainment', fid='ente_00000661' (removing entire key)
🗑️ AccTrie Delete: post-delete root_hash=[90, 1d, 34, 0d, 11, fd, 9b, cc]...
🗑️ AccTrie Delete: keyword='music', fid='ente_00000661' (removing entire key)
🗑️ AccTrie Delete: post-delete root_hash=[b8, 73, e9, b6, 72, 6f, bf, fe]...
🗑️ AccTrie Delete: keyword='album', fid='ente_00000661' (removing entire key)
🗑️ AccTrie Delete: post-delete root_hash=[e6, 76, ee, ec, 7e, 3b, 9c, 77]...
⚠️ AccTrie Delete: keyword='entertainment' not found in storage
🗑️ AccTrie Delete: keyword='entertainment', fid='ente_00000661' (removing entire key)
⚠️ AccTrie Delete: delete entire key failed: Key not found
🗑️ AccTrie Delete: post-delete root_hash=[e6, 76, ee, ec, 7e, 3b, 9c, 77]...
🔧 AccTrie Add: keyword='exam', fid='educ_00000662' (success)
🔧 AccTrie Add: proof size=468 bytes, root_hash=[7a, 36, 4e, db, cf, 87, 16, 28]...
🗑️ AccTrie Delete: keyword='exam', fid='educ_00000662' (removing entire key)
🗑️ AccTrie Delete: post-delete root_hash=[e6, 76, ee, ec, 7e, 3b, 9c, 77]...
🔍 AccTrie Query: keyword='science', found 1 fids
🔍 AccTrie Query: returning proof (362 bytes)
🗑️ AccTrie Delete: keyword='science', fid='scie_00000668' (removing entire key)
🗑️ AccTrie Delete: post-delete root_hash=[e6, 76, ee, ec, 7e, 3b, 9c, 77]...
⚠️ AccTrie Delete: keyword='science' not found in storage
🗑️ AccTrie Delete: keyword='science', fid='scie_00000668' (removing entire key)
⚠️ AccTrie Delete: delete entire key failed: Key not found
🗑️ AccTrie Delete: post-delete root_hash=[e6, 76, ee, ec, 7e, 3b, 9c, 77]...
🔧 AccTrie Add: keyword='medical', fid='heal_00000669' (success)
🔧 AccTrie Add: proof size=471 bytes, root_hash=[81, 8d, 71, e7, 7c, 25, 74, 7d]...
🗑️ AccTrie Delete: keyword='medical', fid='heal_00000669' (removing entire key)
🗑️ AccTrie Delete: post-delete root_hash=[e6, 76, ee, ec, 7e, 3b, 9c, 77]...
🔧 AccTrie Add: keyword='assignment', fid='educ_00000670' (success)
🔧 AccTrie Add: proof size=674 bytes, root_hash=[e1, 53, f5, 35, ce, 7a, a8, ad]...
🗑️ AccTrie Delete: keyword='student', fid='educ_00000670' (removing entire key)
🗑️ AccTrie Delete: post-delete root_hash=[0e, 61, 43, 04, 1e, e7, d7, 9c]...
🗑️ AccTrie Delete: keyword='assignment', fid='educ_00000670' (removing entire key)
🗑️ AccTrie Delete: post-delete root_hash=[6a, 13, e4, f9, 13, 5f, f3, 74]...
🗑️ AccTrie Delete: keyword='learning', fid='educ_00000670' (removing entire key)
🗑️ AccTrie Delete: post-delete root_hash=[e6, 76, ee, ec, 7e, 3b, 9c, 77]...
🗑️ AccTrie Delete: keyword='ml', fid='tech_00000671' (removing entire key)
🗑️ AccTrie Delete: post-delete root_hash=[e6, 76, ee, ec, 7e, 3b, 9c, 77]...
🗑️ AccTrie Delete: keyword='assignment', fid='educ_00000674' (removing entire key)
🗑️ AccTrie Delete: post-delete root_hash=[e6, 76, ee, ec, 7e, 3b, 9c, 77]...
🔍 AccTrie Query: keyword='entertainment', found 1 fids
🔍 AccTrie Query: returning proof (568 bytes)
🗑️ AccTrie Delete: keyword='entertainment', fid='ente_00000675' (removing entire key)
🗑️ AccTrie Delete: post-delete root_hash=[48, 23, 8a, bf, 7c, 45, f5, 5a]...
🔧 AccTrie Add: keyword='music', fid='ente_00000675' (success)
🔧 AccTrie Add: proof size=569 bytes, root_hash=[48, 23, 8a, bf, 7c, 45, f5, 5a]...
⚠️ AccTrie Delete: keyword='entertainment' not found in storage
🗑️ AccTrie Delete: keyword='entertainment', fid='ente_00000675' (removing entire key)
⚠️ AccTrie Delete: delete entire key failed: Key not found
🗑️ AccTrie Delete: post-delete root_hash=[48, 23, 8a, bf, 7c, 45, f5, 5a]...
🗑️ AccTrie Delete: keyword='video', fid='ente_00000675' (removing entire key)
🗑️ AccTrie Delete: post-delete root_hash=[6a, 2b, cf, 5d, 53, 0b, 54, bb]...
🗑️ AccTrie Delete: keyword='music', fid='ente_00000675' (removing entire key)
🗑️ AccTrie Delete: post-delete root_hash=[e6, 76, ee, ec, 7e, 3b, 9c, 77]...
🔧 AccTrie Add: keyword='server', fid='tech_00000679' (success)
🔧 AccTrie Add: proof size=470 bytes, root_hash=[6e, b1, 25, 78, 2f, 9a, e1, cb]...
🗑️ AccTrie Delete: keyword='server', fid='tech_00000679' (removing entire key)
🗑️ AccTrie Delete: post-delete root_hash=[e6, 76, ee, ec, 7e, 3b, 9c, 77]...
🗑️ AccTrie Delete: keyword='server', fid='tech_00000680' (removing entire key)
🗑️ AccTrie Delete: post-delete root_hash=[e6, 76, ee, ec, 7e, 3b, 9c, 77]...
🗑️ AccTrie Delete: keyword='enterprise', fid='busi_00000683' (removing entire key)
🗑️ AccTrie Delete: post-delete root_hash=[e6, 76, ee, ec, 7e, 3b, 9c, 77]...
🔍 AccTrie Query: keyword='science', found 1 fids
🔍 AccTrie Query: returning proof (362 bytes)
🗑️ AccTrie Delete: keyword='science', fid='scie_00000684' (removing entire key)
🗑️ AccTrie Delete: post-delete root_hash=[e6, 76, ee, ec, 7e, 3b, 9c, 77]...
⚠️ AccTrie Delete: keyword='science' not found in storage
🗑️ AccTrie Delete: keyword='science', fid='scie_00000684' (removing entire key)
⚠️ AccTrie Delete: delete entire key failed: Key not found
🗑️ AccTrie Delete: post-delete root_hash=[e6, 76, ee, ec, 7e, 3b, 9c, 77]...
🔧 AccTrie Add: keyword='international', fid='news_00000687' (success)
🔧 AccTrie Add: proof size=577 bytes, root_hash=[d1, 26, b1, ac, 35, ec, ff, dc]...
🗑️ AccTrie Delete: keyword='international', fid='news_00000687' (removing entire key)
🗑️ AccTrie Delete: post-delete root_hash=[34, 11, 03, 6f, 54, 36, 96, af]...
🗑️ AccTrie Delete: keyword='announcement', fid='news_00000687' (removing entire key)
🗑️ AccTrie Delete: post-delete root_hash=[e6, 76, ee, ec, 7e, 3b, 9c, 77]...
🗑️ AccTrie Delete: keyword='nutrition', fid='heal_00000688' (removing entire key)
🗑️ AccTrie Delete: post-delete root_hash=[e6, 76, ee, ec, 7e, 3b, 9c, 77]...
🔍 AccTrie Query: keyword='science', found 1 fids
🔍 AccTrie Query: returning proof (362 bytes)
🗑️ AccTrie Delete: keyword='science', fid='scie_00000691' (removing entire key)
🗑️ AccTrie Delete: post-delete root_hash=[e6, 76, ee, ec, 7e, 3b, 9c, 77]...
⚠️ AccTrie Delete: keyword='science' not found in storage
🗑️ AccTrie Delete: keyword='science', fid='scie_00000691' (removing entire key)
⚠️ AccTrie Delete: delete entire key failed: Key not found
🗑️ AccTrie Delete: post-delete root_hash=[e6, 76, ee, ec, 7e, 3b, 9c, 77]...
🗑️ AccTrie Delete: keyword='ml', fid='tech_00000692' (removing entire key)
🗑️ AccTrie Delete: post-delete root_hash=[e6, 76, ee, ec, 7e, 3b, 9c, 77]...
🔧 AccTrie Add: keyword='revenue', fid='busi_00000693' (success)
🔧 AccTrie Add: proof size=471 bytes, root_hash=[48, 6a, 5b, cd, 38, 30, 33, 1d]...
🗑️ AccTrie Delete: keyword='revenue', fid='busi_00000693' (removing entire key)
🗑️ AccTrie Delete: post-delete root_hash=[e6, 76, ee, ec, 7e, 3b, 9c, 77]...
🔍 AccTrie Query: keyword='science', found 1 fids
🔍 AccTrie Query: returning proof (362 bytes)
🗑️ AccTrie Delete: keyword='science', fid='scie_00000694' (removing entire key)
🗑️ AccTrie Delete: post-delete root_hash=[e6, 76, ee, ec, 7e, 3b, 9c, 77]...
⚠️ AccTrie Delete: keyword='science' not found in storage
🗑️ AccTrie Delete: keyword='science', fid='scie_00000694' (removing entire key)
⚠️ AccTrie Delete: delete entire key failed: Key not found
🗑️ AccTrie Delete: post-delete root_hash=[e6, 76, ee, ec, 7e, 3b, 9c, 77]...
🔧 AccTrie Add: keyword='assignment', fid='educ_00000696' (success)
🔧 AccTrie Add: proof size=574 bytes, root_hash=[2a, be, 00, 2f, 94, a0, 51, 5b]...
🗑️ AccTrie Delete: keyword='assignment', fid='educ_00000696' (removing entire key)
🗑️ AccTrie Delete: post-delete root_hash=[5f, 86, 14, 56, cf, 7e, ce, 7c]...
🗑️ AccTrie Delete: keyword='exam', fid='educ_00000696' (removing entire key)
🗑️ AccTrie Delete: post-delete root_hash=[e6, 76, ee, ec, 7e, 3b, 9c, 77]...
🗑️ AccTrie Delete: keyword='football', fid='spor_00000697' (removing entire key)
🗑️ AccTrie Delete: post-delete root_hash=[e6, 76, ee, ec, 7e, 3b, 9c, 77]...
🔧 AccTrie Add: keyword='international', fid='news_00000700' (success)
🔧 AccTrie Add: proof size=477 bytes, root_hash=[26, cc, 72, cb, 20, 3a, c7, 29]...
🗑️ AccTrie Delete: keyword='international', fid='news_00000700' (removing entire key)
🗑️ AccTrie Delete: post-delete root_hash=[e6, 76, ee, ec, 7e, 3b, 9c, 77]...
🗑️ AccTrie Delete: keyword='server', fid='tech_00000703' (removing entire key)
🗑️ AccTrie Delete: post-delete root_hash=[e6, 76, ee, ec, 7e, 3b, 9c, 77]...
❌ AccTrie Batch Add: item ('data','scie_00000707') failed: Cannot create leaf with empty suffix
🔍 AccTrie Query: keyword='science', found 1 fids
🔍 AccTrie Query: returning proof (362 bytes)
🗑️ AccTrie Delete: keyword='science', fid='scie_00000707' (removing entire key)
🗑️ AccTrie Delete: post-delete root_hash=[e6, 76, ee, ec, 7e, 3b, 9c, 77]...
⚠️ AccTrie Delete: keyword='science' not found in storage
🗑️ AccTrie Delete: keyword='science', fid='scie_00000707' (removing entire key)
⚠️ AccTrie Delete: delete entire key failed: Key not found
🗑️ AccTrie Delete: post-delete root_hash=[e6, 76, ee, ec, 7e, 3b, 9c, 77]...
🗑️ AccTrie Delete: keyword='data', fid='scie_00000707' (removing entire key)
⚠️ AccTrie Delete: delete entire key failed: Key not found
🗑️ AccTrie Delete: post-delete root_hash=[e6, 76, ee, ec, 7e, 3b, 9c, 77]...
🗑️ AccTrie Delete: keyword='international', fid='news_00000708' (removing entire key)
🗑️ AccTrie Delete: post-delete root_hash=[e6, 76, ee, ec, 7e, 3b, 9c, 77]...
🔍 AccTrie Query: keyword='entertainment', found 1 fids
🔍 AccTrie Query: returning proof (568 bytes)
🗑️ AccTrie Delete: keyword='entertainment', fid='ente_00000709' (removing entire key)
🗑️ AccTrie Delete: post-delete root_hash=[03, 32, 00, 2d, 68, 7e, 08, 79]...
🔧 AccTrie Add: keyword='album', fid='ente_00000709' (success)
🔧 AccTrie Add: proof size=569 bytes, root_hash=[03, 32, 00, 2d, 68, 7e, 08, 79]...
⚠️ AccTrie Delete: keyword='entertainment' not found in storage
🗑️ AccTrie Delete: keyword='entertainment', fid='ente_00000709' (removing entire key)
⚠️ AccTrie Delete: delete entire key failed: Key not found
🗑️ AccTrie Delete: post-delete root_hash=[03, 32, 00, 2d, 68, 7e, 08, 79]...
🗑️ AccTrie Delete: keyword='album', fid='ente_00000709' (removing entire key)
🗑️ AccTrie Delete: post-delete root_hash=[cd, 7b, 7f, 19, 85, da, 7b, b9]...
🗑️ AccTrie Delete: keyword='streaming', fid='ente_00000709' (removing entire key)
🗑️ AccTrie Delete: post-delete root_hash=[e6, 76, ee, ec, 7e, 3b, 9c, 77]...
🔍 AccTrie Query: keyword='entertainment', found 1 fids
🔍 AccTrie Query: returning proof (368 bytes)
🗑️ AccTrie Delete: keyword='entertainment', fid='ente_00000712' (removing entire key)
🗑️ AccTrie Delete: post-delete root_hash=[e6, 76, ee, ec, 7e, 3b, 9c, 77]...
⚠️ AccTrie Delete: keyword='entertainment' not found in storage
🗑️ AccTrie Delete: keyword='entertainment', fid='ente_00000712' (removing entire key)
⚠️ AccTrie Delete: delete entire key failed: Key not found
🗑️ AccTrie Delete: post-delete root_hash=[e6, 76, ee, ec, 7e, 3b, 9c, 77]...
🗑️ AccTrie Delete: keyword='team', fid='spor_00000714' (removing entire key)
🗑️ AccTrie Delete: post-delete root_hash=[e6, 76, ee, ec, 7e, 3b, 9c, 77]...
🔧 AccTrie Add: keyword='soccer', fid='spor_00000717' (success)
🔧 AccTrie Add: proof size=670 bytes, root_hash=[ca, 41, 0f, 94, e1, a6, 52, 60]...
🗑️ AccTrie Delete: keyword='football', fid='spor_00000717' (removing entire key)
🗑️ AccTrie Delete: post-delete root_hash=[3c, a5, a9, f4, 46, c6, 99, b7]...
🗑️ AccTrie Delete: keyword='tennis', fid='spor_00000717' (removing entire key)
🗑️ AccTrie Delete: post-delete root_hash=[13, 80, 24, e0, 67, c9, a3, cd]...
🗑️ AccTrie Delete: keyword='soccer', fid='spor_00000717' (removing entire key)
🗑️ AccTrie Delete: post-delete root_hash=[e6, 76, ee, ec, 7e, 3b, 9c, 77]...
🗑️ AccTrie Delete: keyword='soccer', fid='spor_00000718' (removing entire key)
🗑️ AccTrie Delete: post-delete root_hash=[e6, 76, ee, ec, 7e, 3b, 9c, 77]...
🔍 AccTrie Query: keyword='entertainment', found 1 fids
🔍 AccTrie Query: returning proof (568 bytes)
🗑️ AccTrie Delete: keyword='entertainment', fid='ente_00000719' (removing entire key)
🗑️ AccTrie Delete: post-delete root_hash=[cc, 4f, fe, 17, 23, 25, b9, 4e]...
🗑️ AccTrie Delete: keyword='drama', fid='ente_00000719' (removing entire key)
🗑️ AccTrie Delete: post-delete root_hash=[f1, a8, da, 92, 67, 4a, 93, 6b]...
⚠️ AccTrie Delete: keyword='entertainment' not found in storage
🗑️ AccTrie Delete: keyword='entertainment', fid='ente_00000719' (removing entire key)
⚠️ AccTrie Delete: delete entire key failed: Key not found
🗑️ AccTrie Delete: post-delete root_hash=[f1, a8, da, 92, 67, 4a, 93, 6b]...
🗑️ AccTrie Delete: keyword='concert', fid='ente_00000719' (removing entire key)
🗑️ AccTrie Delete: post-delete root_hash=[e6, 76, ee, ec, 7e, 3b, 9c, 77]...
🗑️ AccTrie Delete: keyword='study', fid='educ_00000720' (removing entire key)
🗑️ AccTrie Delete: post-delete root_hash=[e6, 76, ee, ec, 7e, 3b, 9c, 77]...
🔍 AccTrie Query: keyword='science', found 1 fids
🔍 AccTrie Query: returning proof (362 bytes)
🗑️ AccTrie Delete: keyword='science', fid='scie_00000722' (removing entire key)
🗑️ AccTrie Delete: post-delete root_hash=[e6, 76, ee, ec, 7e, 3b, 9c, 77]...
⚠️ AccTrie Delete: keyword='science' not found in storage
🗑️ AccTrie Delete: keyword='science', fid='scie_00000722' (removing entire key)
⚠️ AccTrie Delete: delete entire key failed: Key not found
🗑️ AccTrie Delete: post-delete root_hash=[e6, 76, ee, ec, 7e, 3b, 9c, 77]...
❌ AccTrie Batch Add: item ('data','scie_00000724') failed: Cannot create leaf with empty suffix
🔍 AccTrie Query: keyword='science', found 1 fids
🔍 AccTrie Query: returning proof (21 bytes)
🗑️ AccTrie Delete: keyword='science', fid='scie_00000724' (removing entire key)
⚠️ AccTrie Delete: delete entire key failed: Key not found
🗑️ AccTrie Delete: post-delete root_hash=[e6, 76, ee, ec, 7e, 3b, 9c, 77]...
🗑️ AccTrie Delete: keyword='data', fid='scie_00000724' (removing entire key)
⚠️ AccTrie Delete: delete entire key failed: Key not found
🗑️ AccTrie Delete: post-delete root_hash=[e6, 76, ee, ec, 7e, 3b, 9c, 77]...
⚠️ AccTrie Delete: keyword='science' not found in storage
🗑️ AccTrie Delete: keyword='science', fid='scie_00000724' (removing entire key)
⚠️ AccTrie Delete: delete entire key failed: Key not found
🗑️ AccTrie Delete: post-delete root_hash=[e6, 76, ee, ec, 7e, 3b, 9c, 77]...
🔍 AccTrie Query: keyword='entertainment', found 1 fids
🔍 AccTrie Query: returning proof (368 bytes)
🗑️ AccTrie Delete: keyword='entertainment', fid='ente_00000726' (removing entire key)
🗑️ AccTrie Delete: post-delete root_hash=[e6, 76, ee, ec, 7e, 3b, 9c, 77]...
⚠️ AccTrie Delete: keyword='entertainment' not found in storage
🗑️ AccTrie Delete: keyword='entertainment', fid='ente_00000726' (removing entire key)
⚠️ AccTrie Delete: delete entire key failed: Key not found
🗑️ AccTrie Delete: post-delete root_hash=[e6, 76, ee, ec, 7e, 3b, 9c, 77]...
🗑️ AccTrie Delete: keyword='teacher', fid='educ_00000728' (removing entire key)
🗑️ AccTrie Delete: post-delete root_hash=[da, ed, 37, 65, de, 9f, eb, 75]...
🗑️ AccTrie Delete: keyword='assignment', fid='educ_00000728' (removing entire key)
🗑️ AccTrie Delete: post-delete root_hash=[e6, 76, ee, ec, 7e, 3b, 9c, 77]...
🗑️ AccTrie Delete: keyword='ml', fid='tech_00000730' (removing entire key)
🗑️ AccTrie Delete: post-delete root_hash=[54, c4, e0, f3, f5, cf, 9c, 4e]...
🗑️ AccTrie Delete: keyword='hardware', fid='tech_00000730' (removing entire key)
🗑️ AccTrie Delete: post-delete root_hash=[70, d1, 2a, 18, 6e, fb, 4b, b0]...
🗑️ AccTrie Delete: keyword='database', fid='tech_00000730' (removing entire key)
🗑️ AccTrie Delete: post-delete root_hash=[e6, 76, ee, ec, 7e, 3b, 9c, 77]...
🔧 AccTrie Add: keyword='exam', fid='educ_00000731' (success)
🔧 AccTrie Add: proof size=468 bytes, root_hash=[c4, 7c, a2, f4, 74, eb, 37, e7]...
🗑️ AccTrie Delete: keyword='exam', fid='educ_00000731' (removing entire key)
🗑️ AccTrie Delete: post-delete root_hash=[e6, 76, ee, ec, 7e, 3b, 9c, 77]...
🗑️ AccTrie Delete: keyword='student', fid='educ_00000733' (removing entire key)
🗑️ AccTrie Delete: post-delete root_hash=[e6, 76, ee, ec, 7e, 3b, 9c, 77]...
🔍 AccTrie Query: keyword='entertainment', found 1 fids
🔍 AccTrie Query: returning proof (668 bytes)
🗑️ AccTrie Delete: keyword='entertainment', fid='ente_00000734' (removing entire key)
🗑️ AccTrie Delete: post-delete root_hash=[b1, 4f, 1e, 1c, 44, 14, 57, a1]...
🗑️ AccTrie Delete: keyword='streaming', fid='ente_00000734' (removing entire key)
🗑️ AccTrie Delete: post-delete root_hash=[b4, d5, b9, 56, ab, b4, 41, 61]...
⚠️ AccTrie Delete: keyword='entertainment' not found in storage
🗑️ AccTrie Delete: keyword='entertainment', fid='ente_00000734' (removing entire key)
⚠️ AccTrie Delete: delete entire key failed: Key not found
🗑️ AccTrie Delete: post-delete root_hash=[b4, d5, b9, 56, ab, b4, 41, 61]...
🗑️ AccTrie Delete: keyword='drama', fid='ente_00000734' (removing entire key)
🗑️ AccTrie Delete: post-delete root_hash=[0b, f8, b1, 51, 9d, ca, ac, e2]...
🗑️ AccTrie Delete: keyword='concert', fid='ente_00000734' (removing entire key)
🗑️ AccTrie Delete: post-delete root_hash=[e6, 76, ee, ec, 7e, 3b, 9c, 77]...
🗑️ AccTrie Delete: keyword='conservation', fid='envi_00000735' (removing entire key)
🗑️ AccTrie Delete: post-delete root_hash=[e6, 76, ee, ec, 7e, 3b, 9c, 77]...
🗑️ AccTrie Delete: keyword='server', fid='tech_00000737' (removing entire key)
🗑️ AccTrie Delete: post-delete root_hash=[e6, 76, ee, ec, 7e, 3b, 9c, 77]...
🔍 AccTrie Query: keyword='science', found 1 fids
🔍 AccTrie Query: returning proof (362 bytes)
🗑️ AccTrie Delete: keyword='science', fid='scie_00000738' (removing entire key)
🗑️ AccTrie Delete: post-delete root_hash=[e6, 76, ee, ec, 7e, 3b, 9c, 77]...
⚠️ AccTrie Delete: keyword='science' not found in storage
🗑️ AccTrie Delete: keyword='science', fid='scie_00000738' (removing entire key)
⚠️ AccTrie Delete: delete entire key failed: Key not found
🗑️ AccTrie Delete: post-delete root_hash=[e6, 76, ee, ec, 7e, 3b, 9c, 77]...
🔍 AccTrie Query: keyword='entertainment', found 1 fids
🔍 AccTrie Query: returning proof (368 bytes)
🗑️ AccTrie Delete: keyword='entertainment', fid='ente_00000739' (removing entire key)
🗑️ AccTrie Delete: post-delete root_hash=[e6, 76, ee, ec, 7e, 3b, 9c, 77]...
⚠️ AccTrie Delete: keyword='entertainment' not found in storage
🗑️ AccTrie Delete: keyword='entertainment', fid='ente_00000739' (removing entire key)
⚠️ AccTrie Delete: delete entire key failed: Key not found
🗑️ AccTrie Delete: post-delete root_hash=[e6, 76, ee, ec, 7e, 3b, 9c, 77]...
🔍 AccTrie Query: keyword='science', found 1 fids
🔍 AccTrie Query: returning proof (362 bytes)
🗑️ AccTrie Delete: keyword='science', fid='scie_00000743' (removing entire key)
🗑️ AccTrie Delete: post-delete root_hash=[e6, 76, ee, ec, 7e, 3b, 9c, 77]...
⚠️ AccTrie Delete: keyword='science' not found in storage
🗑️ AccTrie Delete: keyword='science', fid='scie_00000743' (removing entire key)
⚠️ AccTrie Delete: delete entire key failed: Key not found
🗑️ AccTrie Delete: post-delete root_hash=[e6, 76, ee, ec, 7e, 3b, 9c, 77]...
🗑️ AccTrie Delete: keyword='nutrition', fid='heal_00000744' (removing entire key)
🗑️ AccTrie Delete: post-delete root_hash=[e6, 76, ee, ec, 7e, 3b, 9c, 77]...
🔧 AccTrie Add: keyword='exam', fid='educ_00000746' (success)
🔧 AccTrie Add: proof size=468 bytes, root_hash=[68, 3c, 47, 04, 06, 11, ac, cb]...
🗑️ AccTrie Delete: keyword='exam', fid='educ_00000746' (removing entire key)
🗑️ AccTrie Delete: post-delete root_hash=[e6, 76, ee, ec, 7e, 3b, 9c, 77]...
🔍 AccTrie Query: keyword='science', found 1 fids
🔍 AccTrie Query: returning proof (362 bytes)
🗑️ AccTrie Delete: keyword='science', fid='scie_00000747' (removing entire key)
🗑️ AccTrie Delete: post-delete root_hash=[e6, 76, ee, ec, 7e, 3b, 9c, 77]...
⚠️ AccTrie Delete: keyword='science' not found in storage
🗑️ AccTrie Delete: keyword='science', fid='scie_00000747' (removing entire key)
⚠️ AccTrie Delete: delete entire key failed: Key not found
🗑️ AccTrie Delete: post-delete root_hash=[e6, 76, ee, ec, 7e, 3b, 9c, 77]...
🔧 AccTrie Add: keyword='tennis', fid='spor_00000748' (success)
🔧 AccTrie Add: proof size=470 bytes, root_hash=[9c, bf, 59, 8a, b0, 03, 9c, 67]...
🗑️ AccTrie Delete: keyword='tennis', fid='spor_00000748' (removing entire key)
🗑️ AccTrie Delete: post-delete root_hash=[e6, 76, ee, ec, 7e, 3b, 9c, 77]...
🔍 AccTrie Query: keyword='entertainment', found 1 fids
🔍 AccTrie Query: returning proof (468 bytes)
🗑️ AccTrie Delete: keyword='entertainment', fid='ente_00000749' (removing entire key)
🗑️ AccTrie Delete: post-delete root_hash=[7d, 63, d3, 49, 99, 8c, 00, 73]...
🗑️ AccTrie Delete: keyword='music', fid='ente_00000749' (removing entire key)
🗑️ AccTrie Delete: post-delete root_hash=[e6, 76, ee, ec, 7e, 3b, 9c, 77]...
⚠️ AccTrie Delete: keyword='entertainment' not found in storage
🗑️ AccTrie Delete: keyword='entertainment', fid='ente_00000749' (removing entire key)
⚠️ AccTrie Delete: delete entire key failed: Key not found
🗑️ AccTrie Delete: post-delete root_hash=[e6, 76, ee, ec, 7e, 3b, 9c, 77]...
🔍 AccTrie Query: keyword='entertainment', found 1 fids
🔍 AccTrie Query: returning proof (568 bytes)
🗑️ AccTrie Delete: keyword='entertainment', fid='ente_00000750' (removing entire key)
🗑️ AccTrie Delete: post-delete root_hash=[07, 52, 54, e3, 5d, 52, 70, 36]...
🗑️ AccTrie Delete: keyword='streaming', fid='ente_00000750' (removing entire key)
🗑️ AccTrie Delete: post-delete root_hash=[7c, 36, 14, bc, 70, ec, e2, 10]...
⚠️ AccTrie Delete: keyword='entertainment' not found in storage
🗑️ AccTrie Delete: keyword='entertainment', fid='ente_00000750' (removing entire key)
⚠️ AccTrie Delete: delete entire key failed: Key not found
🗑️ AccTrie Delete: post-delete root_hash=[7c, 36, 14, bc, 70, ec, e2, 10]...
🗑️ AccTrie Delete: keyword='album', fid='ente_00000750' (removing entire key)
🗑️ AccTrie Delete: post-delete root_hash=[e6, 76, ee, ec, 7e, 3b, 9c, 77]...
🔍 AccTrie Query: keyword='entertainment', found 1 fids
🔍 AccTrie Query: returning proof (468 bytes)
🗑️ AccTrie Delete: keyword='entertainment', fid='ente_00000754' (removing entire key)
🗑️ AccTrie Delete: post-delete root_hash=[ba, 8a, 92, d9, 01, 7c, b2, e8]...
🔧 AccTrie Add: keyword='concert', fid='ente_00000754' (success)
🔧 AccTrie Add: proof size=471 bytes, root_hash=[ba, 8a, 92, d9, 01, 7c, b2, e8]...
🗑️ AccTrie Delete: keyword='concert', fid='ente_00000754' (removing entire key)
🗑️ AccTrie Delete: post-delete root_hash=[e6, 76, ee, ec, 7e, 3b, 9c, 77]...
⚠️ AccTrie Delete: keyword='entertainment' not found in storage
🗑️ AccTrie Delete: keyword='entertainment', fid='ente_00000754' (removing entire key)
⚠️ AccTrie Delete: delete entire key failed: Key not found
🗑️ AccTrie Delete: post-delete root_hash=[e6, 76, ee, ec, 7e, 3b, 9c, 77]...
🗑️ AccTrie Delete: keyword='conservation', fid='envi_00000757' (removing entire key)
🗑️ AccTrie Delete: post-delete root_hash=[e6, 76, ee, ec, 7e, 3b, 9c, 77]...
🔍 AccTrie Query: keyword='science', found 1 fids
🔍 AccTrie Query: returning proof (362 bytes)
🗑️ AccTrie Delete: keyword='science', fid='scie_00000758' (removing entire key)
🗑️ AccTrie Delete: post-delete root_hash=[e6, 76, ee, ec, 7e, 3b, 9c, 77]...
⚠️ AccTrie Delete: keyword='science' not found in storage
🗑️ AccTrie Delete: keyword='science', fid='scie_00000758' (removing entire key)
⚠️ AccTrie Delete: delete entire key failed: Key not found
🗑️ AccTrie Delete: post-delete root_hash=[e6, 76, ee, ec, 7e, 3b, 9c, 77]...
🔍 AccTrie Query: keyword='entertainment', found 1 fids
🔍 AccTrie Query: returning proof (368 bytes)
🗑️ AccTrie Delete: keyword='entertainment', fid='ente_00000759' (removing entire key)
🗑️ AccTrie Delete: post-delete root_hash=[e6, 76, ee, ec, 7e, 3b, 9c, 77]...
⚠️ AccTrie Delete: keyword='entertainment' not found in storage
🗑️ AccTrie Delete: keyword='entertainment', fid='ente_00000759' (removing entire key)
⚠️ AccTrie Delete: delete entire key failed: Key not found
🗑️ AccTrie Delete: post-delete root_hash=[e6, 76, ee, ec, 7e, 3b, 9c, 77]...
🔧 AccTrie Add: keyword='study', fid='educ_00000760' (success)
🔧 AccTrie Add: proof size=569 bytes, root_hash=[8c, c4, f4, e7, 4f, 92, ab, 34]...
🗑️ AccTrie Delete: keyword='learning', fid='educ_00000760' (removing entire key)
🗑️ AccTrie Delete: post-delete root_hash=[b5, d0, 85, 5c, 80, c3, 24, 29]...
🗑️ AccTrie Delete: keyword='study', fid='educ_00000760' (removing entire key)
🗑️ AccTrie Delete: post-delete root_hash=[e6, 76, ee, ec, 7e, 3b, 9c, 77]...
🔧 AccTrie Add: keyword='medical', fid='heal_00000761' (success)
🔧 AccTrie Add: proof size=471 bytes, root_hash=[19, f2, aa, ee, 87, 7c, 23, df]...
🗑️ AccTrie Delete: keyword='medical', fid='heal_00000761' (removing entire key)
🗑️ AccTrie Delete: post-delete root_hash=[e6, 76, ee, ec, 7e, 3b, 9c, 77]...
🔧 AccTrie Add: keyword='revenue', fid='busi_00000762' (success)
🔧 AccTrie Add: proof size=571 bytes, root_hash=[9e, 03, a5, 8b, 4d, c5, 4c, ed]...
🗑️ AccTrie Delete: keyword='investment', fid='busi_00000762' (removing entire key)
🗑️ AccTrie Delete: post-delete root_hash=[fd, f7, b6, 9a, 81, 2d, 04, 30]...
🗑️ AccTrie Delete: keyword='revenue', fid='busi_00000762' (removing entire key)
🗑️ AccTrie Delete: post-delete root_hash=[e6, 76, ee, ec, 7e, 3b, 9c, 77]...
🔍 AccTrie Query: keyword='science', found 1 fids
🔍 AccTrie Query: returning proof (362 bytes)
🗑️ AccTrie Delete: keyword='science', fid='scie_00000767' (removing entire key)
🗑️ AccTrie Delete: post-delete root_hash=[e6, 76, ee, ec, 7e, 3b, 9c, 77]...
⚠️ AccTrie Delete: keyword='science' not found in storage
🗑️ AccTrie Delete: keyword='science', fid='scie_00000767' (removing entire key)
⚠️ AccTrie Delete: delete entire key failed: Key not found
🗑️ AccTrie Delete: post-delete root_hash=[e6, 76, ee, ec, 7e, 3b, 9c, 77]...
🗑️ AccTrie Delete: keyword='server', fid='tech_00000769' (removing entire key)
🗑️ AccTrie Delete: post-delete root_hash=[e6, 76, ee, ec, 7e, 3b, 9c, 77]...
🔧 AccTrie Add: keyword='diagnosis', fid='heal_00000770' (success)
🔧 AccTrie Add: proof size=473 bytes, root_hash=[f2, 80, e6, 7d, 4a, 34, bb, a8]...
🗑️ AccTrie Delete: keyword='diagnosis', fid='heal_00000770' (removing entire key)
🗑️ AccTrie Delete: post-delete root_hash=[e6, 76, ee, ec, 7e, 3b, 9c, 77]...
🔍 AccTrie Query: keyword='science', found 1 fids
🔍 AccTrie Query: returning proof (362 bytes)
🗑️ AccTrie Delete: keyword='science', fid='scie_00000771' (removing entire key)
🗑️ AccTrie Delete: post-delete root_hash=[e6, 76, ee, ec, 7e, 3b, 9c, 77]...
⚠️ AccTrie Delete: keyword='science' not found in storage
🗑️ AccTrie Delete: keyword='science', fid='scie_00000771' (removing entire key)
⚠️ AccTrie Delete: delete entire key failed: Key not found
🗑️ AccTrie Delete: post-delete root_hash=[e6, 76, ee, ec, 7e, 3b, 9c, 77]...
🔧 AccTrie Add: keyword='international', fid='news_00000773' (success)
🔧 AccTrie Add: proof size=477 bytes, root_hash=[25, 83, 1f, 36, b0, 9e, ed, 6b]...
🗑️ AccTrie Delete: keyword='international', fid='news_00000773' (removing entire key)
🗑️ AccTrie Delete: post-delete root_hash=[e6, 76, ee, ec, 7e, 3b, 9c, 77]...
🔍 AccTrie Query: keyword='entertainment', found 1 fids
🔍 AccTrie Query: returning proof (668 bytes)
🗑️ AccTrie Delete: keyword='entertainment', fid='ente_00000776' (removing entire key)
🗑️ AccTrie Delete: post-delete root_hash=[f9, f5, a6, 0e, 54, 17, f6, 5e]...
🔧 AccTrie Add: keyword='celebrity', fid='ente_00000776' (success)
🔧 AccTrie Add: proof size=673 bytes, root_hash=[f9, f5, a6, 0e, 54, 17, f6, 5e]...
🗑️ AccTrie Delete: keyword='video', fid='ente_00000776' (removing entire key)
🗑️ AccTrie Delete: post-delete root_hash=[54, e8, b2, c5, 64, 13, 2a, 86]...
⚠️ AccTrie Delete: keyword='entertainment' not found in storage
🗑️ AccTrie Delete: keyword='entertainment', fid='ente_00000776' (removing entire key)
⚠️ AccTrie Delete: delete entire key failed: Key not found
🗑️ AccTrie Delete: post-delete root_hash=[54, e8, b2, c5, 64, 13, 2a, 86]...
🗑️ AccTrie Delete: keyword='celebrity', fid='ente_00000776' (removing entire key)
🗑️ AccTrie Delete: post-delete root_hash=[6e, 60, 0f, 01, c1, 05, ff, c8]...
🗑️ AccTrie Delete: keyword='drama', fid='ente_00000776' (removing entire key)
🗑️ AccTrie Delete: post-delete root_hash=[e6, 76, ee, ec, 7e, 3b, 9c, 77]...
🗑️ AccTrie Delete: keyword='enterprise', fid='busi_00000777' (removing entire key)
🗑️ AccTrie Delete: post-delete root_hash=[e6, 76, ee, ec, 7e, 3b, 9c, 77]...
🔍 AccTrie Query: keyword='entertainment', found 1 fids
🔍 AccTrie Query: returning proof (668 bytes)
🗑️ AccTrie Delete: keyword='entertainment', fid='ente_00000778' (removing entire key)
🗑️ AccTrie Delete: post-delete root_hash=[c9, 9a, f2, 80, ce, 63, 9d, 02]...
🔧 AccTrie Add: keyword='music', fid='ente_00000778' (success)
🔧 AccTrie Add: proof size=669 bytes, root_hash=[c9, 9a, f2, 80, ce, 63, 9d, 02]...
⚠️ AccTrie Delete: keyword='entertainment' not found in storage
🗑️ AccTrie Delete: keyword='entertainment', fid='ente_00000778' (removing entire key)
⚠️ AccTrie Delete: delete entire key failed: Key not found
🗑️ AccTrie Delete: post-delete root_hash=[c9, 9a, f2, 80, ce, 63, 9d, 02]...
🗑️ AccTrie Delete: keyword='video', fid='ente_00000778' (removing entire key)
🗑️ AccTrie Delete: post-delete root_hash=[86, 7d, bb, 2f, 7d, b1, 72, 13]...
🗑️ AccTrie Delete: keyword='concert', fid='ente_00000778' (removing entire key)
🗑️ AccTrie Delete: post-delete root_hash=[07, 21, 11, 2b, c8, 08, fa, 3f]...
🗑️ AccTrie Delete: keyword='music', fid='ente_00000778' (removing entire key)
🗑️ AccTrie Delete: post-delete root_hash=[e6, 76, ee, ec, 7e, 3b, 9c, 77]...
🔧 AccTrie Add: keyword='tennis', fid='spor_00000779' (success)
🔧 AccTrie Add: proof size=470 bytes, root_hash=[a5, 14, 71, c9, 50, fa, f6, a2]...
🗑️ AccTrie Delete: keyword='tennis', fid='spor_00000779' (removing entire key)
🗑️ AccTrie Delete: post-delete root_hash=[e6, 76, ee, ec, 7e, 3b, 9c, 77]...
🗑️ AccTrie Delete: keyword='announcement', fid='news_00000780' (removing entire key)
🗑️ AccTrie Delete: post-delete root_hash=[e6, 76, ee, ec, 7e, 3b, 9c, 77]...
🗑️ AccTrie Delete: keyword='investment', fid='busi_00000781' (removing entire key)
🗑️ AccTrie Delete: post-delete root_hash=[e6, 76, ee, ec, 7e, 3b, 9c, 77]...
🗑️ AccTrie Delete: keyword='announcement', fid='news_00000788' (removing entire key)
🗑️ AccTrie Delete: post-delete root_hash=[e6, 76, ee, ec, 7e, 3b, 9c, 77]...
🔍 AccTrie Query: keyword='science', found 1 fids
🔍 AccTrie Query: returning proof (362 bytes)
🗑️ AccTrie Delete: keyword='science', fid='scie_00000801' (removing entire key)
🗑️ AccTrie Delete: post-delete root_hash=[e6, 76, ee, ec, 7e, 3b, 9c, 77]...
⚠️ AccTrie Delete: keyword='science' not found in storage
🗑️ AccTrie Delete: keyword='science', fid='scie_00000801' (removing entire key)
⚠️ AccTrie Delete: delete entire key failed: Key not found
🗑️ AccTrie Delete: post-delete root_hash=[e6, 76, ee, ec, 7e, 3b, 9c, 77]...
🗑️ AccTrie Delete: keyword='football', fid='spor_00000803' (removing entire key)
🗑️ AccTrie Delete: post-delete root_hash=[e6, 76, ee, ec, 7e, 3b, 9c, 77]...
🗑️ AccTrie Delete: keyword='ml', fid='tech_00000804' (removing entire key)
🗑️ AccTrie Delete: post-delete root_hash=[e6, 76, ee, ec, 7e, 3b, 9c, 77]...
🔧 AccTrie Add: keyword='nutrition', fid='heal_00000807' (success)
🔧 AccTrie Add: proof size=473 bytes, root_hash=[1f, c0, 3d, 7a, b3, 2e, e1, 1a]...
🗑️ AccTrie Delete: keyword='nutrition', fid='heal_00000807' (removing entire key)
🗑️ AccTrie Delete: post-delete root_hash=[e6, 76, ee, ec, 7e, 3b, 9c, 77]...
❌ AccTrie Batch Add: item ('data','scie_00000809') failed: Cannot create leaf with empty suffix
🔍 AccTrie Query: keyword='science', found 1 fids
🔍 AccTrie Query: returning proof (362 bytes)
🗑️ AccTrie Delete: keyword='science', fid='scie_00000809' (removing entire key)
🗑️ AccTrie Delete: post-delete root_hash=[e6, 76, ee, ec, 7e, 3b, 9c, 77]...
🗑️ AccTrie Delete: keyword='data', fid='scie_00000809' (removing entire key)
⚠️ AccTrie Delete: delete entire key failed: Key not found
🗑️ AccTrie Delete: post-delete root_hash=[e6, 76, ee, ec, 7e, 3b, 9c, 77]...
⚠️ AccTrie Delete: keyword='science' not found in storage
🗑️ AccTrie Delete: keyword='science', fid='scie_00000809' (removing entire key)
⚠️ AccTrie Delete: delete entire key failed: Key not found
🗑️ AccTrie Delete: post-delete root_hash=[e6, 76, ee, ec, 7e, 3b, 9c, 77]...
🔍 AccTrie Query: keyword='entertainment', found 1 fids
🔍 AccTrie Query: returning proof (468 bytes)
🗑️ AccTrie Delete: keyword='entertainment', fid='ente_00000810' (removing entire key)
🗑️ AccTrie Delete: post-delete root_hash=[0e, d4, e9, 23, b1, 07, 19, 86]...
🔧 AccTrie Add: keyword='celebrity', fid='ente_00000810' (success)
🔧 AccTrie Add: proof size=473 bytes, root_hash=[0e, d4, e9, 23, b1, 07, 19, 86]...
⚠️ AccTrie Delete: keyword='entertainment' not found in storage
🗑️ AccTrie Delete: keyword='entertainment', fid='ente_00000810' (removing entire key)
⚠️ AccTrie Delete: delete entire key failed: Key not found
🗑️ AccTrie Delete: post-delete root_hash=[0e, d4, e9, 23, b1, 07, 19, 86]...
🗑️ AccTrie Delete: keyword='celebrity', fid='ente_00000810' (removing entire key)
🗑️ AccTrie Delete: post-delete root_hash=[e6, 76, ee, ec, 7e, 3b, 9c, 77]...
🔍 AccTrie Query: keyword='science', found 1 fids
🔍 AccTrie Query: returning proof (362 bytes)
🗑️ AccTrie Delete: keyword='science', fid='scie_00000812' (removing entire key)
🗑️ AccTrie Delete: post-delete root_hash=[e6, 76, ee, ec, 7e, 3b, 9c, 77]...
⚠️ AccTrie Delete: keyword='science' not found in storage
🗑️ AccTrie Delete: keyword='science', fid='scie_00000812' (removing entire key)
⚠️ AccTrie Delete: delete entire key failed: Key not found
🗑️ AccTrie Delete: post-delete root_hash=[e6, 76, ee, ec, 7e, 3b, 9c, 77]...
🔧 AccTrie Add: keyword='learning', fid='educ_00000813' (success)
🔧 AccTrie Add: proof size=472 bytes, root_hash=[41, d5, 75, 49, bf, 3b, 35, 6d]...
🗑️ AccTrie Delete: keyword='learning', fid='educ_00000813' (removing entire key)
🗑️ AccTrie Delete: post-delete root_hash=[e6, 76, ee, ec, 7e, 3b, 9c, 77]...
🔧 AccTrie Add: keyword='database', fid='tech_00000814' (success)
🔧 AccTrie Add: proof size=472 bytes, root_hash=[13, 28, a9, f0, 3f, bf, b5, ba]...
🗑️ AccTrie Delete: keyword='database', fid='tech_00000814' (removing entire key)
🗑️ AccTrie Delete: post-delete root_hash=[e6, 76, ee, ec, 7e, 3b, 9c, 77]...
❌ AccTrie Batch Add: item ('data','scie_00000815') failed: Cannot create leaf with empty suffix
🔍 AccTrie Query: keyword='science', found 1 fids
🔍 AccTrie Query: returning proof (21 bytes)
🗑️ AccTrie Delete: keyword='science', fid='scie_00000815' (removing entire key)
⚠️ AccTrie Delete: delete entire key failed: Key not found
🗑️ AccTrie Delete: post-delete root_hash=[e6, 76, ee, ec, 7e, 3b, 9c, 77]...
⚠️ AccTrie Delete: keyword='science' not found in storage
🗑️ AccTrie Delete: keyword='science', fid='scie_00000815' (removing entire key)
⚠️ AccTrie Delete: delete entire key failed: Key not found
🗑️ AccTrie Delete: post-delete root_hash=[e6, 76, ee, ec, 7e, 3b, 9c, 77]...
🗑️ AccTrie Delete: keyword='data', fid='scie_00000815' (removing entire key)
⚠️ AccTrie Delete: delete entire key failed: Key not found
🗑️ AccTrie Delete: post-delete root_hash=[e6, 76, ee, ec, 7e, 3b, 9c, 77]...
🔧 AccTrie Add: keyword='database', fid='tech_00000816' (success)
🔧 AccTrie Add: proof size=572 bytes, root_hash=[77, 48, 67, 39, 6b, 7e, 79, 61]...
🗑️ AccTrie Delete: keyword='database', fid='tech_00000816' (removing entire key)
🗑️ AccTrie Delete: post-delete root_hash=[ea, e5, eb, 4c, 48, 24, b2, 74]...
🗑️ AccTrie Delete: keyword='server', fid='tech_00000816' (removing entire key)
🗑️ AccTrie Delete: post-delete root_hash=[e6, 76, ee, ec, 7e, 3b, 9c, 77]...
🗑️ AccTrie Delete: keyword='database', fid='tech_00000819' (removing entire key)
🗑️ AccTrie Delete: post-delete root_hash=[e6, 76, ee, ec, 7e, 3b, 9c, 77]...
🔧 AccTrie Add: keyword='database', fid='tech_00000820' (success)
🔧 AccTrie Add: proof size=572 bytes, root_hash=[6d, 27, 3a, 31, 70, 4e, ff, d2]...
🗑️ AccTrie Delete: keyword='hardware', fid='tech_00000820' (removing entire key)
🗑️ AccTrie Delete: post-delete root_hash=[49, ad, 68, 5f, fa, 22, 4c, 40]...
🗑️ AccTrie Delete: keyword='database', fid='tech_00000820' (removing entire key)
🗑️ AccTrie Delete: post-delete root_hash=[e6, 76, ee, ec, 7e, 3b, 9c, 77]...
🔧 AccTrie Add: keyword='hardware', fid='tech_00000822' (success)
🔧 AccTrie Add: proof size=472 bytes, root_hash=[1c, 3a, eb, 38, de, 71, 75, fb]...
🗑️ AccTrie Delete: keyword='hardware', fid='tech_00000822' (removing entire key)
🗑️ AccTrie Delete: post-delete root_hash=[e6, 76, ee, ec, 7e, 3b, 9c, 77]...
🔍 AccTrie Query: keyword='entertainment', found 1 fids
🔍 AccTrie Query: returning proof (468 bytes)
🗑️ AccTrie Delete: keyword='entertainment', fid='ente_00000823' (removing entire key)
🗑️ AccTrie Delete: post-delete root_hash=[08, 38, 4d, 5f, 28, a7, 55, 99]...
⚠️ AccTrie Delete: keyword='entertainment' not found in storage
🗑️ AccTrie Delete: keyword='entertainment', fid='ente_00000823' (removing entire key)
⚠️ AccTrie Delete: delete entire key failed: Key not found
🗑️ AccTrie Delete: post-delete root_hash=[08, 38, 4d, 5f, 28, a7, 55, 99]...
🗑️ AccTrie Delete: keyword='concert', fid='ente_00000823' (removing entire key)
🗑️ AccTrie Delete: post-delete root_hash=[e6, 76, ee, ec, 7e, 3b, 9c, 77]...
🗑️ AccTrie Delete: keyword='international', fid='news_00000824' (removing entire key)
🗑️ AccTrie Delete: post-delete root_hash=[e6, 76, ee, ec, 7e, 3b, 9c, 77]...
🗑️ AccTrie Delete: keyword='soccer', fid='spor_00000825' (removing entire key)
🗑️ AccTrie Delete: post-delete root_hash=[1f, 76, 77, c0, 3a, be, a7, 6a]...
🗑️ AccTrie Delete: keyword='team', fid='spor_00000825' (removing entire key)
🗑️ AccTrie Delete: post-delete root_hash=[e6, 76, ee, ec, 7e, 3b, 9c, 77]...
🔍 AccTrie Query: keyword='science', found 1 fids
🔍 AccTrie Query: returning proof (362 bytes)
🗑️ AccTrie Delete: keyword='science', fid='scie_00000826' (removing entire key)
🗑️ AccTrie Delete: post-delete root_hash=[e6, 76, ee, ec, 7e, 3b, 9c, 77]...
⚠️ AccTrie Delete: keyword='science' not found in storage
🗑️ AccTrie Delete: keyword='science', fid='scie_00000826' (removing entire key)
⚠️ AccTrie Delete: delete entire key failed: Key not found
🗑️ AccTrie Delete: post-delete root_hash=[e6, 76, ee, ec, 7e, 3b, 9c, 77]...
🔧 AccTrie Add: keyword='exam', fid='educ_00000830' (success)
🔧 AccTrie Add: proof size=568 bytes, root_hash=[c7, 9d, 40, 5b, 1a, 94, 73, 6b]...
🗑️ AccTrie Delete: keyword='student', fid='educ_00000830' (removing entire key)
🗑️ AccTrie Delete: post-delete root_hash=[5d, e3, b8, e1, 93, fa, 92, 2a]...
🗑️ AccTrie Delete: keyword='exam', fid='educ_00000830' (removing entire key)
🗑️ AccTrie Delete: post-delete root_hash=[e6, 76, ee, ec, 7e, 3b, 9c, 77]...
🔧 AccTrie Add: keyword='student', fid='educ_00000831' (success)
🔧 AccTrie Add: proof size=471 bytes, root_hash=[d3, 90, 32, c3, 23, b7, b4, f2]...
🗑️ AccTrie Delete: keyword='student', fid='educ_00000831' (removing entire key)
🗑️ AccTrie Delete: post-delete root_hash=[e6, 76, ee, ec, 7e, 3b, 9c, 77]...
🗑️ AccTrie Delete: keyword='revenue', fid='busi_00000836' (removing entire key)
🗑️ AccTrie Delete: post-delete root_hash=[e6, 76, ee, ec, 7e, 3b, 9c, 77]...
🔧 AccTrie Add: keyword='investment', fid='busi_00000837' (success)
🔧 AccTrie Add: proof size=574 bytes, root_hash=[73, 87, 44, 6f, 20, 6b, 10, 16]...
🗑️ AccTrie Delete: keyword='investment', fid='busi_00000837' (removing entire key)
🗑️ AccTrie Delete: post-delete root_hash=[17, 05, 1c, 80, 6e, 5d, 28, 7b]...
🗑️ AccTrie Delete: keyword='enterprise', fid='busi_00000837' (removing entire key)
🗑️ AccTrie Delete: post-delete root_hash=[e6, 76, ee, ec, 7e, 3b, 9c, 77]...
🔍 AccTrie Query: keyword='entertainment', found 1 fids
🔍 AccTrie Query: returning proof (468 bytes)
🗑️ AccTrie Delete: keyword='entertainment', fid='ente_00000842' (removing entire key)
🗑️ AccTrie Delete: post-delete root_hash=[5c, 13, 34, 03, 59, b3, 6d, f9]...
🔧 AccTrie Add: keyword='drama', fid='ente_00000842' (success)
🔧 AccTrie Add: proof size=469 bytes, root_hash=[5c, 13, 34, 03, 59, b3, 6d, f9]...
⚠️ AccTrie Delete: keyword='entertainment' not found in storage
🗑️ AccTrie Delete: keyword='entertainment', fid='ente_00000842' (removing entire key)
⚠️ AccTrie Delete: delete entire key failed: Key not found
🗑️ AccTrie Delete: post-delete root_hash=[5c, 13, 34, 03, 59, b3, 6d, f9]...
🗑️ AccTrie Delete: keyword='drama', fid='ente_00000842' (removing entire key)
🗑️ AccTrie Delete: post-delete root_hash=[e6, 76, ee, ec, 7e, 3b, 9c, 77]...
🔧 AccTrie Add: keyword='nutrition', fid='heal_00000845' (success)
🔧 AccTrie Add: proof size=573 bytes, root_hash=[5e, 04, 4d, 34, 15, a4, c8, 46]...
🗑️ AccTrie Delete: keyword='diagnosis', fid='heal_00000845' (removing entire key)
🗑️ AccTrie Delete: post-delete root_hash=[cc, ff, 17, 65, 80, 46, 1d, 1d]...
🗑️ AccTrie Delete: keyword='nutrition', fid='heal_00000845' (removing entire key)
🗑️ AccTrie Delete: post-delete root_hash=[e6, 76, ee, ec, 7e, 3b, 9c, 77]...
🔧 AccTrie Add: keyword='hardware', fid='tech_00000850' (success)
🔧 AccTrie Add: proof size=572 bytes, root_hash=[b2, 45, 88, b6, 05, 05, f0, 4a]...
🗑️ AccTrie Delete: keyword='hardware', fid='tech_00000850' (removing entire key)
🗑️ AccTrie Delete: post-delete root_hash=[97, dd, b2, c5, fd, e0, 02, 7e]...
🗑️ AccTrie Delete: keyword='server', fid='tech_00000850' (removing entire key)
🗑️ AccTrie Delete: post-delete root_hash=[e6, 76, ee, ec, 7e, 3b, 9c, 77]...
🔧 AccTrie Add: keyword='ml', fid='tech_00000851' (success)
🔧 AccTrie Add: proof size=466 bytes, root_hash=[e0, 83, c1, 7f, 75, a5, df, 0c]...
🗑️ AccTrie Delete: keyword='ml', fid='tech_00000851' (removing entire key)
🗑️ AccTrie Delete: post-delete root_hash=[e6, 76, ee, ec, 7e, 3b, 9c, 77]...
🔧 AccTrie Add: keyword='learning', fid='educ_00000853' (success)
🔧 AccTrie Add: proof size=572 bytes, root_hash=[a3, 4b, 1d, a1, 1b, 00, cb, 4f]...
🗑️ AccTrie Delete: keyword='learning', fid='educ_00000853' (removing entire key)
🗑️ AccTrie Delete: post-delete root_hash=[6d, 5c, a3, 44, 58, 28, 44, b9]...
🗑️ AccTrie Delete: keyword='teacher', fid='educ_00000853' (removing entire key)
🗑️ AccTrie Delete: post-delete root_hash=[e6, 76, ee, ec, 7e, 3b, 9c, 77]...
🔧 AccTrie Add: keyword='football', fid='spor_00000854' (success)
🔧 AccTrie Add: proof size=572 bytes, root_hash=[1a, 71, 18, aa, 39, b2, a4, fb]...
🗑️ AccTrie Delete: keyword='soccer', fid='spor_00000854' (removing entire key)
🗑️ AccTrie Delete: post-delete root_hash=[7c, 1a, ae, e4, d3, 41, 31, 3c]...
🗑️ AccTrie Delete: keyword='football', fid='spor_00000854' (removing entire key)
🗑️ AccTrie Delete: post-delete root_hash=[e6, 76, ee, ec, 7e, 3b, 9c, 77]...
🔧 AccTrie Add: keyword='announcement', fid='news_00000855' (success)
🔧 AccTrie Add: proof size=476 bytes, root_hash=[22, 45, 58, 3c, 31, f8, c9, fb]...
🗑️ AccTrie Delete: keyword='announcement', fid='news_00000855' (removing entire key)
🗑️ AccTrie Delete: post-delete root_hash=[e6, 76, ee, ec, 7e, 3b, 9c, 77]...
🗑️ AccTrie Delete: keyword='learning', fid='educ_00000860' (removing entire key)
🗑️ AccTrie Delete: post-delete root_hash=[e6, 76, ee, ec, 7e, 3b, 9c, 77]...
🔍 AccTrie Query: keyword='entertainment', found 1 fids
🔍 AccTrie Query: returning proof (468 bytes)
🗑️ AccTrie Delete: keyword='entertainment', fid='ente_00000861' (removing entire key)
🗑️ AccTrie Delete: post-delete root_hash=[a7, c5, 94, 67, e7, e3, 53, aa]...
⚠️ AccTrie Delete: keyword='entertainment' not found in storage
🗑️ AccTrie Delete: keyword='entertainment', fid='ente_00000861' (removing entire key)
⚠️ AccTrie Delete: delete entire key failed: Key not found
🗑️ AccTrie Delete: post-delete root_hash=[a7, c5, 94, 67, e7, e3, 53, aa]...
🗑️ AccTrie Delete: keyword='music', fid='ente_00000861' (removing entire key)
🗑️ AccTrie Delete: post-delete root_hash=[e6, 76, ee, ec, 7e, 3b, 9c, 77]...
🗑️ AccTrie Delete: keyword='database', fid='tech_00000863' (removing entire key)
🗑️ AccTrie Delete: post-delete root_hash=[e6, 76, ee, ec, 7e, 3b, 9c, 77]...
🔧 AccTrie Add: keyword='announcement', fid='news_00000864' (success)
🔧 AccTrie Add: proof size=476 bytes, root_hash=[62, 8b, e2, f9, 60, 88, d7, 6c]...
🗑️ AccTrie Delete: keyword='announcement', fid='news_00000864' (removing entire key)
🗑️ AccTrie Delete: post-delete root_hash=[e6, 76, ee, ec, 7e, 3b, 9c, 77]...
🔍 AccTrie Query: keyword='science', found 1 fids
🔍 AccTrie Query: returning proof (362 bytes)
🗑️ AccTrie Delete: keyword='science', fid='scie_00000866' (removing entire key)
🗑️ AccTrie Delete: post-delete root_hash=[e6, 76, ee, ec, 7e, 3b, 9c, 77]...
⚠️ AccTrie Delete: keyword='science' not found in storage
🗑️ AccTrie Delete: keyword='science', fid='scie_00000866' (removing entire key)
⚠️ AccTrie Delete: delete entire key failed: Key not found
🗑️ AccTrie Delete: post-delete root_hash=[e6, 76, ee, ec, 7e, 3b, 9c, 77]...
🗑️ AccTrie Delete: keyword='database', fid='tech_00000867' (removing entire key)
🗑️ AccTrie Delete: post-delete root_hash=[e6, 76, ee, ec, 7e, 3b, 9c, 77]...
🔍 AccTrie Query: keyword='science', found 1 fids
🔍 AccTrie Query: returning proof (362 bytes)
🗑️ AccTrie Delete: keyword='science', fid='scie_00000868' (removing entire key)
🗑️ AccTrie Delete: post-delete root_hash=[e6, 76, ee, ec, 7e, 3b, 9c, 77]...
⚠️ AccTrie Delete: keyword='science' not found in storage
🗑️ AccTrie Delete: keyword='science', fid='scie_00000868' (removing entire key)
⚠️ AccTrie Delete: delete entire key failed: Key not found
🗑️ AccTrie Delete: post-delete root_hash=[e6, 76, ee, ec, 7e, 3b, 9c, 77]...
🔧 AccTrie Add: keyword='investment', fid='busi_00000869' (success)
🔧 AccTrie Add: proof size=474 bytes, root_hash=[c3, 72, 19, 45, 98, 0e, a9, f2]...
🗑️ AccTrie Delete: keyword='investment', fid='busi_00000869' (removing entire key)
🗑️ AccTrie Delete: post-delete root_hash=[e6, 76, ee, ec, 7e, 3b, 9c, 77]...
🔧 AccTrie Add: keyword='investment', fid='busi_00000874' (success)
🔧 AccTrie Add: proof size=474 bytes, root_hash=[fe, bb, 87, 47, c0, c6, e4, 72]...
🗑️ AccTrie Delete: keyword='investment', fid='busi_00000874' (removing entire key)
🗑️ AccTrie Delete: post-delete root_hash=[e6, 76, ee, ec, 7e, 3b, 9c, 77]...
🔧 AccTrie Add: keyword='teacher', fid='educ_00000876' (success)
🔧 AccTrie Add: proof size=471 bytes, root_hash=[32, ce, df, 12, 38, 53, 7a, 11]...
🗑️ AccTrie Delete: keyword='teacher', fid='educ_00000876' (removing entire key)
🗑️ AccTrie Delete: post-delete root_hash=[e6, 76, ee, ec, 7e, 3b, 9c, 77]...
🔧 AccTrie Add: keyword='exam', fid='educ_00000877' (success)
🔧 AccTrie Add: proof size=468 bytes, root_hash=[f8, 37, b8, 2f, 5b, 0c, cd, 2f]...
🗑️ AccTrie Delete: keyword='exam', fid='educ_00000877' (removing entire key)
🗑️ AccTrie Delete: post-delete root_hash=[e6, 76, ee, ec, 7e, 3b, 9c, 77]...
🔍 AccTrie Query: keyword='science', found 1 fids
🔍 AccTrie Query: returning proof (362 bytes)
🗑️ AccTrie Delete: keyword='science', fid='scie_00000878' (removing entire key)
🗑️ AccTrie Delete: post-delete root_hash=[e6, 76, ee, ec, 7e, 3b, 9c, 77]...
⚠️ AccTrie Delete: keyword='science' not found in storage
🗑️ AccTrie Delete: keyword='science', fid='scie_00000878' (removing entire key)
⚠️ AccTrie Delete: delete entire key failed: Key not found
🗑️ AccTrie Delete: post-delete root_hash=[e6, 76, ee, ec, 7e, 3b, 9c, 77]...
🔍 AccTrie Query: keyword='entertainment', found 1 fids
🔍 AccTrie Query: returning proof (468 bytes)
🗑️ AccTrie Delete: keyword='entertainment', fid='ente_00000879' (removing entire key)
🗑️ AccTrie Delete: post-delete root_hash=[75, fe, 69, 33, 50, e7, b0, 8d]...
🔧 AccTrie Add: keyword='streaming', fid='ente_00000879' (success)
🔧 AccTrie Add: proof size=473 bytes, root_hash=[75, fe, 69, 33, 50, e7, b0, 8d]...
🗑️ AccTrie Delete: keyword='streaming', fid='ente_00000879' (removing entire key)
🗑️ AccTrie Delete: post-delete root_hash=[e6, 76, ee, ec, 7e, 3b, 9c, 77]...
⚠️ AccTrie Delete: keyword='entertainment' not found in storage
🗑️ AccTrie Delete: keyword='entertainment', fid='ente_00000879' (removing entire key)
⚠️ AccTrie Delete: delete entire key failed: Key not found
🗑️ AccTrie Delete: post-delete root_hash=[e6, 76, ee, ec, 7e, 3b, 9c, 77]...
🔧 AccTrie Add: keyword='database', fid='tech_00000880' (success)
🔧 AccTrie Add: proof size=472 bytes, root_hash=[4e, 17, 57, e6, 7f, 7d, b0, 9f]...
🗑️ AccTrie Delete: keyword='database', fid='tech_00000880' (removing entire key)
🗑️ AccTrie Delete: post-delete root_hash=[e6, 76, ee, ec, 7e, 3b, 9c, 77]...
🗑️ AccTrie Delete: keyword='basketball', fid='spor_00000883' (removing entire key)
🗑️ AccTrie Delete: post-delete root_hash=[e6, 76, ee, ec, 7e, 3b, 9c, 77]...
🔧 AccTrie Add: keyword='enterprise', fid='busi_00000884' (success)
🔧 AccTrie Add: proof size=474 bytes, root_hash=[3b, c6, 9c, 76, d0, 38, 21, 7c]...
🗑️ AccTrie Delete: keyword='enterprise', fid='busi_00000884' (removing entire key)
🗑️ AccTrie Delete: post-delete root_hash=[e6, 76, ee, ec, 7e, 3b, 9c, 77]...
🔧 AccTrie Add: keyword='conservation', fid='envi_00000889' (success)
🔧 AccTrie Add: proof size=476 bytes, root_hash=[63, 78, 1a, 2f, 0b, cb, d3, 89]...
🗑️ AccTrie Delete: keyword='conservation', fid='envi_00000889' (removing entire key)
🗑️ AccTrie Delete: post-delete root_hash=[e6, 76, ee, ec, 7e, 3b, 9c, 77]...
❌ AccTrie Batch Add: item ('data','scie_00000892') failed: Cannot create leaf with empty suffix
🔍 AccTrie Query: keyword='science', found 1 fids
🔍 AccTrie Query: returning proof (362 bytes)
🗑️ AccTrie Delete: keyword='science', fid='scie_00000892' (removing entire key)
🗑️ AccTrie Delete: post-delete root_hash=[e6, 76, ee, ec, 7e, 3b, 9c, 77]...
⚠️ AccTrie Delete: keyword='science' not found in storage
🗑️ AccTrie Delete: keyword='science', fid='scie_00000892' (removing entire key)
⚠️ AccTrie Delete: delete entire key failed: Key not found
🗑️ AccTrie Delete: post-delete root_hash=[e6, 76, ee, ec, 7e, 3b, 9c, 77]...
🗑️ AccTrie Delete: keyword='data', fid='scie_00000892' (removing entire key)
⚠️ AccTrie Delete: delete entire key failed: Key not found
🗑️ AccTrie Delete: post-delete root_hash=[e6, 76, ee, ec, 7e, 3b, 9c, 77]...
🔧 AccTrie Add: keyword='ml', fid='tech_00000893' (success)
🔧 AccTrie Add: proof size=566 bytes, root_hash=[52, e4, af, d8, 4f, 50, 00, 59]...
🗑️ AccTrie Delete: keyword='ml', fid='tech_00000893' (removing entire key)
🗑️ AccTrie Delete: post-delete root_hash=[4b, af, 7e, f4, 5f, c9, 36, 0b]...
🗑️ AccTrie Delete: keyword='hardware', fid='tech_00000893' (removing entire key)
🗑️ AccTrie Delete: post-delete root_hash=[e6, 76, ee, ec, 7e, 3b, 9c, 77]...
🗑️ AccTrie Delete: keyword='investment', fid='busi_00000894' (removing entire key)
🗑️ AccTrie Delete: post-delete root_hash=[49, d1, 9d, b7, c9, 8f, ca, 57]...
🗑️ AccTrie Delete: keyword='enterprise', fid='busi_00000894' (removing entire key)
🗑️ AccTrie Delete: post-delete root_hash=[e6, 76, ee, ec, 7e, 3b, 9c, 77]...
🔍 AccTrie Query: keyword='entertainment', found 1 fids
🔍 AccTrie Query: returning proof (468 bytes)
🗑️ AccTrie Delete: keyword='entertainment', fid='ente_00000895' (removing entire key)
🗑️ AccTrie Delete: post-delete root_hash=[80, 6a, c1, 9d, 9a, 1a, 6e, 90]...
🔧 AccTrie Add: keyword='video', fid='ente_00000895' (success)
🔧 AccTrie Add: proof size=469 bytes, root_hash=[80, 6a, c1, 9d, 9a, 1a, 6e, 90]...
⚠️ AccTrie Delete: keyword='entertainment' not found in storage
🗑️ AccTrie Delete: keyword='entertainment', fid='ente_00000895' (removing entire key)
⚠️ AccTrie Delete: delete entire key failed: Key not found
🗑️ AccTrie Delete: post-delete root_hash=[80, 6a, c1, 9d, 9a, 1a, 6e, 90]...
🗑️ AccTrie Delete: keyword='video', fid='ente_00000895' (removing entire key)
🗑️ AccTrie Delete: post-delete root_hash=[e6, 76, ee, ec, 7e, 3b, 9c, 77]...
🔍 AccTrie Query: keyword='entertainment', found 1 fids
🔍 AccTrie Query: returning proof (468 bytes)
🗑️ AccTrie Delete: keyword='entertainment', fid='ente_00000896' (removing entire key)
🗑️ AccTrie Delete: post-delete root_hash=[34, 52, be, d0, 40, f1, 4b, e3]...
🔧 AccTrie Add: keyword='drama', fid='ente_00000896' (success)
🔧 AccTrie Add: proof size=469 bytes, root_hash=[34, 52, be, d0, 40, f1, 4b, e3]...
⚠️ AccTrie Delete: keyword='entertainment' not found in storage
🗑️ AccTrie Delete: keyword='entertainment', fid='ente_00000896' (removing entire key)
⚠️ AccTrie Delete: delete entire key failed: Key not found
🗑️ AccTrie Delete: post-delete root_hash=[34, 52, be, d0, 40, f1, 4b, e3]...
🗑️ AccTrie Delete: keyword='drama', fid='ente_00000896' (removing entire key)
🗑️ AccTrie Delete: post-delete root_hash=[e6, 76, ee, ec, 7e, 3b, 9c, 77]...
🔍 AccTrie Query: keyword='entertainment', found 1 fids
🔍 AccTrie Query: returning proof (468 bytes)
🗑️ AccTrie Delete: keyword='entertainment', fid='ente_00000898' (removing entire key)
🗑️ AccTrie Delete: post-delete root_hash=[eb, e1, aa, ba, 07, bb, db, d6]...
🔧 AccTrie Add: keyword='concert', fid='ente_00000898' (success)
🔧 AccTrie Add: proof size=471 bytes, root_hash=[eb, e1, aa, ba, 07, bb, db, d6]...
⚠️ AccTrie Delete: keyword='entertainment' not found in storage
🗑️ AccTrie Delete: keyword='entertainment', fid='ente_00000898' (removing entire key)
⚠️ AccTrie Delete: delete entire key failed: Key not found
🗑️ AccTrie Delete: post-delete root_hash=[eb, e1, aa, ba, 07, bb, db, d6]...
🗑️ AccTrie Delete: keyword='concert', fid='ente_00000898' (removing entire key)
🗑️ AccTrie Delete: post-delete root_hash=[e6, 76, ee, ec, 7e, 3b, 9c, 77]...
🗑️ AccTrie Delete: keyword='enterprise', fid='busi_00000899' (removing entire key)
🗑️ AccTrie Delete: post-delete root_hash=[2e, 2d, d9, 50, 07, ea, 6f, 93]...
🗑️ AccTrie Delete: keyword='revenue', fid='busi_00000899' (removing entire key)
🗑️ AccTrie Delete: post-delete root_hash=[e6, 76, ee, ec, 7e, 3b, 9c, 77]...
🔍 AccTrie Query: keyword='science', found 1 fids
🔍 AccTrie Query: returning proof (362 bytes)
🗑️ AccTrie Delete: keyword='science', fid='scie_00000900' (removing entire key)
🗑️ AccTrie Delete: post-delete root_hash=[e6, 76, ee, ec, 7e, 3b, 9c, 77]...
⚠️ AccTrie Delete: keyword='science' not found in storage
🗑️ AccTrie Delete: keyword='science', fid='scie_00000900' (removing entire key)
⚠️ AccTrie Delete: delete entire key failed: Key not found
🗑️ AccTrie Delete: post-delete root_hash=[e6, 76, ee, ec, 7e, 3b, 9c, 77]...
🗑️ AccTrie Delete: keyword='assignment', fid='educ_00000901' (removing entire key)
🗑️ AccTrie Delete: post-delete root_hash=[e6, 76, ee, ec, 7e, 3b, 9c, 77]...
🔧 AccTrie Add: keyword='conservation', fid='envi_00000904' (success)
🔧 AccTrie Add: proof size=476 bytes, root_hash=[d3, 10, 62, 50, 51, d4, e4, 9d]...
🗑️ AccTrie Delete: keyword='conservation', fid='envi_00000904' (removing entire key)
🗑️ AccTrie Delete: post-delete root_hash=[e6, 76, ee, ec, 7e, 3b, 9c, 77]...
🔧 AccTrie Add: keyword='learning', fid='educ_00000906' (success)
🔧 AccTrie Add: proof size=472 bytes, root_hash=[9d, 0c, b9, 1e, 5b, 41, cb, 1c]...
🗑️ AccTrie Delete: keyword='learning', fid='educ_00000906' (removing entire key)
🗑️ AccTrie Delete: post-delete root_hash=[e6, 76, ee, ec, 7e, 3b, 9c, 77]...
🔧 AccTrie Add: keyword='teacher', fid='educ_00000909' (success)
🔧 AccTrie Add: proof size=571 bytes, root_hash=[1d, ee, a8, 96, 37, 26, 24, 00]...
🗑️ AccTrie Delete: keyword='teacher', fid='educ_00000909' (removing entire key)
🗑️ AccTrie Delete: post-delete root_hash=[58, cc, 70, 51, c2, 74, 7a, e9]...
🗑️ AccTrie Delete: keyword='exam', fid='educ_00000909' (removing entire key)
🗑️ AccTrie Delete: post-delete root_hash=[e6, 76, ee, ec, 7e, 3b, 9c, 77]...
🔧 AccTrie Add: keyword='ml', fid='tech_00000910' (success)
🔧 AccTrie Add: proof size=566 bytes, root_hash=[55, ad, 40, 47, 31, cf, 30, 65]...
🗑️ AccTrie Delete: keyword='server', fid='tech_00000910' (removing entire key)
🗑️ AccTrie Delete: post-delete root_hash=[65, 27, 25, 0f, 2f, 53, 39, 1f]...
🗑️ AccTrie Delete: keyword='ml', fid='tech_00000910' (removing entire key)
🗑️ AccTrie Delete: post-delete root_hash=[e6, 76, ee, ec, 7e, 3b, 9c, 77]...
🔍 AccTrie Query: keyword='entertainment', found 1 fids
🔍 AccTrie Query: returning proof (468 bytes)
🗑️ AccTrie Delete: keyword='entertainment', fid='ente_00000911' (removing entire key)
🗑️ AccTrie Delete: post-delete root_hash=[60, 1f, 96, 95, bb, d1, d4, 48]...
🔧 AccTrie Add: keyword='album', fid='ente_00000911' (success)
🔧 AccTrie Add: proof size=469 bytes, root_hash=[60, 1f, 96, 95, bb, d1, d4, 48]...
⚠️ AccTrie Delete: keyword='entertainment' not found in storage
🗑️ AccTrie Delete: keyword='entertainment', fid='ente_00000911' (removing entire key)
⚠️ AccTrie Delete: delete entire key failed: Key not found
🗑️ AccTrie Delete: post-delete root_hash=[60, 1f, 96, 95, bb, d1, d4, 48]...
🗑️ AccTrie Delete: keyword='album', fid='ente_00000911' (removing entire key)
🗑️ AccTrie Delete: post-delete root_hash=[e6, 76, ee, ec, 7e, 3b, 9c, 77]...
🗑️ AccTrie Delete: keyword='investment', fid='busi_00000912' (removing entire key)
🗑️ AccTrie Delete: post-delete root_hash=[e6, 76, ee, ec, 7e, 3b, 9c, 77]...
🗑️ AccTrie Delete: keyword='exam', fid='educ_00000913' (removing entire key)
🗑️ AccTrie Delete: post-delete root_hash=[e6, 76, ee, ec, 7e, 3b, 9c, 77]...
🗑️ AccTrie Delete: keyword='ml', fid='tech_00000914' (removing entire key)
🗑️ AccTrie Delete: post-delete root_hash=[e6, 76, ee, ec, 7e, 3b, 9c, 77]...
🗑️ AccTrie Delete: keyword='ml', fid='tech_00000915' (removing entire key)
🗑️ AccTrie Delete: post-delete root_hash=[e6, 76, ee, ec, 7e, 3b, 9c, 77]...
🗑️ AccTrie Delete: keyword='diagnosis', fid='heal_00000917' (removing entire key)
🗑️ AccTrie Delete: post-delete root_hash=[e6, 76, ee, ec, 7e, 3b, 9c, 77]...
🗑️ AccTrie Delete: keyword='nutrition', fid='heal_00000919' (removing entire key)
🗑️ AccTrie Delete: post-delete root_hash=[e6, 76, ee, ec, 7e, 3b, 9c, 77]...
🗑️ AccTrie Delete: keyword='study', fid='educ_00000920' (removing entire key)
🗑️ AccTrie Delete: post-delete root_hash=[e6, 76, ee, ec, 7e, 3b, 9c, 77]...
🔧 AccTrie Add: keyword='assignment', fid='educ_00000923' (success)
🔧 AccTrie Add: proof size=474 bytes, root_hash=[5a, da, a6, 4e, 93, 6e, ce, 91]...
🗑️ AccTrie Delete: keyword='assignment', fid='educ_00000923' (removing entire key)
🗑️ AccTrie Delete: post-delete root_hash=[e6, 76, ee, ec, 7e, 3b, 9c, 77]...
🔧 AccTrie Add: keyword='medical', fid='heal_00000924' (success)
🔧 AccTrie Add: proof size=571 bytes, root_hash=[3c, ca, 61, e3, 6e, 81, 65, 4d]...
🗑️ AccTrie Delete: keyword='diagnosis', fid='heal_00000924' (removing entire key)
🗑️ AccTrie Delete: post-delete root_hash=[c8, 47, dc, e8, 10, 3c, 10, 00]...
🗑️ AccTrie Delete: keyword='medical', fid='heal_00000924' (removing entire key)
🗑️ AccTrie Delete: post-delete root_hash=[e6, 76, ee, ec, 7e, 3b, 9c, 77]...
🔧 AccTrie Add: keyword='team', fid='spor_00000926' (success)
🔧 AccTrie Add: proof size=568 bytes, root_hash=[08, d8, 04, aa, 96, 2c, 0c, d5]...
🗑️ AccTrie Delete: keyword='tennis', fid='spor_00000926' (removing entire key)
🗑️ AccTrie Delete: post-delete root_hash=[8c, a3, d2, 60, 4d, 0c, 53, 43]...
🗑️ AccTrie Delete: keyword='team', fid='spor_00000926' (removing entire key)
🗑️ AccTrie Delete: post-delete root_hash=[e6, 76, ee, ec, 7e, 3b, 9c, 77]...
🔧 AccTrie Add: keyword='football', fid='spor_00000927' (success)
🔧 AccTrie Add: proof size=472 bytes, root_hash=[6f, 97, 61, 21, 27, 46, a2, cf]...
🗑️ AccTrie Delete: keyword='football', fid='spor_00000927' (removing entire key)
🗑️ AccTrie Delete: post-delete root_hash=[e6, 76, ee, ec, 7e, 3b, 9c, 77]...
🔧 AccTrie Add: keyword='investment', fid='busi_00000930' (success)
🔧 AccTrie Add: proof size=474 bytes, root_hash=[0a, fd, db, 2d, 76, 35, 74, be]...
🗑️ AccTrie Delete: keyword='investment', fid='busi_00000930' (removing entire key)
🗑️ AccTrie Delete: post-delete root_hash=[e6, 76, ee, ec, 7e, 3b, 9c, 77]...
🔍 AccTrie Query: keyword='entertainment', found 1 fids
🔍 AccTrie Query: returning proof (568 bytes)
🗑️ AccTrie Delete: keyword='entertainment', fid='ente_00000931' (removing entire key)
🗑️ AccTrie Delete: post-delete root_hash=[33, 0a, 27, 18, d1, 1b, d4, 52]...
🗑️ AccTrie Delete: keyword='music', fid='ente_00000931' (removing entire key)
🗑️ AccTrie Delete: post-delete root_hash=[14, 4f, 46, 2c, 26, cd, 4f, 1b]...
⚠️ AccTrie Delete: keyword='entertainment' not found in storage
🗑️ AccTrie Delete: keyword='entertainment', fid='ente_00000931' (removing entire key)
⚠️ AccTrie Delete: delete entire key failed: Key not found
🗑️ AccTrie Delete: post-delete root_hash=[14, 4f, 46, 2c, 26, cd, 4f, 1b]...
🗑️ AccTrie Delete: keyword='streaming', fid='ente_00000931' (removing entire key)
🗑️ AccTrie Delete: post-delete root_hash=[e6, 76, ee, ec, 7e, 3b, 9c, 77]...
🗑️ AccTrie Delete: keyword='team', fid='spor_00000934' (removing entire key)
🗑️ AccTrie Delete: post-delete root_hash=[26, 26, be, 44, e5, f2, 4f, 72]...
🗑️ AccTrie Delete: keyword='tennis', fid='spor_00000934' (removing entire key)
🗑️ AccTrie Delete: post-delete root_hash=[e6, 76, ee, ec, 7e, 3b, 9c, 77]...
🗑️ AccTrie Delete: keyword='exam', fid='educ_00000937' (removing entire key)
🗑️ AccTrie Delete: post-delete root_hash=[e6, 76, ee, ec, 7e, 3b, 9c, 77]...
🔍 AccTrie Query: keyword='science', found 1 fids
🔍 AccTrie Query: returning proof (362 bytes)
🗑️ AccTrie Delete: keyword='science', fid='scie_00000939' (removing entire key)
🗑️ AccTrie Delete: post-delete root_hash=[e6, 76, ee, ec, 7e, 3b, 9c, 77]...
⚠️ AccTrie Delete: keyword='science' not found in storage
🗑️ AccTrie Delete: keyword='science', fid='scie_00000939' (removing entire key)
⚠️ AccTrie Delete: delete entire key failed: Key not found
🗑️ AccTrie Delete: post-delete root_hash=[e6, 76, ee, ec, 7e, 3b, 9c, 77]...
❌ AccTrie Batch Add: item ('data','scie_00000940') failed: Cannot create leaf with empty suffix
🔍 AccTrie Query: keyword='science', found 1 fids
🔍 AccTrie Query: returning proof (21 bytes)
🗑️ AccTrie Delete: keyword='science', fid='scie_00000940' (removing entire key)
⚠️ AccTrie Delete: delete entire key failed: Key not found
🗑️ AccTrie Delete: post-delete root_hash=[e6, 76, ee, ec, 7e, 3b, 9c, 77]...
🗑️ AccTrie Delete: keyword='data', fid='scie_00000940' (removing entire key)
⚠️ AccTrie Delete: delete entire key failed: Key not found
🗑️ AccTrie Delete: post-delete root_hash=[e6, 76, ee, ec, 7e, 3b, 9c, 77]...
⚠️ AccTrie Delete: keyword='science' not found in storage
🗑️ AccTrie Delete: keyword='science', fid='scie_00000940' (removing entire key)
⚠️ AccTrie Delete: delete entire key failed: Key not found
🗑️ AccTrie Delete: post-delete root_hash=[e6, 76, ee, ec, 7e, 3b, 9c, 77]...
🔧 AccTrie Add: keyword='football', fid='spor_00000942' (success)
🔧 AccTrie Add: proof size=472 bytes, root_hash=[49, 64, 0f, 46, b1, ca, 10, 14]...
🗑️ AccTrie Delete: keyword='football', fid='spor_00000942' (removing entire key)
🗑️ AccTrie Delete: post-delete root_hash=[e6, 76, ee, ec, 7e, 3b, 9c, 77]...
🗑️ AccTrie Delete: keyword='soccer', fid='spor_00000943' (removing entire key)
🗑️ AccTrie Delete: post-delete root_hash=[e6, 76, ee, ec, 7e, 3b, 9c, 77]...
🔧 AccTrie Add: keyword='teacher', fid='educ_00000944' (success)
🔧 AccTrie Add: proof size=571 bytes, root_hash=[f7, 9b, 5d, 1c, 5c, a4, 5f, b2]...
🗑️ AccTrie Delete: keyword='study', fid='educ_00000944' (removing entire key)
🗑️ AccTrie Delete: post-delete root_hash=[d6, 7e, a1, 3a, 06, bb, aa, 3c]...
🗑️ AccTrie Delete: keyword='teacher', fid='educ_00000944' (removing entire key)
🗑️ AccTrie Delete: post-delete root_hash=[e6, 76, ee, ec, 7e, 3b, 9c, 77]...
🔧 AccTrie Add: keyword='tennis', fid='spor_00000945' (success)
🔧 AccTrie Add: proof size=470 bytes, root_hash=[1e, 76, 0e, c3, c0, 2c, 4b, 53]...
🗑️ AccTrie Delete: keyword='tennis', fid='spor_00000945' (removing entire key)
🗑️ AccTrie Delete: post-delete root_hash=[e6, 76, ee, ec, 7e, 3b, 9c, 77]...
🔍 AccTrie Query: keyword='entertainment', found 1 fids
🔍 AccTrie Query: returning proof (468 bytes)
🗑️ AccTrie Delete: keyword='entertainment', fid='ente_00000947' (removing entire key)
🗑️ AccTrie Delete: post-delete root_hash=[00, 78, a4, 4b, ec, 85, 4e, 15]...
🔧 AccTrie Add: keyword='music', fid='ente_00000947' (success)
🔧 AccTrie Add: proof size=469 bytes, root_hash=[00, 78, a4, 4b, ec, 85, 4e, 15]...
⚠️ AccTrie Delete: keyword='entertainment' not found in storage
🗑️ AccTrie Delete: keyword='entertainment', fid='ente_00000947' (removing entire key)
⚠️ AccTrie Delete: delete entire key failed: Key not found
🗑️ AccTrie Delete: post-delete root_hash=[00, 78, a4, 4b, ec, 85, 4e, 15]...
🗑️ AccTrie Delete: keyword='music', fid='ente_00000947' (removing entire key)
🗑️ AccTrie Delete: post-delete root_hash=[e6, 76, ee, ec, 7e, 3b, 9c, 77]...
🔍 AccTrie Query: keyword='science', found 1 fids
🔍 AccTrie Query: returning proof (362 bytes)
🗑️ AccTrie Delete: keyword='science', fid='scie_00000948' (removing entire key)
🗑️ AccTrie Delete: post-delete root_hash=[e6, 76, ee, ec, 7e, 3b, 9c, 77]...
⚠️ AccTrie Delete: keyword='science' not found in storage
🗑️ AccTrie Delete: keyword='science', fid='scie_00000948' (removing entire key)
⚠️ AccTrie Delete: delete entire key failed: Key not found
🗑️ AccTrie Delete: post-delete root_hash=[e6, 76, ee, ec, 7e, 3b, 9c, 77]...
🗑️ AccTrie Delete: keyword='hardware', fid='tech_00000950' (removing entire key)
🗑️ AccTrie Delete: post-delete root_hash=[e6, 76, ee, ec, 7e, 3b, 9c, 77]...
🔍 AccTrie Query: keyword='entertainment', found 1 fids
🔍 AccTrie Query: returning proof (568 bytes)
🗑️ AccTrie Delete: keyword='entertainment', fid='ente_00000951' (removing entire key)
🗑️ AccTrie Delete: post-delete root_hash=[dc, c9, 55, 3e, fd, 51, b8, e5]...
🔧 AccTrie Add: keyword='album', fid='ente_00000951' (success)
🔧 AccTrie Add: proof size=569 bytes, root_hash=[dc, c9, 55, 3e, fd, 51, b8, e5]...
🗑️ AccTrie Delete: keyword='album', fid='ente_00000951' (removing entire key)
🗑️ AccTrie Delete: post-delete root_hash=[d2, 1e, 6e, 7b, 6a, 63, 95, 2e]...
🗑️ AccTrie Delete: keyword='music', fid='ente_00000951' (removing entire key)
🗑️ AccTrie Delete: post-delete root_hash=[e6, 76, ee, ec, 7e, 3b, 9c, 77]...
⚠️ AccTrie Delete: keyword='entertainment' not found in storage
🗑️ AccTrie Delete: keyword='entertainment', fid='ente_00000951' (removing entire key)
⚠️ AccTrie Delete: delete entire key failed: Key not found
🗑️ AccTrie Delete: post-delete root_hash=[e6, 76, ee, ec, 7e, 3b, 9c, 77]...
🔧 AccTrie Add: keyword='hardware', fid='tech_00000952' (success)
🔧 AccTrie Add: proof size=472 bytes, root_hash=[bc, 60, c0, 82, 49, cc, 33, 46]...
🗑️ AccTrie Delete: keyword='hardware', fid='tech_00000952' (removing entire key)
🗑️ AccTrie Delete: post-delete root_hash=[e6, 76, ee, ec, 7e, 3b, 9c, 77]...
🔍 AccTrie Query: keyword='science', found 1 fids
🔍 AccTrie Query: returning proof (362 bytes)
🗑️ AccTrie Delete: keyword='science', fid='scie_00000953' (removing entire key)
🗑️ AccTrie Delete: post-delete root_hash=[e6, 76, ee, ec, 7e, 3b, 9c, 77]...
⚠️ AccTrie Delete: keyword='science' not found in storage
🗑️ AccTrie Delete: keyword='science', fid='scie_00000953' (removing entire key)
⚠️ AccTrie Delete: delete entire key failed: Key not found
🗑️ AccTrie Delete: post-delete root_hash=[e6, 76, ee, ec, 7e, 3b, 9c, 77]...
🗑️ AccTrie Delete: keyword='study', fid='educ_00000955' (removing entire key)
🗑️ AccTrie Delete: post-delete root_hash=[4d, 69, 6c, b8, 67, 31, a9, fc]...
🗑️ AccTrie Delete: keyword='exam', fid='educ_00000955' (removing entire key)
🗑️ AccTrie Delete: post-delete root_hash=[e6, 76, ee, ec, 7e, 3b, 9c, 77]...
🔧 AccTrie Add: keyword='hardware', fid='tech_00000959' (success)
🔧 AccTrie Add: proof size=472 bytes, root_hash=[45, 1e, 83, 7e, 8e, ed, 3d, a6]...
🗑️ AccTrie Delete: keyword='hardware', fid='tech_00000959' (removing entire key)
🗑️ AccTrie Delete: post-delete root_hash=[e6, 76, ee, ec, 7e, 3b, 9c, 77]...
🔧 AccTrie Add: keyword='teacher', fid='educ_00000961' (success)
🔧 AccTrie Add: proof size=571 bytes, root_hash=[ae, 56, cc, a1, f0, 0d, b2, af]...
🗑️ AccTrie Delete: keyword='assignment', fid='educ_00000961' (removing entire key)
🗑️ AccTrie Delete: post-delete root_hash=[e6, 28, 67, 00, af, 4b, 45, f9]...
🗑️ AccTrie Delete: keyword='teacher', fid='educ_00000961' (removing entire key)
🗑️ AccTrie Delete: post-delete root_hash=[e6, 76, ee, ec, 7e, 3b, 9c, 77]...
🔧 AccTrie Add: keyword='teacher', fid='educ_00000965' (success)
🔧 AccTrie Add: proof size=471 bytes, root_hash=[85, 4e, 58, a0, 76, b9, 99, 83]...
🗑️ AccTrie Delete: keyword='teacher', fid='educ_00000965' (removing entire key)
🗑️ AccTrie Delete: post-delete root_hash=[e6, 76, ee, ec, 7e, 3b, 9c, 77]...
🗑️ AccTrie Delete: keyword='ml', fid='tech_00000966' (removing entire key)
🗑️ AccTrie Delete: post-delete root_hash=[e6, 76, ee, ec, 7e, 3b, 9c, 77]...
🗑️ AccTrie Delete: keyword='soccer', fid='spor_00000968' (removing entire key)
🗑️ AccTrie Delete: post-delete root_hash=[03, 4b, dd, e0, 38, 0e, 81, e9]...
🗑️ AccTrie Delete: keyword='basketball', fid='spor_00000968' (removing entire key)
🗑️ AccTrie Delete: post-delete root_hash=[e6, 76, ee, ec, 7e, 3b, 9c, 77]...
🔧 AccTrie Add: keyword='investment', fid='busi_00000969' (success)
🔧 AccTrie Add: proof size=474 bytes, root_hash=[3a, ae, 7f, 22, 35, 81, 8b, 43]...
🗑️ AccTrie Delete: keyword='investment', fid='busi_00000969' (removing entire key)
🗑️ AccTrie Delete: post-delete root_hash=[e6, 76, ee, ec, 7e, 3b, 9c, 77]...
❌ AccTrie Batch Add: item ('data','scie_00000971') failed: Cannot create leaf with empty suffix
🔍 AccTrie Query: keyword='science', found 1 fids
🔍 AccTrie Query: returning proof (21 bytes)
🗑️ AccTrie Delete: keyword='science', fid='scie_00000971' (removing entire key)
⚠️ AccTrie Delete: delete entire key failed: Key not found
🗑️ AccTrie Delete: post-delete root_hash=[e6, 76, ee, ec, 7e, 3b, 9c, 77]...
🗑️ AccTrie Delete: keyword='data', fid='scie_00000971' (removing entire key)
⚠️ AccTrie Delete: delete entire key failed: Key not found
🗑️ AccTrie Delete: post-delete root_hash=[e6, 76, ee, ec, 7e, 3b, 9c, 77]...
⚠️ AccTrie Delete: keyword='science' not found in storage
🗑️ AccTrie Delete: keyword='science', fid='scie_00000971' (removing entire key)
⚠️ AccTrie Delete: delete entire key failed: Key not found
🗑️ AccTrie Delete: post-delete root_hash=[e6, 76, ee, ec, 7e, 3b, 9c, 77]...
🗑️ AccTrie Delete: keyword='international', fid='news_00000972' (removing entire key)
🗑️ AccTrie Delete: post-delete root_hash=[e6, 76, ee, ec, 7e, 3b, 9c, 77]...
🗑️ AccTrie Delete: keyword='exam', fid='educ_00000973' (removing entire key)
🗑️ AccTrie Delete: post-delete root_hash=[e6, 76, ee, ec, 7e, 3b, 9c, 77]...
🔍 AccTrie Query: keyword='entertainment', found 1 fids
🔍 AccTrie Query: returning proof (668 bytes)
🗑️ AccTrie Delete: keyword='entertainment', fid='ente_00000977' (removing entire key)
🗑️ AccTrie Delete: post-delete root_hash=[16, 5c, 0c, 3c, 00, 91, 62, 8f]...
🔧 AccTrie Add: keyword='celebrity', fid='ente_00000977' (success)
🔧 AccTrie Add: proof size=673 bytes, root_hash=[16, 5c, 0c, 3c, 00, 91, 62, 8f]...
⚠️ AccTrie Delete: keyword='entertainment' not found in storage
🗑️ AccTrie Delete: keyword='entertainment', fid='ente_00000977' (removing entire key)
⚠️ AccTrie Delete: delete entire key failed: Key not found
🗑️ AccTrie Delete: post-delete root_hash=[16, 5c, 0c, 3c, 00, 91, 62, 8f]...
🗑️ AccTrie Delete: keyword='album', fid='ente_00000977' (removing entire key)
🗑️ AccTrie Delete: post-delete root_hash=[f9, 7e, 41, 71, 9e, f4, 38, c8]...
🗑️ AccTrie Delete: keyword='celebrity', fid='ente_00000977' (removing entire key)
🗑️ AccTrie Delete: post-delete root_hash=[9d, ee, 42, 69, ae, 9b, 0d, 1f]...
🗑️ AccTrie Delete: keyword='streaming', fid='ente_00000977' (removing entire key)
🗑️ AccTrie Delete: post-delete root_hash=[e6, 76, ee, ec, 7e, 3b, 9c, 77]...
🔍 AccTrie Query: keyword='entertainment', found 1 fids
🔍 AccTrie Query: returning proof (468 bytes)
🗑️ AccTrie Delete: keyword='entertainment', fid='ente_00000978' (removing entire key)
🗑️ AccTrie Delete: post-delete root_hash=[4d, 68, b9, 2b, b1, bb, e8, a1]...
🔧 AccTrie Add: keyword='music', fid='ente_00000978' (success)
🔧 AccTrie Add: proof size=469 bytes, root_hash=[4d, 68, b9, 2b, b1, bb, e8, a1]...
🗑️ AccTrie Delete: keyword='music', fid='ente_00000978' (removing entire key)
🗑️ AccTrie Delete: post-delete root_hash=[e6, 76, ee, ec, 7e, 3b, 9c, 77]...
⚠️ AccTrie Delete: keyword='entertainment' not found in storage
🗑️ AccTrie Delete: keyword='entertainment', fid='ente_00000978' (removing entire key)
⚠️ AccTrie Delete: delete entire key failed: Key not found
🗑️ AccTrie Delete: post-delete root_hash=[e6, 76, ee, ec, 7e, 3b, 9c, 77]...
🔍 AccTrie Query: keyword='science', found 1 fids
🔍 AccTrie Query: returning proof (362 bytes)
🗑️ AccTrie Delete: keyword='science', fid='scie_00000983' (removing entire key)
🗑️ AccTrie Delete: post-delete root_hash=[e6, 76, ee, ec, 7e, 3b, 9c, 77]...
⚠️ AccTrie Delete: keyword='science' not found in storage
🗑️ AccTrie Delete: keyword='science', fid='scie_00000983' (removing entire key)
⚠️ AccTrie Delete: delete entire key failed: Key not found
🗑️ AccTrie Delete: post-delete root_hash=[e6, 76, ee, ec, 7e, 3b, 9c, 77]...
🔍 AccTrie Query: keyword='science', found 1 fids
🔍 AccTrie Query: returning proof (362 bytes)
🗑️ AccTrie Delete: keyword='science', fid='scie_00000986' (removing entire key)
🗑️ AccTrie Delete: post-delete root_hash=[e6, 76, ee, ec, 7e, 3b, 9c, 77]...
⚠️ AccTrie Delete: keyword='science' not found in storage
🗑️ AccTrie Delete: keyword='science', fid='scie_00000986' (removing entire key)
⚠️ AccTrie Delete: delete entire key failed: Key not found
🗑️ AccTrie Delete: post-delete root_hash=[e6, 76, ee, ec, 7e, 3b, 9c, 77]...
🔧 AccTrie Add: keyword='medical', fid='heal_00000988' (success)
🔧 AccTrie Add: proof size=471 bytes, root_hash=[f7, cb, 9c, 32, 07, e8, 31, a5]...
🗑️ AccTrie Delete: keyword='medical', fid='heal_00000988' (removing entire key)
🗑️ AccTrie Delete: post-delete root_hash=[e6, 76, ee, ec, 7e, 3b, 9c, 77]...
🗑️ AccTrie Delete: keyword='study', fid='educ_00000990' (removing entire key)
🗑️ AccTrie Delete: post-delete root_hash=[5b, c3, a7, ee, 18, 74, b0, 30]...
🗑️ AccTrie Delete: keyword='learning', fid='educ_00000990' (removing entire key)
🗑️ AccTrie Delete: post-delete root_hash=[e6, 76, ee, ec, 7e, 3b, 9c, 77]...
🗑️ AccTrie Delete: keyword='teacher', fid='educ_00000992' (removing entire key)
🗑️ AccTrie Delete: post-delete root_hash=[71, 1e, 13, b3, d4, 91, 42, 80]...
🗑️ AccTrie Delete: keyword='assignment', fid='educ_00000992' (removing entire key)
🗑️ AccTrie Delete: post-delete root_hash=[88, 66, 0a, 52, e5, 5e, 78, 6a]...
🗑️ AccTrie Delete: keyword='learning', fid='educ_00000992' (removing entire key)
🗑️ AccTrie Delete: post-delete root_hash=[16, 8e, de, 92, 01, c0, de, 7b]...
🗑️ AccTrie Delete: keyword='exam', fid='educ_00000992' (removing entire key)
🗑️ AccTrie Delete: post-delete root_hash=[e6, 76, ee, ec, 7e, 3b, 9c, 77]...
🔧 AccTrie Add: keyword='soccer', fid='spor_00000993' (success)
🔧 AccTrie Add: proof size=470 bytes, root_hash=[cb, 89, 19, ae, aa, 6b, da, e5]...
🗑️ AccTrie Delete: keyword='soccer', fid='spor_00000993' (removing entire key)
🗑️ AccTrie Delete: post-delete root_hash=[e6, 76, ee, ec, 7e, 3b, 9c, 77]...
🗑️ AccTrie Delete: keyword='enterprise', fid='busi_00000996' (removing entire key)
🗑️ AccTrie Delete: post-delete root_hash=[e6, 76, ee, ec, 7e, 3b, 9c, 77]...
🔧 AccTrie Add: keyword='revenue', fid='busi_00000997' (success)
🔧 AccTrie Add: proof size=471 bytes, root_hash=[e9, 8b, 22, e6, 53, f1, 58, 02]...
🗑️ AccTrie Delete: keyword='revenue', fid='busi_00000997' (removing entire key)
🗑️ AccTrie Delete: post-delete root_hash=[e6, 76, ee, ec, 7e, 3b, 9c, 77]...
