warning: profiles for the non root package will be ignored, specify profiles at the workspace root:
package:   /root/distributed-storage-system/crates/storager/ads_lib/Cargo.toml
workspace: /root/distributed-storage-system/Cargo.toml
    Blocking waiting for file lock on build directory
warning: value assigned to `is_change` is never read
   --> crates/storager/ads_lib/src/mpt/mpt.rs:256:21
    |
256 |             let mut is_change = false;
    |                     ^^^^^^^^^
    |
    = help: maybe it is overwritten before being read?
    = note: `#[warn(unused_assignments)]` on by default

warning: value assigned to `is_change` is never read
   --> crates/storager/ads_lib/src/mpt/mpt.rs:462:25
    |
462 |                 let mut is_change = false;
    |                         ^^^^^^^^^
    |
    = help: maybe it is overwritten before being read?

warning: unused variable: `had_value`
   --> crates/storager/ads_lib/src/mpt/mpt.rs:526:21
    |
526 |                 let had_value = !old_value_str.is_empty();
    |                     ^^^^^^^^^ help: if this is intentional, prefix it with an underscore: `_had_value`
    |
    = note: `#[warn(unused_variables)]` on by default

warning: associated functions `short_node_batch_fix` and `full_node_batch_fix` are never used
    --> crates/storager/ads_lib/src/mpt/mpt.rs:1743:8
     |
  50 | impl MPT {
     | -------- associated functions in this implementation
...
1743 |     fn short_node_batch_fix(node: Arc<RwLock<ShortNode>>) -> Result<(), MPTError> {
     |        ^^^^^^^^^^^^^^^^^^^^
...
1748 |     fn full_node_batch_fix(node: Arc<RwLock<FullNode>>) -> Result<(), MPTError> {
     |        ^^^^^^^^^^^^^^^^^^^
     |
     = note: `#[warn(dead_code)]` on by default

warning: function `hash_mgt_node` is never used
   --> crates/storager/ads_lib/src/mest/proof.rs:253:4
    |
253 | fn hash_mgt_node(children: &[[u8; 32]]) -> [u8; 32] {
    |    ^^^^^^^^^^^^^

warning: `ads_rust` (lib) generated 5 warnings
warning: unused variable: `acc_old`
   --> crates/common/src/verification.rs:710:13
    |
710 |         let acc_old = match G1Affine::deserialize_uncompressed(&proof[offset..offset + acc_old_len]) {
    |             ^^^^^^^ help: if this is intentional, prefix it with an underscore: `_acc_old`
    |
    = note: `#[warn(unused_variables)]` on by default

warning: `common` (lib) generated 1 warning
warning: unused imports: `Digest` and `Sha256`
   --> crates/storager/src/ads/acctrie_ads.rs:452:20
    |
452 |         use sha2::{Digest, Sha256};
    |                    ^^^^^^  ^^^^^^
    |
    = note: `#[warn(unused_imports)]` on by default

warning: `storager` (lib) generated 1 warning (run `cargo fix --lib -p storager` to apply 1 suggestion)
    Finished `release` profile [optimized] target(s) in 1.01s
     Running `target/release/storager 50054 acctrie`
🔍 AccTrie Query: keyword='health', found 1 fids
🔍 AccTrie Query: returning proof (361 bytes)
🗑️ AccTrie Delete: keyword='health', fid='heal_00000002' (removing entire key)
🗑️ AccTrie Delete: post-delete root_hash=[e6, 76, ee, ec, 7e, 3b, 9c, 77]...
⚠️ AccTrie Delete: keyword='health' not found in storage
🗑️ AccTrie Delete: keyword='health', fid='heal_00000002' (removing entire key)
⚠️ AccTrie Delete: delete entire key failed: Key not found
🗑️ AccTrie Delete: post-delete root_hash=[e6, 76, ee, ec, 7e, 3b, 9c, 77]...
🔧 AccTrie Add: keyword='crisis', fid='news_00000003' (success)
🔧 AccTrie Add: proof size=570 bytes, root_hash=[df, d2, 20, b2, 52, 0a, 1a, f8]...
🗑️ AccTrie Delete: keyword='policy', fid='news_00000003' (removing entire key)
🗑️ AccTrie Delete: post-delete root_hash=[4e, a6, 4e, e0, bb, 1e, 95, 2f]...
🗑️ AccTrie Delete: keyword='crisis', fid='news_00000003' (removing entire key)
🗑️ AccTrie Delete: post-delete root_hash=[e6, 76, ee, ec, 7e, 3b, 9c, 77]...
🔍 AccTrie Query: keyword='business', found 1 fids
🔍 AccTrie Query: returning proof (463 bytes)
🗑️ AccTrie Delete: keyword='business', fid='busi_00000004' (removing entire key)
🗑️ AccTrie Delete: post-delete root_hash=[70, ac, 36, 15, 43, ec, 26, 45]...
🗑️ AccTrie Delete: keyword='analytics', fid='busi_00000004' (removing entire key)
🗑️ AccTrie Delete: post-delete root_hash=[e6, 76, ee, ec, 7e, 3b, 9c, 77]...
⚠️ AccTrie Delete: keyword='business' not found in storage
🗑️ AccTrie Delete: keyword='business', fid='busi_00000004' (removing entire key)
⚠️ AccTrie Delete: delete entire key failed: Key not found
🗑️ AccTrie Delete: post-delete root_hash=[e6, 76, ee, ec, 7e, 3b, 9c, 77]...
🔍 AccTrie Query: keyword='environment', found 1 fids
🔍 AccTrie Query: returning proof (466 bytes)
🗑️ AccTrie Delete: keyword='environment', fid='envi_00000005' (removing entire key)
🗑️ AccTrie Delete: post-delete root_hash=[e7, f3, 97, da, b4, c9, 8a, f0]...
🔧 AccTrie Add: keyword='wildlife', fid='envi_00000005' (success)
🔧 AccTrie Add: proof size=472 bytes, root_hash=[e7, f3, 97, da, b4, c9, 8a, f0]...
🗑️ AccTrie Delete: keyword='wildlife', fid='envi_00000005' (removing entire key)
🗑️ AccTrie Delete: post-delete root_hash=[e6, 76, ee, ec, 7e, 3b, 9c, 77]...
⚠️ AccTrie Delete: keyword='environment' not found in storage
🗑️ AccTrie Delete: keyword='environment', fid='envi_00000005' (removing entire key)
⚠️ AccTrie Delete: delete entire key failed: Key not found
🗑️ AccTrie Delete: post-delete root_hash=[e6, 76, ee, ec, 7e, 3b, 9c, 77]...
🔧 AccTrie Add: keyword='report', fid='news_00000006' (success)
🔧 AccTrie Add: proof size=570 bytes, root_hash=[00, bb, f0, b0, a5, b4, 4d, d4]...
🗑️ AccTrie Delete: keyword='report', fid='news_00000006' (removing entire key)
🗑️ AccTrie Delete: post-delete root_hash=[79, 1e, e5, 6d, e9, 9d, 18, da]...
🗑️ AccTrie Delete: keyword='domestic', fid='news_00000006' (removing entire key)
🗑️ AccTrie Delete: post-delete root_hash=[e6, 76, ee, ec, 7e, 3b, 9c, 77]...
🔍 AccTrie Query: keyword='technology', found 1 fids
🔍 AccTrie Query: returning proof (465 bytes)
🗑️ AccTrie Delete: keyword='technology', fid='tech_00000007' (removing entire key)
🗑️ AccTrie Delete: post-delete root_hash=[ba, ac, cd, 8b, b4, 79, 65, 5c]...
🗑️ AccTrie Delete: keyword='network', fid='tech_00000007' (removing entire key)
🗑️ AccTrie Delete: post-delete root_hash=[e6, 76, ee, ec, 7e, 3b, 9c, 77]...
⚠️ AccTrie Delete: keyword='technology' not found in storage
🗑️ AccTrie Delete: keyword='technology', fid='tech_00000007' (removing entire key)
⚠️ AccTrie Delete: delete entire key failed: Key not found
🗑️ AccTrie Delete: post-delete root_hash=[e6, 76, ee, ec, 7e, 3b, 9c, 77]...
🔧 AccTrie Add: keyword='experiment', fid='scie_00000008' (success)
🔧 AccTrie Add: proof size=574 bytes, root_hash=[bd, dc, 55, 80, 08, 00, 34, 6d]...
🗑️ AccTrie Delete: keyword='experiment', fid='scie_00000008' (removing entire key)
🗑️ AccTrie Delete: post-delete root_hash=[a6, 0f, 1b, 6f, 6a, fa, 31, 69]...
🗑️ AccTrie Delete: keyword='laboratory', fid='scie_00000008' (removing entire key)
🗑️ AccTrie Delete: post-delete root_hash=[e6, 76, ee, ec, 7e, 3b, 9c, 77]...
🔍 AccTrie Query: keyword='business', found 1 fids
🔍 AccTrie Query: returning proof (363 bytes)
🗑️ AccTrie Delete: keyword='business', fid='busi_00000009' (removing entire key)
🗑️ AccTrie Delete: post-delete root_hash=[e6, 76, ee, ec, 7e, 3b, 9c, 77]...
⚠️ AccTrie Delete: keyword='business' not found in storage
🗑️ AccTrie Delete: keyword='business', fid='busi_00000009' (removing entire key)
⚠️ AccTrie Delete: delete entire key failed: Key not found
🗑️ AccTrie Delete: post-delete root_hash=[e6, 76, ee, ec, 7e, 3b, 9c, 77]...
🔍 AccTrie Query: keyword='technology', found 1 fids
🔍 AccTrie Query: returning proof (565 bytes)
🗑️ AccTrie Delete: keyword='technology', fid='tech_00000010' (removing entire key)
🗑️ AccTrie Delete: post-delete root_hash=[aa, 7b, a3, 0a, 6a, bf, 58, ca]...
⚠️ AccTrie Delete: keyword='technology' not found in storage
🗑️ AccTrie Delete: keyword='technology', fid='tech_00000010' (removing entire key)
⚠️ AccTrie Delete: delete entire key failed: Key not found
🗑️ AccTrie Delete: post-delete root_hash=[aa, 7b, a3, 0a, 6a, bf, 58, ca]...
🗑️ AccTrie Delete: keyword='iot', fid='tech_00000010' (removing entire key)
🗑️ AccTrie Delete: post-delete root_hash=[34, b7, d1, f4, 6e, d5, 84, a7]...
🗑️ AccTrie Delete: keyword='quantum', fid='tech_00000010' (removing entire key)
🗑️ AccTrie Delete: post-delete root_hash=[e6, 76, ee, ec, 7e, 3b, 9c, 77]...
🔧 AccTrie Add: keyword='chemistry', fid='scie_00000011' (success)
🔧 AccTrie Add: proof size=573 bytes, root_hash=[f9, e2, 97, 70, 50, 73, a1, 80]...
🗑️ AccTrie Delete: keyword='experiment', fid='scie_00000011' (removing entire key)
🗑️ AccTrie Delete: post-delete root_hash=[9f, 5f, 56, 4e, b0, 51, 18, e9]...
🗑️ AccTrie Delete: keyword='chemistry', fid='scie_00000011' (removing entire key)
🗑️ AccTrie Delete: post-delete root_hash=[e6, 76, ee, ec, 7e, 3b, 9c, 77]...
🔧 AccTrie Add: keyword='movie', fid='ente_00000012' (success)
🔧 AccTrie Add: proof size=569 bytes, root_hash=[85, d8, db, 99, 0d, 80, 2f, 32]...
🗑️ AccTrie Delete: keyword='show', fid='ente_00000012' (removing entire key)
🗑️ AccTrie Delete: post-delete root_hash=[87, a8, c4, a6, c7, 28, 54, 21]...
🗑️ AccTrie Delete: keyword='movie', fid='ente_00000012' (removing entire key)
🗑️ AccTrie Delete: post-delete root_hash=[e6, 76, ee, ec, 7e, 3b, 9c, 77]...
🔍 AccTrie Query: keyword='business', found 1 fids
🔍 AccTrie Query: returning proof (463 bytes)
🗑️ AccTrie Delete: keyword='business', fid='busi_00000013' (removing entire key)
🗑️ AccTrie Delete: post-delete root_hash=[bb, f1, c1, 12, bb, 76, 8a, 26]...
⚠️ AccTrie Delete: keyword='business' not found in storage
🗑️ AccTrie Delete: keyword='business', fid='busi_00000013' (removing entire key)
⚠️ AccTrie Delete: delete entire key failed: Key not found
🗑️ AccTrie Delete: post-delete root_hash=[bb, f1, c1, 12, bb, 76, 8a, 26]...
🗑️ AccTrie Delete: keyword='strategy', fid='busi_00000013' (removing entire key)
🗑️ AccTrie Delete: post-delete root_hash=[e6, 76, ee, ec, 7e, 3b, 9c, 77]...
🔧 AccTrie Add: keyword='crisis', fid='news_00000014' (success)
🔧 AccTrie Add: proof size=570 bytes, root_hash=[26, 94, 40, f4, 81, 32, 9d, ba]...
🗑️ AccTrie Delete: keyword='report', fid='news_00000014' (removing entire key)
🗑️ AccTrie Delete: post-delete root_hash=[3c, 6a, bf, c9, 88, fe, 60, 65]...
🗑️ AccTrie Delete: keyword='crisis', fid='news_00000014' (removing entire key)
🗑️ AccTrie Delete: post-delete root_hash=[e6, 76, ee, ec, 7e, 3b, 9c, 77]...
🔍 AccTrie Query: keyword='technology', found 1 fids
🔍 AccTrie Query: returning proof (465 bytes)
🗑️ AccTrie Delete: keyword='technology', fid='tech_00000015' (removing entire key)
🗑️ AccTrie Delete: post-delete root_hash=[b4, 30, ec, 45, 4d, 7e, aa, f3]...
🔧 AccTrie Add: keyword='iot', fid='tech_00000015' (success)
🔧 AccTrie Add: proof size=467 bytes, root_hash=[b4, 30, ec, 45, 4d, 7e, aa, f3]...
⚠️ AccTrie Delete: keyword='technology' not found in storage
🗑️ AccTrie Delete: keyword='technology', fid='tech_00000015' (removing entire key)
⚠️ AccTrie Delete: delete entire key failed: Key not found
🗑️ AccTrie Delete: post-delete root_hash=[b4, 30, ec, 45, 4d, 7e, aa, f3]...
🗑️ AccTrie Delete: keyword='iot', fid='tech_00000015' (removing entire key)
🗑️ AccTrie Delete: post-delete root_hash=[e6, 76, ee, ec, 7e, 3b, 9c, 77]...
🔍 AccTrie Query: keyword='sports', found 1 fids
🔍 AccTrie Query: returning proof (361 bytes)
🗑️ AccTrie Delete: keyword='sports', fid='spor_00000017' (removing entire key)
🗑️ AccTrie Delete: post-delete root_hash=[e6, 76, ee, ec, 7e, 3b, 9c, 77]...
⚠️ AccTrie Delete: keyword='sports' not found in storage
🗑️ AccTrie Delete: keyword='sports', fid='spor_00000017' (removing entire key)
⚠️ AccTrie Delete: delete entire key failed: Key not found
🗑️ AccTrie Delete: post-delete root_hash=[e6, 76, ee, ec, 7e, 3b, 9c, 77]...
🔍 AccTrie Query: keyword='health', found 1 fids
🔍 AccTrie Query: returning proof (461 bytes)
🗑️ AccTrie Delete: keyword='health', fid='heal_00000018' (removing entire key)
🗑️ AccTrie Delete: post-delete root_hash=[45, da, b9, 31, bd, 87, 50, b4]...
🔧 AccTrie Add: keyword='patient', fid='heal_00000018' (success)
🔧 AccTrie Add: proof size=471 bytes, root_hash=[45, da, b9, 31, bd, 87, 50, b4]...
⚠️ AccTrie Delete: keyword='health' not found in storage
🗑️ AccTrie Delete: keyword='health', fid='heal_00000018' (removing entire key)
⚠️ AccTrie Delete: delete entire key failed: Key not found
🗑️ AccTrie Delete: post-delete root_hash=[45, da, b9, 31, bd, 87, 50, b4]...
🗑️ AccTrie Delete: keyword='patient', fid='heal_00000018' (removing entire key)
🗑️ AccTrie Delete: post-delete root_hash=[e6, 76, ee, ec, 7e, 3b, 9c, 77]...
🔍 AccTrie Query: keyword='technology', found 1 fids
🔍 AccTrie Query: returning proof (465 bytes)
🗑️ AccTrie Delete: keyword='technology', fid='tech_00000020' (removing entire key)
🗑️ AccTrie Delete: post-delete root_hash=[9d, 98, b7, 76, c0, 68, e2, b0]...
🗑️ AccTrie Delete: keyword='quantum', fid='tech_00000020' (removing entire key)
🗑️ AccTrie Delete: post-delete root_hash=[e6, 76, ee, ec, 7e, 3b, 9c, 77]...
⚠️ AccTrie Delete: keyword='technology' not found in storage
🗑️ AccTrie Delete: keyword='technology', fid='tech_00000020' (removing entire key)
⚠️ AccTrie Delete: delete entire key failed: Key not found
🗑️ AccTrie Delete: post-delete root_hash=[e6, 76, ee, ec, 7e, 3b, 9c, 77]...
🔍 AccTrie Query: keyword='environment', found 1 fids
🔍 AccTrie Query: returning proof (466 bytes)
🗑️ AccTrie Delete: keyword='environment', fid='envi_00000021' (removing entire key)
🗑️ AccTrie Delete: post-delete root_hash=[99, c1, 06, 19, f0, 00, e6, f7]...
🗑️ AccTrie Delete: keyword='wildlife', fid='envi_00000021' (removing entire key)
🗑️ AccTrie Delete: post-delete root_hash=[e6, 76, ee, ec, 7e, 3b, 9c, 77]...
⚠️ AccTrie Delete: keyword='environment' not found in storage
🗑️ AccTrie Delete: keyword='environment', fid='envi_00000021' (removing entire key)
⚠️ AccTrie Delete: delete entire key failed: Key not found
🗑️ AccTrie Delete: post-delete root_hash=[e6, 76, ee, ec, 7e, 3b, 9c, 77]...
🗑️ AccTrie Delete: keyword='trend', fid='life_00000022' (removing entire key)
🗑️ AccTrie Delete: post-delete root_hash=[58, 0f, 80, c0, 02, 1b, b3, 19]...
🗑️ AccTrie Delete: keyword='family', fid='life_00000022' (removing entire key)
🗑️ AccTrie Delete: post-delete root_hash=[7a, 3a, c0, f2, b9, 3e, 60, 01]...
🗑️ AccTrie Delete: keyword='decoration', fid='life_00000022' (removing entire key)
🗑️ AccTrie Delete: post-delete root_hash=[e6, 76, ee, ec, 7e, 3b, 9c, 77]...
🔍 AccTrie Query: keyword='sports', found 1 fids
🔍 AccTrie Query: returning proof (361 bytes)
🗑️ AccTrie Delete: keyword='sports', fid='spor_00000023' (removing entire key)
🗑️ AccTrie Delete: post-delete root_hash=[e6, 76, ee, ec, 7e, 3b, 9c, 77]...
⚠️ AccTrie Delete: keyword='sports' not found in storage
🗑️ AccTrie Delete: keyword='sports', fid='spor_00000023' (removing entire key)
⚠️ AccTrie Delete: delete entire key failed: Key not found
🗑️ AccTrie Delete: post-delete root_hash=[e6, 76, ee, ec, 7e, 3b, 9c, 77]...
🔍 AccTrie Query: keyword='sports', found 1 fids
🔍 AccTrie Query: returning proof (461 bytes)
🗑️ AccTrie Delete: keyword='sports', fid='spor_00000024' (removing entire key)
🗑️ AccTrie Delete: post-delete root_hash=[09, 23, 82, 4c, 22, 0e, 1b, 76]...
🗑️ AccTrie Delete: keyword='coach', fid='spor_00000024' (removing entire key)
🗑️ AccTrie Delete: post-delete root_hash=[e6, 76, ee, ec, 7e, 3b, 9c, 77]...
⚠️ AccTrie Delete: keyword='sports' not found in storage
🗑️ AccTrie Delete: keyword='sports', fid='spor_00000024' (removing entire key)
⚠️ AccTrie Delete: delete entire key failed: Key not found
🗑️ AccTrie Delete: post-delete root_hash=[e6, 76, ee, ec, 7e, 3b, 9c, 77]...
🔧 AccTrie Add: keyword='crisis', fid='news_00000026' (success)
🔧 AccTrie Add: proof size=470 bytes, root_hash=[ec, 15, 30, df, 83, 02, 34, d0]...
🗑️ AccTrie Delete: keyword='crisis', fid='news_00000026' (removing entire key)
🗑️ AccTrie Delete: post-delete root_hash=[e6, 76, ee, ec, 7e, 3b, 9c, 77]...
🔍 AccTrie Query: keyword='technology', found 1 fids
🔍 AccTrie Query: returning proof (365 bytes)
🗑️ AccTrie Delete: keyword='technology', fid='tech_00000027' (removing entire key)
🗑️ AccTrie Delete: post-delete root_hash=[e6, 76, ee, ec, 7e, 3b, 9c, 77]...
⚠️ AccTrie Delete: keyword='technology' not found in storage
🗑️ AccTrie Delete: keyword='technology', fid='tech_00000027' (removing entire key)
⚠️ AccTrie Delete: delete entire key failed: Key not found
🗑️ AccTrie Delete: post-delete root_hash=[e6, 76, ee, ec, 7e, 3b, 9c, 77]...
🔍 AccTrie Query: keyword='business', found 1 fids
🔍 AccTrie Query: returning proof (363 bytes)
🗑️ AccTrie Delete: keyword='business', fid='busi_00000028' (removing entire key)
🗑️ AccTrie Delete: post-delete root_hash=[e6, 76, ee, ec, 7e, 3b, 9c, 77]...
⚠️ AccTrie Delete: keyword='business' not found in storage
🗑️ AccTrie Delete: keyword='business', fid='busi_00000028' (removing entire key)
⚠️ AccTrie Delete: delete entire key failed: Key not found
🗑️ AccTrie Delete: post-delete root_hash=[e6, 76, ee, ec, 7e, 3b, 9c, 77]...
🔧 AccTrie Add: keyword='theory', fid='scie_00000030' (success)
🔧 AccTrie Add: proof size=470 bytes, root_hash=[1e, 13, 55, 51, 0e, 52, b0, 9c]...
🗑️ AccTrie Delete: keyword='theory', fid='scie_00000030' (removing entire key)
🗑️ AccTrie Delete: post-delete root_hash=[e6, 76, ee, ec, 7e, 3b, 9c, 77]...
🔍 AccTrie Query: keyword='technology', found 1 fids
🔍 AccTrie Query: returning proof (365 bytes)
🗑️ AccTrie Delete: keyword='technology', fid='tech_00000031' (removing entire key)
🗑️ AccTrie Delete: post-delete root_hash=[e6, 76, ee, ec, 7e, 3b, 9c, 77]...
⚠️ AccTrie Delete: keyword='technology' not found in storage
🗑️ AccTrie Delete: keyword='technology', fid='tech_00000031' (removing entire key)
⚠️ AccTrie Delete: delete entire key failed: Key not found
🗑️ AccTrie Delete: post-delete root_hash=[e6, 76, ee, ec, 7e, 3b, 9c, 77]...
🔍 AccTrie Query: keyword='business', found 1 fids
🔍 AccTrie Query: returning proof (363 bytes)
🗑️ AccTrie Delete: keyword='business', fid='busi_00000033' (removing entire key)
🗑️ AccTrie Delete: post-delete root_hash=[e6, 76, ee, ec, 7e, 3b, 9c, 77]...
⚠️ AccTrie Delete: keyword='business' not found in storage
🗑️ AccTrie Delete: keyword='business', fid='busi_00000033' (removing entire key)
⚠️ AccTrie Delete: delete entire key failed: Key not found
🗑️ AccTrie Delete: post-delete root_hash=[e6, 76, ee, ec, 7e, 3b, 9c, 77]...
🔍 AccTrie Query: keyword='sports', found 1 fids
🔍 AccTrie Query: returning proof (361 bytes)
🗑️ AccTrie Delete: keyword='sports', fid='spor_00000035' (removing entire key)
🗑️ AccTrie Delete: post-delete root_hash=[e6, 76, ee, ec, 7e, 3b, 9c, 77]...
⚠️ AccTrie Delete: keyword='sports' not found in storage
🗑️ AccTrie Delete: keyword='sports', fid='spor_00000035' (removing entire key)
⚠️ AccTrie Delete: delete entire key failed: Key not found
🗑️ AccTrie Delete: post-delete root_hash=[e6, 76, ee, ec, 7e, 3b, 9c, 77]...
🔍 AccTrie Query: keyword='technology', found 1 fids
🔍 AccTrie Query: returning proof (365 bytes)
🗑️ AccTrie Delete: keyword='technology', fid='tech_00000036' (removing entire key)
🗑️ AccTrie Delete: post-delete root_hash=[e6, 76, ee, ec, 7e, 3b, 9c, 77]...
⚠️ AccTrie Delete: keyword='technology' not found in storage
🗑️ AccTrie Delete: keyword='technology', fid='tech_00000036' (removing entire key)
⚠️ AccTrie Delete: delete entire key failed: Key not found
🗑️ AccTrie Delete: post-delete root_hash=[e6, 76, ee, ec, 7e, 3b, 9c, 77]...
🗑️ AccTrie Delete: keyword='show', fid='ente_00000037' (removing entire key)
🗑️ AccTrie Delete: post-delete root_hash=[e6, 76, ee, ec, 7e, 3b, 9c, 77]...
🔍 AccTrie Query: keyword='sports', found 1 fids
🔍 AccTrie Query: returning proof (461 bytes)
🗑️ AccTrie Delete: keyword='sports', fid='spor_00000038' (removing entire key)
🗑️ AccTrie Delete: post-delete root_hash=[47, 55, ec, 1d, 3f, d8, af, c4]...
🗑️ AccTrie Delete: keyword='match', fid='spor_00000038' (removing entire key)
🗑️ AccTrie Delete: post-delete root_hash=[e6, 76, ee, ec, 7e, 3b, 9c, 77]...
⚠️ AccTrie Delete: keyword='sports' not found in storage
🗑️ AccTrie Delete: keyword='sports', fid='spor_00000038' (removing entire key)
⚠️ AccTrie Delete: delete entire key failed: Key not found
🗑️ AccTrie Delete: post-delete root_hash=[e6, 76, ee, ec, 7e, 3b, 9c, 77]...
🔍 AccTrie Query: keyword='health', found 1 fids
🔍 AccTrie Query: returning proof (361 bytes)
🗑️ AccTrie Delete: keyword='health', fid='heal_00000039' (removing entire key)
🗑️ AccTrie Delete: post-delete root_hash=[e6, 76, ee, ec, 7e, 3b, 9c, 77]...
⚠️ AccTrie Delete: keyword='health' not found in storage
🗑️ AccTrie Delete: keyword='health', fid='heal_00000039' (removing entire key)
⚠️ AccTrie Delete: delete entire key failed: Key not found
🗑️ AccTrie Delete: post-delete root_hash=[e6, 76, ee, ec, 7e, 3b, 9c, 77]...
🔍 AccTrie Query: keyword='sports', found 1 fids
🔍 AccTrie Query: returning proof (561 bytes)
🗑️ AccTrie Delete: keyword='sports', fid='spor_00000040' (removing entire key)
🗑️ AccTrie Delete: post-delete root_hash=[18, a3, 7e, 6d, 61, 35, e1, 55]...
🔧 AccTrie Add: keyword='coach', fid='spor_00000040' (success)
🔧 AccTrie Add: proof size=569 bytes, root_hash=[18, a3, 7e, 6d, 61, 35, e1, 55]...
🗑️ AccTrie Delete: keyword='coach', fid='spor_00000040' (removing entire key)
🗑️ AccTrie Delete: post-delete root_hash=[6d, 04, b8, 2a, 60, b0, 6b, 17]...
⚠️ AccTrie Delete: keyword='sports' not found in storage
🗑️ AccTrie Delete: keyword='sports', fid='spor_00000040' (removing entire key)
⚠️ AccTrie Delete: delete entire key failed: Key not found
🗑️ AccTrie Delete: post-delete root_hash=[6d, 04, b8, 2a, 60, b0, 6b, 17]...
🗑️ AccTrie Delete: keyword='olympics', fid='spor_00000040' (removing entire key)
🗑️ AccTrie Delete: post-delete root_hash=[e6, 76, ee, ec, 7e, 3b, 9c, 77]...
🔧 AccTrie Add: keyword='research', fid='scie_00000041' (success)
🔧 AccTrie Add: proof size=472 bytes, root_hash=[d0, 93, 4b, 53, 41, 2a, b4, 08]...
🗑️ AccTrie Delete: keyword='research', fid='scie_00000041' (removing entire key)
🗑️ AccTrie Delete: post-delete root_hash=[e6, 76, ee, ec, 7e, 3b, 9c, 77]...
🔍 AccTrie Query: keyword='health', found 1 fids
🔍 AccTrie Query: returning proof (361 bytes)
🗑️ AccTrie Delete: keyword='health', fid='heal_00000043' (removing entire key)
🗑️ AccTrie Delete: post-delete root_hash=[e6, 76, ee, ec, 7e, 3b, 9c, 77]...
⚠️ AccTrie Delete: keyword='health' not found in storage
🗑️ AccTrie Delete: keyword='health', fid='heal_00000043' (removing entire key)
⚠️ AccTrie Delete: delete entire key failed: Key not found
🗑️ AccTrie Delete: post-delete root_hash=[e6, 76, ee, ec, 7e, 3b, 9c, 77]...
🔍 AccTrie Query: keyword='technology', found 1 fids
🔍 AccTrie Query: returning proof (465 bytes)
🗑️ AccTrie Delete: keyword='technology', fid='tech_00000044' (removing entire key)
🗑️ AccTrie Delete: post-delete root_hash=[e6, 2b, 6c, 92, 3a, 85, 84, dd]...
⚠️ AccTrie Delete: keyword='technology' not found in storage
🗑️ AccTrie Delete: keyword='technology', fid='tech_00000044' (removing entire key)
⚠️ AccTrie Delete: delete entire key failed: Key not found
🗑️ AccTrie Delete: post-delete root_hash=[e6, 2b, 6c, 92, 3a, 85, 84, dd]...
🗑️ AccTrie Delete: keyword='quantum', fid='tech_00000044' (removing entire key)
🗑️ AccTrie Delete: post-delete root_hash=[e6, 76, ee, ec, 7e, 3b, 9c, 77]...
🔍 AccTrie Query: keyword='environment', found 1 fids
🔍 AccTrie Query: returning proof (366 bytes)
🗑️ AccTrie Delete: keyword='environment', fid='envi_00000045' (removing entire key)
🗑️ AccTrie Delete: post-delete root_hash=[e6, 76, ee, ec, 7e, 3b, 9c, 77]...
⚠️ AccTrie Delete: keyword='environment' not found in storage
🗑️ AccTrie Delete: keyword='environment', fid='envi_00000045' (removing entire key)
⚠️ AccTrie Delete: delete entire key failed: Key not found
🗑️ AccTrie Delete: post-delete root_hash=[e6, 76, ee, ec, 7e, 3b, 9c, 77]...
🔧 AccTrie Add: keyword='genetics', fid='scie_00000046' (success)
🔧 AccTrie Add: proof size=472 bytes, root_hash=[a8, 2c, 37, 2f, eb, f7, a3, 48]...
🗑️ AccTrie Delete: keyword='genetics', fid='scie_00000046' (removing entire key)
🗑️ AccTrie Delete: post-delete root_hash=[e6, 76, ee, ec, 7e, 3b, 9c, 77]...
🔍 AccTrie Query: keyword='health', found 1 fids
🔍 AccTrie Query: returning proof (361 bytes)
🗑️ AccTrie Delete: keyword='health', fid='heal_00000047' (removing entire key)
🗑️ AccTrie Delete: post-delete root_hash=[e6, 76, ee, ec, 7e, 3b, 9c, 77]...
⚠️ AccTrie Delete: keyword='health' not found in storage
🗑️ AccTrie Delete: keyword='health', fid='heal_00000047' (removing entire key)
⚠️ AccTrie Delete: delete entire key failed: Key not found
🗑️ AccTrie Delete: post-delete root_hash=[e6, 76, ee, ec, 7e, 3b, 9c, 77]...
🔧 AccTrie Add: keyword='recipe', fid='life_00000049' (success)
🔧 AccTrie Add: proof size=670 bytes, root_hash=[06, a7, 5a, 20, 04, 91, 02, c8]...
🗑️ AccTrie Delete: keyword='recipe', fid='life_00000049' (removing entire key)
🗑️ AccTrie Delete: post-delete root_hash=[35, 37, 13, 7d, b9, 5f, a4, e6]...
🗑️ AccTrie Delete: keyword='food', fid='life_00000049' (removing entire key)
🗑️ AccTrie Delete: post-delete root_hash=[52, 5a, 5c, a0, 23, 8a, 5c, e9]...
🗑️ AccTrie Delete: keyword='decoration', fid='life_00000049' (removing entire key)
🗑️ AccTrie Delete: post-delete root_hash=[e6, 76, ee, ec, 7e, 3b, 9c, 77]...
🔧 AccTrie Add: keyword='theory', fid='scie_00000050' (success)
🔧 AccTrie Add: proof size=470 bytes, root_hash=[0a, 1e, 82, fc, 8d, bc, 80, 56]...
🗑️ AccTrie Delete: keyword='theory', fid='scie_00000050' (removing entire key)
🗑️ AccTrie Delete: post-delete root_hash=[e6, 76, ee, ec, 7e, 3b, 9c, 77]...
🗑️ AccTrie Delete: keyword='lecture', fid='educ_00000051' (removing entire key)
🗑️ AccTrie Delete: post-delete root_hash=[e6, 76, ee, ec, 7e, 3b, 9c, 77]...
🔍 AccTrie Query: keyword='technology', found 1 fids
🔍 AccTrie Query: returning proof (365 bytes)
🗑️ AccTrie Delete: keyword='technology', fid='tech_00000053' (removing entire key)
🗑️ AccTrie Delete: post-delete root_hash=[e6, 76, ee, ec, 7e, 3b, 9c, 77]...
⚠️ AccTrie Delete: keyword='technology' not found in storage
🗑️ AccTrie Delete: keyword='technology', fid='tech_00000053' (removing entire key)
⚠️ AccTrie Delete: delete entire key failed: Key not found
🗑️ AccTrie Delete: post-delete root_hash=[e6, 76, ee, ec, 7e, 3b, 9c, 77]...
🔍 AccTrie Query: keyword='environment', found 1 fids
🔍 AccTrie Query: returning proof (466 bytes)
🗑️ AccTrie Delete: keyword='environment', fid='envi_00000055' (removing entire key)
🗑️ AccTrie Delete: post-delete root_hash=[41, 85, 98, a4, 23, 37, 0f, 93]...
🔧 AccTrie Add: keyword='green', fid='envi_00000055' (success)
🔧 AccTrie Add: proof size=469 bytes, root_hash=[41, 85, 98, a4, 23, 37, 0f, 93]...
⚠️ AccTrie Delete: keyword='environment' not found in storage
🗑️ AccTrie Delete: keyword='environment', fid='envi_00000055' (removing entire key)
⚠️ AccTrie Delete: delete entire key failed: Key not found
🗑️ AccTrie Delete: post-delete root_hash=[41, 85, 98, a4, 23, 37, 0f, 93]...
🗑️ AccTrie Delete: keyword='green', fid='envi_00000055' (removing entire key)
🗑️ AccTrie Delete: post-delete root_hash=[e6, 76, ee, ec, 7e, 3b, 9c, 77]...
🔍 AccTrie Query: keyword='technology', found 1 fids
🔍 AccTrie Query: returning proof (565 bytes)
🗑️ AccTrie Delete: keyword='technology', fid='tech_00000056' (removing entire key)
🗑️ AccTrie Delete: post-delete root_hash=[ee, 17, 06, d7, ac, 82, 4a, cc]...
🗑️ AccTrie Delete: keyword='iot', fid='tech_00000056' (removing entire key)
🗑️ AccTrie Delete: post-delete root_hash=[8f, 07, c6, 2f, 1b, c9, 2f, 6b]...
⚠️ AccTrie Delete: keyword='technology' not found in storage
🗑️ AccTrie Delete: keyword='technology', fid='tech_00000056' (removing entire key)
⚠️ AccTrie Delete: delete entire key failed: Key not found
🗑️ AccTrie Delete: post-delete root_hash=[8f, 07, c6, 2f, 1b, c9, 2f, 6b]...
🗑️ AccTrie Delete: keyword='quantum', fid='tech_00000056' (removing entire key)
🗑️ AccTrie Delete: post-delete root_hash=[e6, 76, ee, ec, 7e, 3b, 9c, 77]...
🔍 AccTrie Query: keyword='business', found 1 fids
🔍 AccTrie Query: returning proof (363 bytes)
🗑️ AccTrie Delete: keyword='business', fid='busi_00000057' (removing entire key)
🗑️ AccTrie Delete: post-delete root_hash=[e6, 76, ee, ec, 7e, 3b, 9c, 77]...
⚠️ AccTrie Delete: keyword='business' not found in storage
🗑️ AccTrie Delete: keyword='business', fid='busi_00000057' (removing entire key)
⚠️ AccTrie Delete: delete entire key failed: Key not found
🗑️ AccTrie Delete: post-delete root_hash=[e6, 76, ee, ec, 7e, 3b, 9c, 77]...
🔍 AccTrie Query: keyword='environment', found 1 fids
🔍 AccTrie Query: returning proof (466 bytes)
🗑️ AccTrie Delete: keyword='environment', fid='envi_00000058' (removing entire key)
🗑️ AccTrie Delete: post-delete root_hash=[be, e0, a5, 6f, 5d, d3, 96, 66]...
🔧 AccTrie Add: keyword='climate', fid='envi_00000058' (success)
🔧 AccTrie Add: proof size=471 bytes, root_hash=[be, e0, a5, 6f, 5d, d3, 96, 66]...
🗑️ AccTrie Delete: keyword='climate', fid='envi_00000058' (removing entire key)
🗑️ AccTrie Delete: post-delete root_hash=[e6, 76, ee, ec, 7e, 3b, 9c, 77]...
⚠️ AccTrie Delete: keyword='environment' not found in storage
🗑️ AccTrie Delete: keyword='environment', fid='envi_00000058' (removing entire key)
⚠️ AccTrie Delete: delete entire key failed: Key not found
🗑️ AccTrie Delete: post-delete root_hash=[e6, 76, ee, ec, 7e, 3b, 9c, 77]...
🔧 AccTrie Add: keyword='domestic', fid='news_00000059' (success)
🔧 AccTrie Add: proof size=472 bytes, root_hash=[10, 22, b1, fe, f1, 85, b7, 7b]...
🗑️ AccTrie Delete: keyword='domestic', fid='news_00000059' (removing entire key)
🗑️ AccTrie Delete: post-delete root_hash=[e6, 76, ee, ec, 7e, 3b, 9c, 77]...
🔧 AccTrie Add: keyword='policy', fid='news_00000060' (success)
🔧 AccTrie Add: proof size=570 bytes, root_hash=[0d, a8, 56, 54, 57, 67, 63, 41]...
🗑️ AccTrie Delete: keyword='domestic', fid='news_00000060' (removing entire key)
🗑️ AccTrie Delete: post-delete root_hash=[b9, 39, 83, b3, 96, 67, 89, 2e]...
🗑️ AccTrie Delete: keyword='policy', fid='news_00000060' (removing entire key)
🗑️ AccTrie Delete: post-delete root_hash=[e6, 76, ee, ec, 7e, 3b, 9c, 77]...
🔍 AccTrie Query: keyword='business', found 1 fids
🔍 AccTrie Query: returning proof (463 bytes)
🗑️ AccTrie Delete: keyword='business', fid='busi_00000061' (removing entire key)
🗑️ AccTrie Delete: post-delete root_hash=[15, 4c, 98, 61, 4a, 03, 49, e9]...
🔧 AccTrie Add: keyword='strategy', fid='busi_00000061' (success)
🔧 AccTrie Add: proof size=472 bytes, root_hash=[15, 4c, 98, 61, 4a, 03, 49, e9]...
🗑️ AccTrie Delete: keyword='strategy', fid='busi_00000061' (removing entire key)
🗑️ AccTrie Delete: post-delete root_hash=[e6, 76, ee, ec, 7e, 3b, 9c, 77]...
⚠️ AccTrie Delete: keyword='business' not found in storage
🗑️ AccTrie Delete: keyword='business', fid='busi_00000061' (removing entire key)
⚠️ AccTrie Delete: delete entire key failed: Key not found
🗑️ AccTrie Delete: post-delete root_hash=[e6, 76, ee, ec, 7e, 3b, 9c, 77]...
🔍 AccTrie Query: keyword='environment', found 1 fids
🔍 AccTrie Query: returning proof (466 bytes)
🗑️ AccTrie Delete: keyword='environment', fid='envi_00000062' (removing entire key)
🗑️ AccTrie Delete: post-delete root_hash=[8f, 64, 36, 1a, d4, c8, cd, b6]...
🔧 AccTrie Add: keyword='ecology', fid='envi_00000062' (success)
🔧 AccTrie Add: proof size=471 bytes, root_hash=[8f, 64, 36, 1a, d4, c8, cd, b6]...
🗑️ AccTrie Delete: keyword='ecology', fid='envi_00000062' (removing entire key)
🗑️ AccTrie Delete: post-delete root_hash=[e6, 76, ee, ec, 7e, 3b, 9c, 77]...
⚠️ AccTrie Delete: keyword='environment' not found in storage
🗑️ AccTrie Delete: keyword='environment', fid='envi_00000062' (removing entire key)
⚠️ AccTrie Delete: delete entire key failed: Key not found
🗑️ AccTrie Delete: post-delete root_hash=[e6, 76, ee, ec, 7e, 3b, 9c, 77]...
🗑️ AccTrie Delete: keyword='genetics', fid='scie_00000063' (removing entire key)
🗑️ AccTrie Delete: post-delete root_hash=[fc, d6, 94, bd, 64, a8, dd, 8b]...
🗑️ AccTrie Delete: keyword='laboratory', fid='scie_00000063' (removing entire key)
🗑️ AccTrie Delete: post-delete root_hash=[e6, 76, ee, ec, 7e, 3b, 9c, 77]...
🔧 AccTrie Add: keyword='report', fid='news_00000064' (success)
🔧 AccTrie Add: proof size=570 bytes, root_hash=[fe, f2, a6, 5a, 02, 2b, df, 3e]...
🗑️ AccTrie Delete: keyword='crisis', fid='news_00000064' (removing entire key)
🗑️ AccTrie Delete: post-delete root_hash=[39, c8, 12, 37, 2f, 69, cc, b1]...
🗑️ AccTrie Delete: keyword='report', fid='news_00000064' (removing entire key)
🗑️ AccTrie Delete: post-delete root_hash=[e6, 76, ee, ec, 7e, 3b, 9c, 77]...
🔍 AccTrie Query: keyword='business', found 1 fids
🔍 AccTrie Query: returning proof (363 bytes)
🗑️ AccTrie Delete: keyword='business', fid='busi_00000065' (removing entire key)
🗑️ AccTrie Delete: post-delete root_hash=[e6, 76, ee, ec, 7e, 3b, 9c, 77]...
⚠️ AccTrie Delete: keyword='business' not found in storage
🗑️ AccTrie Delete: keyword='business', fid='busi_00000065' (removing entire key)
⚠️ AccTrie Delete: delete entire key failed: Key not found
🗑️ AccTrie Delete: post-delete root_hash=[e6, 76, ee, ec, 7e, 3b, 9c, 77]...
🔍 AccTrie Query: keyword='business', found 1 fids
🔍 AccTrie Query: returning proof (463 bytes)
🗑️ AccTrie Delete: keyword='business', fid='busi_00000067' (removing entire key)
🗑️ AccTrie Delete: post-delete root_hash=[aa, 6e, 85, 02, b5, e6, 49, 2f]...
🗑️ AccTrie Delete: keyword='analytics', fid='busi_00000067' (removing entire key)
🗑️ AccTrie Delete: post-delete root_hash=[e6, 76, ee, ec, 7e, 3b, 9c, 77]...
⚠️ AccTrie Delete: keyword='business' not found in storage
🗑️ AccTrie Delete: keyword='business', fid='busi_00000067' (removing entire key)
⚠️ AccTrie Delete: delete entire key failed: Key not found
🗑️ AccTrie Delete: post-delete root_hash=[e6, 76, ee, ec, 7e, 3b, 9c, 77]...
🗑️ AccTrie Delete: keyword='research', fid='scie_00000068' (removing entire key)
🗑️ AccTrie Delete: post-delete root_hash=[ff, a1, af, fc, dd, b1, a3, 33]...
🗑️ AccTrie Delete: keyword='theory', fid='scie_00000068' (removing entire key)
🗑️ AccTrie Delete: post-delete root_hash=[e9, 56, 38, d4, ca, b1, 73, 05]...
🗑️ AccTrie Delete: keyword='chemistry', fid='scie_00000068' (removing entire key)
🗑️ AccTrie Delete: post-delete root_hash=[e6, 76, ee, ec, 7e, 3b, 9c, 77]...
🔧 AccTrie Add: keyword='crisis', fid='news_00000069' (success)
🔧 AccTrie Add: proof size=470 bytes, root_hash=[c8, bb, 21, d8, 59, b4, 2c, 88]...
🗑️ AccTrie Delete: keyword='crisis', fid='news_00000069' (removing entire key)
🗑️ AccTrie Delete: post-delete root_hash=[e6, 76, ee, ec, 7e, 3b, 9c, 77]...
🔍 AccTrie Query: keyword='business', found 1 fids
🔍 AccTrie Query: returning proof (463 bytes)
🗑️ AccTrie Delete: keyword='business', fid='busi_00000071' (removing entire key)
🗑️ AccTrie Delete: post-delete root_hash=[19, 04, fd, ce, 29, a3, 3e, 0a]...
🔧 AccTrie Add: keyword='analytics', fid='busi_00000071' (success)
🔧 AccTrie Add: proof size=473 bytes, root_hash=[19, 04, fd, ce, 29, a3, 3e, 0a]...
⚠️ AccTrie Delete: keyword='business' not found in storage
🗑️ AccTrie Delete: keyword='business', fid='busi_00000071' (removing entire key)
⚠️ AccTrie Delete: delete entire key failed: Key not found
🗑️ AccTrie Delete: post-delete root_hash=[19, 04, fd, ce, 29, a3, 3e, 0a]...
🗑️ AccTrie Delete: keyword='analytics', fid='busi_00000071' (removing entire key)
🗑️ AccTrie Delete: post-delete root_hash=[e6, 76, ee, ec, 7e, 3b, 9c, 77]...
🔍 AccTrie Query: keyword='technology', found 1 fids
🔍 AccTrie Query: returning proof (565 bytes)
🗑️ AccTrie Delete: keyword='technology', fid='tech_00000072' (removing entire key)
🗑️ AccTrie Delete: post-delete root_hash=[61, 2e, 71, 03, 3b, 6e, 11, c2]...
🔧 AccTrie Add: keyword='iot', fid='tech_00000072' (success)
🔧 AccTrie Add: proof size=567 bytes, root_hash=[61, 2e, 71, 03, 3b, 6e, 11, c2]...
⚠️ AccTrie Delete: keyword='technology' not found in storage
🗑️ AccTrie Delete: keyword='technology', fid='tech_00000072' (removing entire key)
⚠️ AccTrie Delete: delete entire key failed: Key not found
🗑️ AccTrie Delete: post-delete root_hash=[61, 2e, 71, 03, 3b, 6e, 11, c2]...
🗑️ AccTrie Delete: keyword='quantum', fid='tech_00000072' (removing entire key)
🗑️ AccTrie Delete: post-delete root_hash=[89, b0, 23, fb, f3, 2b, fb, 72]...
🗑️ AccTrie Delete: keyword='iot', fid='tech_00000072' (removing entire key)
🗑️ AccTrie Delete: post-delete root_hash=[e6, 76, ee, ec, 7e, 3b, 9c, 77]...
🔍 AccTrie Query: keyword='health', found 1 fids
🔍 AccTrie Query: returning proof (361 bytes)
🗑️ AccTrie Delete: keyword='health', fid='heal_00000073' (removing entire key)
🗑️ AccTrie Delete: post-delete root_hash=[e6, 76, ee, ec, 7e, 3b, 9c, 77]...
⚠️ AccTrie Delete: keyword='health' not found in storage
🗑️ AccTrie Delete: keyword='health', fid='heal_00000073' (removing entire key)
⚠️ AccTrie Delete: delete entire key failed: Key not found
🗑️ AccTrie Delete: post-delete root_hash=[e6, 76, ee, ec, 7e, 3b, 9c, 77]...
🗑️ AccTrie Delete: keyword='scholarship', fid='educ_00000074' (removing entire key)
🗑️ AccTrie Delete: post-delete root_hash=[e6, 76, ee, ec, 7e, 3b, 9c, 77]...
🔍 AccTrie Query: keyword='technology', found 1 fids
🔍 AccTrie Query: returning proof (365 bytes)
🗑️ AccTrie Delete: keyword='technology', fid='tech_00000077' (removing entire key)
🗑️ AccTrie Delete: post-delete root_hash=[e6, 76, ee, ec, 7e, 3b, 9c, 77]...
⚠️ AccTrie Delete: keyword='technology' not found in storage
🗑️ AccTrie Delete: keyword='technology', fid='tech_00000077' (removing entire key)
⚠️ AccTrie Delete: delete entire key failed: Key not found
🗑️ AccTrie Delete: post-delete root_hash=[e6, 76, ee, ec, 7e, 3b, 9c, 77]...
🔧 AccTrie Add: keyword='theory', fid='scie_00000080' (success)
🔧 AccTrie Add: proof size=470 bytes, root_hash=[73, dc, 40, 75, f0, 95, 9d, 92]...
🗑️ AccTrie Delete: keyword='theory', fid='scie_00000080' (removing entire key)
🗑️ AccTrie Delete: post-delete root_hash=[e6, 76, ee, ec, 7e, 3b, 9c, 77]...
🔧 AccTrie Add: keyword='scholarship', fid='educ_00000081' (success)
🔧 AccTrie Add: proof size=475 bytes, root_hash=[7e, b4, e6, c2, 06, f2, 5e, 6f]...
🗑️ AccTrie Delete: keyword='scholarship', fid='educ_00000081' (removing entire key)
🗑️ AccTrie Delete: post-delete root_hash=[e6, 76, ee, ec, 7e, 3b, 9c, 77]...
🗑️ AccTrie Delete: keyword='domestic', fid='news_00000082' (removing entire key)
🗑️ AccTrie Delete: post-delete root_hash=[47, c0, 65, 00, 8f, c4, ad, 98]...
🗑️ AccTrie Delete: keyword='politics', fid='news_00000082' (removing entire key)
🗑️ AccTrie Delete: post-delete root_hash=[e6, 76, ee, ec, 7e, 3b, 9c, 77]...
🔍 AccTrie Query: keyword='health', found 1 fids
🔍 AccTrie Query: returning proof (361 bytes)
🗑️ AccTrie Delete: keyword='health', fid='heal_00000083' (removing entire key)
🗑️ AccTrie Delete: post-delete root_hash=[e6, 76, ee, ec, 7e, 3b, 9c, 77]...
⚠️ AccTrie Delete: keyword='health' not found in storage
🗑️ AccTrie Delete: keyword='health', fid='heal_00000083' (removing entire key)
⚠️ AccTrie Delete: delete entire key failed: Key not found
🗑️ AccTrie Delete: post-delete root_hash=[e6, 76, ee, ec, 7e, 3b, 9c, 77]...
🔧 AccTrie Add: keyword='university', fid='educ_00000084' (success)
🔧 AccTrie Add: proof size=474 bytes, root_hash=[c3, 41, 29, e1, 10, c8, cf, b0]...
🗑️ AccTrie Delete: keyword='university', fid='educ_00000084' (removing entire key)
🗑️ AccTrie Delete: post-delete root_hash=[e6, 76, ee, ec, 7e, 3b, 9c, 77]...
🔍 AccTrie Query: keyword='business', found 1 fids
🔍 AccTrie Query: returning proof (363 bytes)
🗑️ AccTrie Delete: keyword='business', fid='busi_00000085' (removing entire key)
🗑️ AccTrie Delete: post-delete root_hash=[e6, 76, ee, ec, 7e, 3b, 9c, 77]...
⚠️ AccTrie Delete: keyword='business' not found in storage
🗑️ AccTrie Delete: keyword='business', fid='busi_00000085' (removing entire key)
⚠️ AccTrie Delete: delete entire key failed: Key not found
🗑️ AccTrie Delete: post-delete root_hash=[e6, 76, ee, ec, 7e, 3b, 9c, 77]...
🔍 AccTrie Query: keyword='environment', found 1 fids
🔍 AccTrie Query: returning proof (766 bytes)
🗑️ AccTrie Delete: keyword='environment', fid='envi_00000087' (removing entire key)
🗑️ AccTrie Delete: post-delete root_hash=[19, 37, 24, e7, cf, fb, 04, c6]...
🔧 AccTrie Add: keyword='green', fid='envi_00000087' (success)
🔧 AccTrie Add: proof size=769 bytes, root_hash=[19, 37, 24, e7, cf, fb, 04, c6]...
🗑️ AccTrie Delete: keyword='climate', fid='envi_00000087' (removing entire key)
🗑️ AccTrie Delete: post-delete root_hash=[10, 85, d5, 90, d6, 33, 99, 91]...
🗑️ AccTrie Delete: keyword='green', fid='envi_00000087' (removing entire key)
🗑️ AccTrie Delete: post-delete root_hash=[97, a2, 4f, a5, 9b, 7e, 8c, d6]...
⚠️ AccTrie Delete: keyword='environment' not found in storage
🗑️ AccTrie Delete: keyword='environment', fid='envi_00000087' (removing entire key)
⚠️ AccTrie Delete: delete entire key failed: Key not found
🗑️ AccTrie Delete: post-delete root_hash=[97, a2, 4f, a5, 9b, 7e, 8c, d6]...
🗑️ AccTrie Delete: keyword='sustainability', fid='envi_00000087' (removing entire key)
🗑️ AccTrie Delete: post-delete root_hash=[74, ae, 7e, 9d, fc, a7, e5, db]...
🗑️ AccTrie Delete: keyword='pollution', fid='envi_00000087' (removing entire key)
🗑️ AccTrie Delete: post-delete root_hash=[e6, 76, ee, ec, 7e, 3b, 9c, 77]...
🔍 AccTrie Query: keyword='health', found 1 fids
🔍 AccTrie Query: returning proof (461 bytes)
🗑️ AccTrie Delete: keyword='health', fid='heal_00000088' (removing entire key)
🗑️ AccTrie Delete: post-delete root_hash=[ea, a6, e3, f5, 42, 78, 45, 3c]...
🔧 AccTrie Add: keyword='patient', fid='heal_00000088' (success)
🔧 AccTrie Add: proof size=471 bytes, root_hash=[ea, a6, e3, f5, 42, 78, 45, 3c]...
⚠️ AccTrie Delete: keyword='health' not found in storage
🗑️ AccTrie Delete: keyword='health', fid='heal_00000088' (removing entire key)
⚠️ AccTrie Delete: delete entire key failed: Key not found
🗑️ AccTrie Delete: post-delete root_hash=[ea, a6, e3, f5, 42, 78, 45, 3c]...
🗑️ AccTrie Delete: keyword='patient', fid='heal_00000088' (removing entire key)
🗑️ AccTrie Delete: post-delete root_hash=[e6, 76, ee, ec, 7e, 3b, 9c, 77]...
🔍 AccTrie Query: keyword='business', found 1 fids
🔍 AccTrie Query: returning proof (463 bytes)
🗑️ AccTrie Delete: keyword='business', fid='busi_00000089' (removing entire key)
🗑️ AccTrie Delete: post-delete root_hash=[20, 37, d1, 5b, c5, 89, 42, c4]...
🗑️ AccTrie Delete: keyword='strategy', fid='busi_00000089' (removing entire key)
🗑️ AccTrie Delete: post-delete root_hash=[e6, 76, ee, ec, 7e, 3b, 9c, 77]...
⚠️ AccTrie Delete: keyword='business' not found in storage
🗑️ AccTrie Delete: keyword='business', fid='busi_00000089' (removing entire key)
⚠️ AccTrie Delete: delete entire key failed: Key not found
🗑️ AccTrie Delete: post-delete root_hash=[e6, 76, ee, ec, 7e, 3b, 9c, 77]...
🔍 AccTrie Query: keyword='health', found 1 fids
🔍 AccTrie Query: returning proof (461 bytes)
🗑️ AccTrie Delete: keyword='health', fid='heal_00000090' (removing entire key)
🗑️ AccTrie Delete: post-delete root_hash=[bb, 6a, 60, 32, 3a, e0, 49, 3c]...
🔧 AccTrie Add: keyword='wellness', fid='heal_00000090' (success)
🔧 AccTrie Add: proof size=472 bytes, root_hash=[bb, 6a, 60, 32, 3a, e0, 49, 3c]...
⚠️ AccTrie Delete: keyword='health' not found in storage
🗑️ AccTrie Delete: keyword='health', fid='heal_00000090' (removing entire key)
⚠️ AccTrie Delete: delete entire key failed: Key not found
🗑️ AccTrie Delete: post-delete root_hash=[bb, 6a, 60, 32, 3a, e0, 49, 3c]...
🗑️ AccTrie Delete: keyword='wellness', fid='heal_00000090' (removing entire key)
🗑️ AccTrie Delete: post-delete root_hash=[e6, 76, ee, ec, 7e, 3b, 9c, 77]...
🔧 AccTrie Add: keyword='crisis', fid='news_00000091' (success)
🔧 AccTrie Add: proof size=470 bytes, root_hash=[6a, 4f, 2b, 79, 75, 8d, 9d, 6f]...
🗑️ AccTrie Delete: keyword='crisis', fid='news_00000091' (removing entire key)
🗑️ AccTrie Delete: post-delete root_hash=[e6, 76, ee, ec, 7e, 3b, 9c, 77]...
🔍 AccTrie Query: keyword='sports', found 1 fids
🔍 AccTrie Query: returning proof (361 bytes)
🗑️ AccTrie Delete: keyword='sports', fid='spor_00000093' (removing entire key)
🗑️ AccTrie Delete: post-delete root_hash=[e6, 76, ee, ec, 7e, 3b, 9c, 77]...
⚠️ AccTrie Delete: keyword='sports' not found in storage
🗑️ AccTrie Delete: keyword='sports', fid='spor_00000093' (removing entire key)
⚠️ AccTrie Delete: delete entire key failed: Key not found
🗑️ AccTrie Delete: post-delete root_hash=[e6, 76, ee, ec, 7e, 3b, 9c, 77]...
🔍 AccTrie Query: keyword='health', found 1 fids
🔍 AccTrie Query: returning proof (361 bytes)
🗑️ AccTrie Delete: keyword='health', fid='heal_00000094' (removing entire key)
🗑️ AccTrie Delete: post-delete root_hash=[e6, 76, ee, ec, 7e, 3b, 9c, 77]...
⚠️ AccTrie Delete: keyword='health' not found in storage
🗑️ AccTrie Delete: keyword='health', fid='heal_00000094' (removing entire key)
⚠️ AccTrie Delete: delete entire key failed: Key not found
🗑️ AccTrie Delete: post-delete root_hash=[e6, 76, ee, ec, 7e, 3b, 9c, 77]...
🔧 AccTrie Add: keyword='family', fid='life_00000096' (success)
🔧 AccTrie Add: proof size=470 bytes, root_hash=[a0, 3f, 45, e9, 45, eb, 81, 32]...
🗑️ AccTrie Delete: keyword='family', fid='life_00000096' (removing entire key)
🗑️ AccTrie Delete: post-delete root_hash=[e6, 76, ee, ec, 7e, 3b, 9c, 77]...
🔧 AccTrie Add: keyword='government', fid='news_00000097' (success)
🔧 AccTrie Add: proof size=474 bytes, root_hash=[15, 74, 75, 3b, cf, 94, c7, f7]...
🗑️ AccTrie Delete: keyword='government', fid='news_00000097' (removing entire key)
🗑️ AccTrie Delete: post-delete root_hash=[e6, 76, ee, ec, 7e, 3b, 9c, 77]...
🔧 AccTrie Add: keyword='food', fid='life_00000098' (success)
🔧 AccTrie Add: proof size=468 bytes, root_hash=[74, f1, 77, 01, 2e, 56, ac, 43]...
🗑️ AccTrie Delete: keyword='food', fid='life_00000098' (removing entire key)
🗑️ AccTrie Delete: post-delete root_hash=[e6, 76, ee, ec, 7e, 3b, 9c, 77]...
🔍 AccTrie Query: keyword='technology', found 1 fids
🔍 AccTrie Query: returning proof (365 bytes)
🗑️ AccTrie Delete: keyword='technology', fid='tech_00000100' (removing entire key)
🗑️ AccTrie Delete: post-delete root_hash=[e6, 76, ee, ec, 7e, 3b, 9c, 77]...
⚠️ AccTrie Delete: keyword='technology' not found in storage
🗑️ AccTrie Delete: keyword='technology', fid='tech_00000100' (removing entire key)
⚠️ AccTrie Delete: delete entire key failed: Key not found
🗑️ AccTrie Delete: post-delete root_hash=[e6, 76, ee, ec, 7e, 3b, 9c, 77]...
🔍 AccTrie Query: keyword='health', found 1 fids
🔍 AccTrie Query: returning proof (361 bytes)
🗑️ AccTrie Delete: keyword='health', fid='heal_00000101' (removing entire key)
🗑️ AccTrie Delete: post-delete root_hash=[e6, 76, ee, ec, 7e, 3b, 9c, 77]...
⚠️ AccTrie Delete: keyword='health' not found in storage
🗑️ AccTrie Delete: keyword='health', fid='heal_00000101' (removing entire key)
⚠️ AccTrie Delete: delete entire key failed: Key not found
🗑️ AccTrie Delete: post-delete root_hash=[e6, 76, ee, ec, 7e, 3b, 9c, 77]...
🗑️ AccTrie Delete: keyword='lecture', fid='educ_00000102' (removing entire key)
🗑️ AccTrie Delete: post-delete root_hash=[e6, 76, ee, ec, 7e, 3b, 9c, 77]...
🔍 AccTrie Query: keyword='technology', found 1 fids
🔍 AccTrie Query: returning proof (565 bytes)
🗑️ AccTrie Delete: keyword='technology', fid='tech_00000103' (removing entire key)
🗑️ AccTrie Delete: post-delete root_hash=[41, d1, 14, 7a, 95, b4, e8, b5]...
🔧 AccTrie Add: keyword='software', fid='tech_00000103' (success)
🔧 AccTrie Add: proof size=572 bytes, root_hash=[41, d1, 14, 7a, 95, b4, e8, b5]...
🗑️ AccTrie Delete: keyword='software', fid='tech_00000103' (removing entire key)
🗑️ AccTrie Delete: post-delete root_hash=[db, 1d, 01, 5b, 2b, 22, 79, 3a]...
🗑️ AccTrie Delete: keyword='network', fid='tech_00000103' (removing entire key)
🗑️ AccTrie Delete: post-delete root_hash=[e6, 76, ee, ec, 7e, 3b, 9c, 77]...
⚠️ AccTrie Delete: keyword='technology' not found in storage
🗑️ AccTrie Delete: keyword='technology', fid='tech_00000103' (removing entire key)
⚠️ AccTrie Delete: delete entire key failed: Key not found
🗑️ AccTrie Delete: post-delete root_hash=[e6, 76, ee, ec, 7e, 3b, 9c, 77]...
🔍 AccTrie Query: keyword='health', found 1 fids
🔍 AccTrie Query: returning proof (361 bytes)
🗑️ AccTrie Delete: keyword='health', fid='heal_00000104' (removing entire key)
🗑️ AccTrie Delete: post-delete root_hash=[e6, 76, ee, ec, 7e, 3b, 9c, 77]...
⚠️ AccTrie Delete: keyword='health' not found in storage
🗑️ AccTrie Delete: keyword='health', fid='heal_00000104' (removing entire key)
⚠️ AccTrie Delete: delete entire key failed: Key not found
🗑️ AccTrie Delete: post-delete root_hash=[e6, 76, ee, ec, 7e, 3b, 9c, 77]...
🗑️ AccTrie Delete: keyword='government', fid='news_00000105' (removing entire key)
🗑️ AccTrie Delete: post-delete root_hash=[e6, 76, ee, ec, 7e, 3b, 9c, 77]...
🔧 AccTrie Add: keyword='lecture', fid='educ_00000106' (success)
🔧 AccTrie Add: proof size=571 bytes, root_hash=[ba, f9, c8, 02, 7a, 2a, 07, ad]...
🗑️ AccTrie Delete: keyword='lecture', fid='educ_00000106' (removing entire key)
🗑️ AccTrie Delete: post-delete root_hash=[f3, 72, 40, 05, fe, 89, 93, d5]...
🗑️ AccTrie Delete: keyword='university', fid='educ_00000106' (removing entire key)
🗑️ AccTrie Delete: post-delete root_hash=[e6, 76, ee, ec, 7e, 3b, 9c, 77]...
🔧 AccTrie Add: keyword='update', fid='news_00000107' (success)
🔧 AccTrie Add: proof size=770 bytes, root_hash=[4d, f5, f1, 37, 83, 34, de, 7b]...
🗑️ AccTrie Delete: keyword='update', fid='news_00000107' (removing entire key)
🗑️ AccTrie Delete: post-delete root_hash=[3c, 65, b1, eb, 8e, 2e, 61, 1a]...
🗑️ AccTrie Delete: keyword='domestic', fid='news_00000107' (removing entire key)
🗑️ AccTrie Delete: post-delete root_hash=[8c, bd, 4e, de, a1, fb, e3, f3]...
🗑️ AccTrie Delete: keyword='government', fid='news_00000107' (removing entire key)
🗑️ AccTrie Delete: post-delete root_hash=[62, 26, f2, 18, 77, d5, 29, d4]...
🗑️ AccTrie Delete: keyword='policy', fid='news_00000107' (removing entire key)
🗑️ AccTrie Delete: post-delete root_hash=[e6, 76, ee, ec, 7e, 3b, 9c, 77]...
🔍 AccTrie Query: keyword='technology', found 1 fids
🔍 AccTrie Query: returning proof (465 bytes)
🗑️ AccTrie Delete: keyword='technology', fid='tech_00000108' (removing entire key)
🗑️ AccTrie Delete: post-delete root_hash=[31, bf, f3, af, 8c, e7, 85, 5c]...
🗑️ AccTrie Delete: keyword='network', fid='tech_00000108' (removing entire key)
🗑️ AccTrie Delete: post-delete root_hash=[e6, 76, ee, ec, 7e, 3b, 9c, 77]...
⚠️ AccTrie Delete: keyword='technology' not found in storage
🗑️ AccTrie Delete: keyword='technology', fid='tech_00000108' (removing entire key)
⚠️ AccTrie Delete: delete entire key failed: Key not found
🗑️ AccTrie Delete: post-delete root_hash=[e6, 76, ee, ec, 7e, 3b, 9c, 77]...
🔍 AccTrie Query: keyword='business', found 1 fids
🔍 AccTrie Query: returning proof (363 bytes)
🗑️ AccTrie Delete: keyword='business', fid='busi_00000109' (removing entire key)
🗑️ AccTrie Delete: post-delete root_hash=[e6, 76, ee, ec, 7e, 3b, 9c, 77]...
⚠️ AccTrie Delete: keyword='business' not found in storage
🗑️ AccTrie Delete: keyword='business', fid='busi_00000109' (removing entire key)
⚠️ AccTrie Delete: delete entire key failed: Key not found
🗑️ AccTrie Delete: post-delete root_hash=[e6, 76, ee, ec, 7e, 3b, 9c, 77]...
🗑️ AccTrie Delete: keyword='beauty', fid='life_00000110' (removing entire key)
🗑️ AccTrie Delete: post-delete root_hash=[83, 7e, 65, 8c, e3, 34, 50, 72]...
🗑️ AccTrie Delete: keyword='trend', fid='life_00000110' (removing entire key)
🗑️ AccTrie Delete: post-delete root_hash=[e6, 76, ee, ec, 7e, 3b, 9c, 77]...
🔍 AccTrie Query: keyword='health', found 1 fids
🔍 AccTrie Query: returning proof (361 bytes)
🗑️ AccTrie Delete: keyword='health', fid='heal_00000111' (removing entire key)
🗑️ AccTrie Delete: post-delete root_hash=[e6, 76, ee, ec, 7e, 3b, 9c, 77]...
⚠️ AccTrie Delete: keyword='health' not found in storage
🗑️ AccTrie Delete: keyword='health', fid='heal_00000111' (removing entire key)
⚠️ AccTrie Delete: delete entire key failed: Key not found
🗑️ AccTrie Delete: post-delete root_hash=[e6, 76, ee, ec, 7e, 3b, 9c, 77]...
🔍 AccTrie Query: keyword='sports', found 1 fids
🔍 AccTrie Query: returning proof (561 bytes)
🗑️ AccTrie Delete: keyword='sports', fid='spor_00000112' (removing entire key)
🗑️ AccTrie Delete: post-delete root_hash=[97, 08, 4d, 07, 86, d2, 85, 1f]...
⚠️ AccTrie Delete: keyword='sports' not found in storage
🗑️ AccTrie Delete: keyword='sports', fid='spor_00000112' (removing entire key)
⚠️ AccTrie Delete: delete entire key failed: Key not found
🗑️ AccTrie Delete: post-delete root_hash=[97, 08, 4d, 07, 86, d2, 85, 1f]...
🗑️ AccTrie Delete: keyword='match', fid='spor_00000112' (removing entire key)
🗑️ AccTrie Delete: post-delete root_hash=[f9, 18, 3f, 2f, 2c, 1b, f9, 4c]...
🗑️ AccTrie Delete: keyword='olympics', fid='spor_00000112' (removing entire key)
🗑️ AccTrie Delete: post-delete root_hash=[e6, 76, ee, ec, 7e, 3b, 9c, 77]...
🔍 AccTrie Query: keyword='sports', found 1 fids
🔍 AccTrie Query: returning proof (361 bytes)
🗑️ AccTrie Delete: keyword='sports', fid='spor_00000113' (removing entire key)
🗑️ AccTrie Delete: post-delete root_hash=[e6, 76, ee, ec, 7e, 3b, 9c, 77]...
⚠️ AccTrie Delete: keyword='sports' not found in storage
🗑️ AccTrie Delete: keyword='sports', fid='spor_00000113' (removing entire key)
⚠️ AccTrie Delete: delete entire key failed: Key not found
🗑️ AccTrie Delete: post-delete root_hash=[e6, 76, ee, ec, 7e, 3b, 9c, 77]...
🔍 AccTrie Query: keyword='sports', found 1 fids
🔍 AccTrie Query: returning proof (561 bytes)
🗑️ AccTrie Delete: keyword='sports', fid='spor_00000114' (removing entire key)
🗑️ AccTrie Delete: post-delete root_hash=[b8, 2e, 84, fd, 14, 09, 8b, 47]...
🔧 AccTrie Add: keyword='olympics', fid='spor_00000114' (success)
🔧 AccTrie Add: proof size=572 bytes, root_hash=[b8, 2e, 84, fd, 14, 09, 8b, 47]...
🗑️ AccTrie Delete: keyword='olympics', fid='spor_00000114' (removing entire key)
🗑️ AccTrie Delete: post-delete root_hash=[90, 90, 3c, 96, 58, 5f, f6, e7]...
🗑️ AccTrie Delete: keyword='coach', fid='spor_00000114' (removing entire key)
🗑️ AccTrie Delete: post-delete root_hash=[e6, 76, ee, ec, 7e, 3b, 9c, 77]...
⚠️ AccTrie Delete: keyword='sports' not found in storage
🗑️ AccTrie Delete: keyword='sports', fid='spor_00000114' (removing entire key)
⚠️ AccTrie Delete: delete entire key failed: Key not found
🗑️ AccTrie Delete: post-delete root_hash=[e6, 76, ee, ec, 7e, 3b, 9c, 77]...
🔍 AccTrie Query: keyword='business', found 1 fids
🔍 AccTrie Query: returning proof (363 bytes)
🗑️ AccTrie Delete: keyword='business', fid='busi_00000115' (removing entire key)
🗑️ AccTrie Delete: post-delete root_hash=[e6, 76, ee, ec, 7e, 3b, 9c, 77]...
⚠️ AccTrie Delete: keyword='business' not found in storage
🗑️ AccTrie Delete: keyword='business', fid='busi_00000115' (removing entire key)
⚠️ AccTrie Delete: delete entire key failed: Key not found
🗑️ AccTrie Delete: post-delete root_hash=[e6, 76, ee, ec, 7e, 3b, 9c, 77]...
🔧 AccTrie Add: keyword='genetics', fid='scie_00000116' (success)
🔧 AccTrie Add: proof size=572 bytes, root_hash=[3e, 72, da, 13, 57, fb, 99, 9c]...
🗑️ AccTrie Delete: keyword='genetics', fid='scie_00000116' (removing entire key)
🗑️ AccTrie Delete: post-delete root_hash=[77, b5, 25, 66, 2f, 91, 41, 22]...
🗑️ AccTrie Delete: keyword='laboratory', fid='scie_00000116' (removing entire key)
🗑️ AccTrie Delete: post-delete root_hash=[e6, 76, ee, ec, 7e, 3b, 9c, 77]...
🗑️ AccTrie Delete: keyword='report', fid='news_00000117' (removing entire key)
🗑️ AccTrie Delete: post-delete root_hash=[e6, 76, ee, ec, 7e, 3b, 9c, 77]...
🔍 AccTrie Query: keyword='business', found 1 fids
🔍 AccTrie Query: returning proof (463 bytes)
🗑️ AccTrie Delete: keyword='business', fid='busi_00000118' (removing entire key)
🗑️ AccTrie Delete: post-delete root_hash=[2b, 86, 9e, 1c, 58, 99, b8, da]...
🔧 AccTrie Add: keyword='strategy', fid='busi_00000118' (success)
🔧 AccTrie Add: proof size=472 bytes, root_hash=[2b, 86, 9e, 1c, 58, 99, b8, da]...
⚠️ AccTrie Delete: keyword='business' not found in storage
🗑️ AccTrie Delete: keyword='business', fid='busi_00000118' (removing entire key)
⚠️ AccTrie Delete: delete entire key failed: Key not found
🗑️ AccTrie Delete: post-delete root_hash=[2b, 86, 9e, 1c, 58, 99, b8, da]...
🗑️ AccTrie Delete: keyword='strategy', fid='busi_00000118' (removing entire key)
🗑️ AccTrie Delete: post-delete root_hash=[e6, 76, ee, ec, 7e, 3b, 9c, 77]...
🔍 AccTrie Query: keyword='business', found 1 fids
🔍 AccTrie Query: returning proof (363 bytes)
🗑️ AccTrie Delete: keyword='business', fid='busi_00000120' (removing entire key)
🗑️ AccTrie Delete: post-delete root_hash=[e6, 76, ee, ec, 7e, 3b, 9c, 77]...
⚠️ AccTrie Delete: keyword='business' not found in storage
🗑️ AccTrie Delete: keyword='business', fid='busi_00000120' (removing entire key)
⚠️ AccTrie Delete: delete entire key failed: Key not found
🗑️ AccTrie Delete: post-delete root_hash=[e6, 76, ee, ec, 7e, 3b, 9c, 77]...
🗑️ AccTrie Delete: keyword='comedy', fid='ente_00000121' (removing entire key)
🗑️ AccTrie Delete: post-delete root_hash=[e6, 76, ee, ec, 7e, 3b, 9c, 77]...
🔍 AccTrie Query: keyword='technology', found 1 fids
🔍 AccTrie Query: returning proof (365 bytes)
🗑️ AccTrie Delete: keyword='technology', fid='tech_00000122' (removing entire key)
🗑️ AccTrie Delete: post-delete root_hash=[e6, 76, ee, ec, 7e, 3b, 9c, 77]...
⚠️ AccTrie Delete: keyword='technology' not found in storage
🗑️ AccTrie Delete: keyword='technology', fid='tech_00000122' (removing entire key)
⚠️ AccTrie Delete: delete entire key failed: Key not found
🗑️ AccTrie Delete: post-delete root_hash=[e6, 76, ee, ec, 7e, 3b, 9c, 77]...
🔧 AccTrie Add: keyword='food', fid='life_00000123' (success)
🔧 AccTrie Add: proof size=468 bytes, root_hash=[41, a1, ca, 29, 6b, ec, e0, 1e]...
🗑️ AccTrie Delete: keyword='food', fid='life_00000123' (removing entire key)
🗑️ AccTrie Delete: post-delete root_hash=[e6, 76, ee, ec, 7e, 3b, 9c, 77]...
🔧 AccTrie Add: keyword='chemistry', fid='scie_00000124' (success)
🔧 AccTrie Add: proof size=473 bytes, root_hash=[05, 31, 18, a2, 8d, 1c, 33, 3a]...
🗑️ AccTrie Delete: keyword='chemistry', fid='scie_00000124' (removing entire key)
🗑️ AccTrie Delete: post-delete root_hash=[e6, 76, ee, ec, 7e, 3b, 9c, 77]...
🔍 AccTrie Query: keyword='health', found 1 fids
🔍 AccTrie Query: returning proof (361 bytes)
🗑️ AccTrie Delete: keyword='health', fid='heal_00000125' (removing entire key)
🗑️ AccTrie Delete: post-delete root_hash=[e6, 76, ee, ec, 7e, 3b, 9c, 77]...
⚠️ AccTrie Delete: keyword='health' not found in storage
🗑️ AccTrie Delete: keyword='health', fid='heal_00000125' (removing entire key)
⚠️ AccTrie Delete: delete entire key failed: Key not found
🗑️ AccTrie Delete: post-delete root_hash=[e6, 76, ee, ec, 7e, 3b, 9c, 77]...
🔍 AccTrie Query: keyword='environment', found 1 fids
🔍 AccTrie Query: returning proof (466 bytes)
🗑️ AccTrie Delete: keyword='environment', fid='envi_00000126' (removing entire key)
🗑️ AccTrie Delete: post-delete root_hash=[04, 2d, 75, 75, a0, 29, 50, 5d]...
⚠️ AccTrie Delete: keyword='environment' not found in storage
🗑️ AccTrie Delete: keyword='environment', fid='envi_00000126' (removing entire key)
⚠️ AccTrie Delete: delete entire key failed: Key not found
🗑️ AccTrie Delete: post-delete root_hash=[04, 2d, 75, 75, a0, 29, 50, 5d]...
🗑️ AccTrie Delete: keyword='sustainability', fid='envi_00000126' (removing entire key)
🗑️ AccTrie Delete: post-delete root_hash=[e6, 76, ee, ec, 7e, 3b, 9c, 77]...
🔍 AccTrie Query: keyword='technology', found 1 fids
🔍 AccTrie Query: returning proof (465 bytes)
🗑️ AccTrie Delete: keyword='technology', fid='tech_00000127' (removing entire key)
🗑️ AccTrie Delete: post-delete root_hash=[d4, 69, f2, 2b, 93, af, 36, 34]...
🗑️ AccTrie Delete: keyword='quantum', fid='tech_00000127' (removing entire key)
🗑️ AccTrie Delete: post-delete root_hash=[e6, 76, ee, ec, 7e, 3b, 9c, 77]...
⚠️ AccTrie Delete: keyword='technology' not found in storage
🗑️ AccTrie Delete: keyword='technology', fid='tech_00000127' (removing entire key)
⚠️ AccTrie Delete: delete entire key failed: Key not found
🗑️ AccTrie Delete: post-delete root_hash=[e6, 76, ee, ec, 7e, 3b, 9c, 77]...
🗑️ AccTrie Delete: keyword='family', fid='life_00000128' (removing entire key)
🗑️ AccTrie Delete: post-delete root_hash=[7d, 77, 7c, 26, 54, 13, 5e, b2]...
🗑️ AccTrie Delete: keyword='food', fid='life_00000128' (removing entire key)
🗑️ AccTrie Delete: post-delete root_hash=[e6, 76, ee, ec, 7e, 3b, 9c, 77]...
🔍 AccTrie Query: keyword='sports', found 1 fids
🔍 AccTrie Query: returning proof (361 bytes)
🗑️ AccTrie Delete: keyword='sports', fid='spor_00000129' (removing entire key)
🗑️ AccTrie Delete: post-delete root_hash=[e6, 76, ee, ec, 7e, 3b, 9c, 77]...
⚠️ AccTrie Delete: keyword='sports' not found in storage
🗑️ AccTrie Delete: keyword='sports', fid='spor_00000129' (removing entire key)
⚠️ AccTrie Delete: delete entire key failed: Key not found
🗑️ AccTrie Delete: post-delete root_hash=[e6, 76, ee, ec, 7e, 3b, 9c, 77]...
🗑️ AccTrie Delete: keyword='recipe', fid='life_00000130' (removing entire key)
🗑️ AccTrie Delete: post-delete root_hash=[75, 2b, 1f, dd, a3, 0b, 57, 12]...
🗑️ AccTrie Delete: keyword='food', fid='life_00000130' (removing entire key)
🗑️ AccTrie Delete: post-delete root_hash=[a5, 92, 73, ad, 36, 2d, 8b, fc]...
🗑️ AccTrie Delete: keyword='trend', fid='life_00000130' (removing entire key)
🗑️ AccTrie Delete: post-delete root_hash=[e6, 76, ee, ec, 7e, 3b, 9c, 77]...
🔧 AccTrie Add: keyword='report', fid='news_00000131' (success)
🔧 AccTrie Add: proof size=570 bytes, root_hash=[26, 74, 74, 5e, 24, 6e, 61, b8]...
🗑️ AccTrie Delete: keyword='report', fid='news_00000131' (removing entire key)
🗑️ AccTrie Delete: post-delete root_hash=[63, 88, f1, 44, da, 78, a9, ab]...
🗑️ AccTrie Delete: keyword='government', fid='news_00000131' (removing entire key)
🗑️ AccTrie Delete: post-delete root_hash=[e6, 76, ee, ec, 7e, 3b, 9c, 77]...
🔍 AccTrie Query: keyword='health', found 1 fids
🔍 AccTrie Query: returning proof (361 bytes)
🗑️ AccTrie Delete: keyword='health', fid='heal_00000132' (removing entire key)
🗑️ AccTrie Delete: post-delete root_hash=[e6, 76, ee, ec, 7e, 3b, 9c, 77]...
⚠️ AccTrie Delete: keyword='health' not found in storage
🗑️ AccTrie Delete: keyword='health', fid='heal_00000132' (removing entire key)
⚠️ AccTrie Delete: delete entire key failed: Key not found
🗑️ AccTrie Delete: post-delete root_hash=[e6, 76, ee, ec, 7e, 3b, 9c, 77]...
🔍 AccTrie Query: keyword='business', found 1 fids
🔍 AccTrie Query: returning proof (363 bytes)
🗑️ AccTrie Delete: keyword='business', fid='busi_00000133' (removing entire key)
🗑️ AccTrie Delete: post-delete root_hash=[e6, 76, ee, ec, 7e, 3b, 9c, 77]...
⚠️ AccTrie Delete: keyword='business' not found in storage
🗑️ AccTrie Delete: keyword='business', fid='busi_00000133' (removing entire key)
⚠️ AccTrie Delete: delete entire key failed: Key not found
🗑️ AccTrie Delete: post-delete root_hash=[e6, 76, ee, ec, 7e, 3b, 9c, 77]...
🗑️ AccTrie Delete: keyword='lecture', fid='educ_00000134' (removing entire key)
🗑️ AccTrie Delete: post-delete root_hash=[e6, 76, ee, ec, 7e, 3b, 9c, 77]...
🗑️ AccTrie Delete: keyword='lecture', fid='educ_00000135' (removing entire key)
🗑️ AccTrie Delete: post-delete root_hash=[e6, 76, ee, ec, 7e, 3b, 9c, 77]...
🔍 AccTrie Query: keyword='technology', found 1 fids
🔍 AccTrie Query: returning proof (365 bytes)
🗑️ AccTrie Delete: keyword='technology', fid='tech_00000136' (removing entire key)
🗑️ AccTrie Delete: post-delete root_hash=[e6, 76, ee, ec, 7e, 3b, 9c, 77]...
⚠️ AccTrie Delete: keyword='technology' not found in storage
🗑️ AccTrie Delete: keyword='technology', fid='tech_00000136' (removing entire key)
⚠️ AccTrie Delete: delete entire key failed: Key not found
🗑️ AccTrie Delete: post-delete root_hash=[e6, 76, ee, ec, 7e, 3b, 9c, 77]...
🔍 AccTrie Query: keyword='environment', found 1 fids
🔍 AccTrie Query: returning proof (366 bytes)
🗑️ AccTrie Delete: keyword='environment', fid='envi_00000137' (removing entire key)
🗑️ AccTrie Delete: post-delete root_hash=[e6, 76, ee, ec, 7e, 3b, 9c, 77]...
⚠️ AccTrie Delete: keyword='environment' not found in storage
🗑️ AccTrie Delete: keyword='environment', fid='envi_00000137' (removing entire key)
⚠️ AccTrie Delete: delete entire key failed: Key not found
🗑️ AccTrie Delete: post-delete root_hash=[e6, 76, ee, ec, 7e, 3b, 9c, 77]...
🔧 AccTrie Add: keyword='decoration', fid='life_00000138' (success)
🔧 AccTrie Add: proof size=474 bytes, root_hash=[5f, 8d, d8, c3, af, b3, 98, f4]...
🗑️ AccTrie Delete: keyword='decoration', fid='life_00000138' (removing entire key)
🗑️ AccTrie Delete: post-delete root_hash=[e6, 76, ee, ec, 7e, 3b, 9c, 77]...
🗑️ AccTrie Delete: keyword='comedy', fid='ente_00000139' (removing entire key)
🗑️ AccTrie Delete: post-delete root_hash=[d0, 56, ae, 46, 32, d3, a1, e2]...
🗑️ AccTrie Delete: keyword='movie', fid='ente_00000139' (removing entire key)
🗑️ AccTrie Delete: post-delete root_hash=[e6, 76, ee, ec, 7e, 3b, 9c, 77]...
🔧 AccTrie Add: keyword='scholarship', fid='educ_00000140' (success)
🔧 AccTrie Add: proof size=475 bytes, root_hash=[a6, fe, 39, 05, 7d, 54, d7, ba]...
🗑️ AccTrie Delete: keyword='scholarship', fid='educ_00000140' (removing entire key)
🗑️ AccTrie Delete: post-delete root_hash=[e6, 76, ee, ec, 7e, 3b, 9c, 77]...
🔍 AccTrie Query: keyword='technology', found 1 fids
🔍 AccTrie Query: returning proof (365 bytes)
🗑️ AccTrie Delete: keyword='technology', fid='tech_00000141' (removing entire key)
🗑️ AccTrie Delete: post-delete root_hash=[e6, 76, ee, ec, 7e, 3b, 9c, 77]...
⚠️ AccTrie Delete: keyword='technology' not found in storage
🗑️ AccTrie Delete: keyword='technology', fid='tech_00000141' (removing entire key)
⚠️ AccTrie Delete: delete entire key failed: Key not found
🗑️ AccTrie Delete: post-delete root_hash=[e6, 76, ee, ec, 7e, 3b, 9c, 77]...
🔧 AccTrie Add: keyword='family', fid='life_00000143' (success)
🔧 AccTrie Add: proof size=570 bytes, root_hash=[04, 16, b4, 5c, dd, 4a, cc, dc]...
🗑️ AccTrie Delete: keyword='food', fid='life_00000143' (removing entire key)
🗑️ AccTrie Delete: post-delete root_hash=[ed, f9, cc, 89, 92, da, 34, ee]...
🗑️ AccTrie Delete: keyword='family', fid='life_00000143' (removing entire key)
🗑️ AccTrie Delete: post-delete root_hash=[e6, 76, ee, ec, 7e, 3b, 9c, 77]...
🔧 AccTrie Add: keyword='course', fid='educ_00000144' (success)
🔧 AccTrie Add: proof size=570 bytes, root_hash=[35, 47, 66, a3, 28, 02, 80, b9]...
🗑️ AccTrie Delete: keyword='lecture', fid='educ_00000144' (removing entire key)
🗑️ AccTrie Delete: post-delete root_hash=[3a, 7e, 54, 4a, 62, 0e, ae, df]...
🗑️ AccTrie Delete: keyword='course', fid='educ_00000144' (removing entire key)
🗑️ AccTrie Delete: post-delete root_hash=[e6, 76, ee, ec, 7e, 3b, 9c, 77]...
🔧 AccTrie Add: keyword='physics', fid='scie_00000146' (success)
🔧 AccTrie Add: proof size=471 bytes, root_hash=[ac, 60, 21, a0, 66, 48, c9, 82]...
🗑️ AccTrie Delete: keyword='physics', fid='scie_00000146' (removing entire key)
🗑️ AccTrie Delete: post-delete root_hash=[e6, 76, ee, ec, 7e, 3b, 9c, 77]...
🔍 AccTrie Query: keyword='business', found 1 fids
🔍 AccTrie Query: returning proof (363 bytes)
🗑️ AccTrie Delete: keyword='business', fid='busi_00000148' (removing entire key)
🗑️ AccTrie Delete: post-delete root_hash=[e6, 76, ee, ec, 7e, 3b, 9c, 77]...
⚠️ AccTrie Delete: keyword='business' not found in storage
🗑️ AccTrie Delete: keyword='business', fid='busi_00000148' (removing entire key)
⚠️ AccTrie Delete: delete entire key failed: Key not found
🗑️ AccTrie Delete: post-delete root_hash=[e6, 76, ee, ec, 7e, 3b, 9c, 77]...
🔍 AccTrie Query: keyword='sports', found 1 fids
🔍 AccTrie Query: returning proof (361 bytes)
🗑️ AccTrie Delete: keyword='sports', fid='spor_00000149' (removing entire key)
🗑️ AccTrie Delete: post-delete root_hash=[e6, 76, ee, ec, 7e, 3b, 9c, 77]...
⚠️ AccTrie Delete: keyword='sports' not found in storage
🗑️ AccTrie Delete: keyword='sports', fid='spor_00000149' (removing entire key)
⚠️ AccTrie Delete: delete entire key failed: Key not found
🗑️ AccTrie Delete: post-delete root_hash=[e6, 76, ee, ec, 7e, 3b, 9c, 77]...
🔍 AccTrie Query: keyword='environment', found 1 fids
🔍 AccTrie Query: returning proof (666 bytes)
🗑️ AccTrie Delete: keyword='environment', fid='envi_00000150' (removing entire key)
🗑️ AccTrie Delete: post-delete root_hash=[2f, 15, 01, c8, 8b, cd, 09, 8a]...
🔧 AccTrie Add: keyword='sustainability', fid='envi_00000150' (success)
🔧 AccTrie Add: proof size=678 bytes, root_hash=[2f, 15, 01, c8, 8b, cd, 09, 8a]...
⚠️ AccTrie Delete: keyword='environment' not found in storage
🗑️ AccTrie Delete: keyword='environment', fid='envi_00000150' (removing entire key)
⚠️ AccTrie Delete: delete entire key failed: Key not found
🗑️ AccTrie Delete: post-delete root_hash=[2f, 15, 01, c8, 8b, cd, 09, 8a]...
🗑️ AccTrie Delete: keyword='green', fid='envi_00000150' (removing entire key)
🗑️ AccTrie Delete: post-delete root_hash=[e5, a7, fc, 96, 73, 19, 02, 8d]...
🗑️ AccTrie Delete: keyword='sustainability', fid='envi_00000150' (removing entire key)
🗑️ AccTrie Delete: post-delete root_hash=[78, c1, 29, 67, fc, 1d, 05, 6b]...
🗑️ AccTrie Delete: keyword='pollution', fid='envi_00000150' (removing entire key)
🗑️ AccTrie Delete: post-delete root_hash=[e6, 76, ee, ec, 7e, 3b, 9c, 77]...
🔍 AccTrie Query: keyword='environment', found 1 fids
🔍 AccTrie Query: returning proof (466 bytes)
🗑️ AccTrie Delete: keyword='environment', fid='envi_00000151' (removing entire key)
🗑️ AccTrie Delete: post-delete root_hash=[1d, 16, 3b, 59, a8, 7a, 21, d8]...
🔧 AccTrie Add: keyword='pollution', fid='envi_00000151' (success)
🔧 AccTrie Add: proof size=473 bytes, root_hash=[1d, 16, 3b, 59, a8, 7a, 21, d8]...
🗑️ AccTrie Delete: keyword='pollution', fid='envi_00000151' (removing entire key)
🗑️ AccTrie Delete: post-delete root_hash=[e6, 76, ee, ec, 7e, 3b, 9c, 77]...
⚠️ AccTrie Delete: keyword='environment' not found in storage
🗑️ AccTrie Delete: keyword='environment', fid='envi_00000151' (removing entire key)
⚠️ AccTrie Delete: delete entire key failed: Key not found
🗑️ AccTrie Delete: post-delete root_hash=[e6, 76, ee, ec, 7e, 3b, 9c, 77]...
🔧 AccTrie Add: keyword='update', fid='news_00000154' (success)
🔧 AccTrie Add: proof size=470 bytes, root_hash=[5a, d0, 9a, be, 37, 38, 43, 72]...
🗑️ AccTrie Delete: keyword='update', fid='news_00000154' (removing entire key)
🗑️ AccTrie Delete: post-delete root_hash=[e6, 76, ee, ec, 7e, 3b, 9c, 77]...
🔍 AccTrie Query: keyword='technology', found 1 fids
🔍 AccTrie Query: returning proof (565 bytes)
🗑️ AccTrie Delete: keyword='technology', fid='tech_00000155' (removing entire key)
🗑️ AccTrie Delete: post-delete root_hash=[ab, a5, 5e, 7b, 6d, b2, 39, 3b]...
🔧 AccTrie Add: keyword='quantum', fid='tech_00000155' (success)
🔧 AccTrie Add: proof size=571 bytes, root_hash=[ab, a5, 5e, 7b, 6d, b2, 39, 3b]...
🗑️ AccTrie Delete: keyword='quantum', fid='tech_00000155' (removing entire key)
🗑️ AccTrie Delete: post-delete root_hash=[02, 4e, 22, fb, 73, c5, f4, 39]...
⚠️ AccTrie Delete: keyword='technology' not found in storage
🗑️ AccTrie Delete: keyword='technology', fid='tech_00000155' (removing entire key)
⚠️ AccTrie Delete: delete entire key failed: Key not found
🗑️ AccTrie Delete: post-delete root_hash=[02, 4e, 22, fb, 73, c5, f4, 39]...
🗑️ AccTrie Delete: keyword='software', fid='tech_00000155' (removing entire key)
🗑️ AccTrie Delete: post-delete root_hash=[e6, 76, ee, ec, 7e, 3b, 9c, 77]...
🔍 AccTrie Query: keyword='environment', found 1 fids
🔍 AccTrie Query: returning proof (466 bytes)
🗑️ AccTrie Delete: keyword='environment', fid='envi_00000156' (removing entire key)
🗑️ AccTrie Delete: post-delete root_hash=[62, 7b, 25, a9, 24, fa, fe, 9d]...
🔧 AccTrie Add: keyword='green', fid='envi_00000156' (success)
🔧 AccTrie Add: proof size=469 bytes, root_hash=[62, 7b, 25, a9, 24, fa, fe, 9d]...
🗑️ AccTrie Delete: keyword='green', fid='envi_00000156' (removing entire key)
🗑️ AccTrie Delete: post-delete root_hash=[e6, 76, ee, ec, 7e, 3b, 9c, 77]...
⚠️ AccTrie Delete: keyword='environment' not found in storage
🗑️ AccTrie Delete: keyword='environment', fid='envi_00000156' (removing entire key)
⚠️ AccTrie Delete: delete entire key failed: Key not found
🗑️ AccTrie Delete: post-delete root_hash=[e6, 76, ee, ec, 7e, 3b, 9c, 77]...
🔧 AccTrie Add: keyword='domestic', fid='news_00000157' (success)
🔧 AccTrie Add: proof size=572 bytes, root_hash=[ef, b6, dc, be, 63, d6, 52, d2]...
🗑️ AccTrie Delete: keyword='domestic', fid='news_00000157' (removing entire key)
🗑️ AccTrie Delete: post-delete root_hash=[a6, 2d, 20, 6a, c6, eb, 95, 7f]...
🗑️ AccTrie Delete: keyword='report', fid='news_00000157' (removing entire key)
🗑️ AccTrie Delete: post-delete root_hash=[e6, 76, ee, ec, 7e, 3b, 9c, 77]...
🔍 AccTrie Query: keyword='business', found 1 fids
🔍 AccTrie Query: returning proof (463 bytes)
🗑️ AccTrie Delete: keyword='business', fid='busi_00000159' (removing entire key)
🗑️ AccTrie Delete: post-delete root_hash=[f6, 83, f6, ef, 4e, d5, 77, fd]...
🗑️ AccTrie Delete: keyword='startup', fid='busi_00000159' (removing entire key)
🗑️ AccTrie Delete: post-delete root_hash=[e6, 76, ee, ec, 7e, 3b, 9c, 77]...
⚠️ AccTrie Delete: keyword='business' not found in storage
🗑️ AccTrie Delete: keyword='business', fid='busi_00000159' (removing entire key)
⚠️ AccTrie Delete: delete entire key failed: Key not found
🗑️ AccTrie Delete: post-delete root_hash=[e6, 76, ee, ec, 7e, 3b, 9c, 77]...
🔍 AccTrie Query: keyword='business', found 1 fids
🔍 AccTrie Query: returning proof (363 bytes)
🗑️ AccTrie Delete: keyword='business', fid='busi_00000160' (removing entire key)
🗑️ AccTrie Delete: post-delete root_hash=[e6, 76, ee, ec, 7e, 3b, 9c, 77]...
⚠️ AccTrie Delete: keyword='business' not found in storage
🗑️ AccTrie Delete: keyword='business', fid='busi_00000160' (removing entire key)
⚠️ AccTrie Delete: delete entire key failed: Key not found
🗑️ AccTrie Delete: post-delete root_hash=[e6, 76, ee, ec, 7e, 3b, 9c, 77]...
🔍 AccTrie Query: keyword='environment', found 1 fids
🔍 AccTrie Query: returning proof (566 bytes)
🗑️ AccTrie Delete: keyword='environment', fid='envi_00000161' (removing entire key)
🗑️ AccTrie Delete: post-delete root_hash=[9d, 17, eb, 59, 71, 1a, 1c, a4]...
🔧 AccTrie Add: keyword='wildlife', fid='envi_00000161' (success)
🔧 AccTrie Add: proof size=572 bytes, root_hash=[9d, 17, eb, 59, 71, 1a, 1c, a4]...
🗑️ AccTrie Delete: keyword='ecology', fid='envi_00000161' (removing entire key)
🗑️ AccTrie Delete: post-delete root_hash=[bb, a4, 28, 42, f2, be, ed, 60]...
🗑️ AccTrie Delete: keyword='wildlife', fid='envi_00000161' (removing entire key)
🗑️ AccTrie Delete: post-delete root_hash=[e6, 76, ee, ec, 7e, 3b, 9c, 77]...
⚠️ AccTrie Delete: keyword='environment' not found in storage
🗑️ AccTrie Delete: keyword='environment', fid='envi_00000161' (removing entire key)
⚠️ AccTrie Delete: delete entire key failed: Key not found
🗑️ AccTrie Delete: post-delete root_hash=[e6, 76, ee, ec, 7e, 3b, 9c, 77]...
🔧 AccTrie Add: keyword='domestic', fid='news_00000162' (success)
🔧 AccTrie Add: proof size=572 bytes, root_hash=[9d, 2f, be, 9f, e6, 11, 41, 0e]...
🗑️ AccTrie Delete: keyword='domestic', fid='news_00000162' (removing entire key)
🗑️ AccTrie Delete: post-delete root_hash=[ca, 97, 43, da, 17, 42, 19, 83]...
🗑️ AccTrie Delete: keyword='policy', fid='news_00000162' (removing entire key)
🗑️ AccTrie Delete: post-delete root_hash=[e6, 76, ee, ec, 7e, 3b, 9c, 77]...
🗑️ AccTrie Delete: keyword='genetics', fid='scie_00000163' (removing entire key)
🗑️ AccTrie Delete: post-delete root_hash=[2c, 71, 56, 34, 93, dc, 23, a0]...
🗑️ AccTrie Delete: keyword='chemistry', fid='scie_00000163' (removing entire key)
🗑️ AccTrie Delete: post-delete root_hash=[e6, 76, ee, ec, 7e, 3b, 9c, 77]...
🔧 AccTrie Add: keyword='comedy', fid='ente_00000164' (success)
🔧 AccTrie Add: proof size=470 bytes, root_hash=[e3, 41, 86, d6, 4f, 26, 62, 6b]...
🗑️ AccTrie Delete: keyword='comedy', fid='ente_00000164' (removing entire key)
🗑️ AccTrie Delete: post-delete root_hash=[e6, 76, ee, ec, 7e, 3b, 9c, 77]...
🔍 AccTrie Query: keyword='business', found 1 fids
🔍 AccTrie Query: returning proof (363 bytes)
🗑️ AccTrie Delete: keyword='business', fid='busi_00000165' (removing entire key)
🗑️ AccTrie Delete: post-delete root_hash=[e6, 76, ee, ec, 7e, 3b, 9c, 77]...
⚠️ AccTrie Delete: keyword='business' not found in storage
🗑️ AccTrie Delete: keyword='business', fid='busi_00000165' (removing entire key)
⚠️ AccTrie Delete: delete entire key failed: Key not found
🗑️ AccTrie Delete: post-delete root_hash=[e6, 76, ee, ec, 7e, 3b, 9c, 77]...
🔧 AccTrie Add: keyword='food', fid='life_00000166' (success)
🔧 AccTrie Add: proof size=468 bytes, root_hash=[df, c2, 10, be, 31, 67, b4, a2]...
🗑️ AccTrie Delete: keyword='food', fid='life_00000166' (removing entire key)
🗑️ AccTrie Delete: post-delete root_hash=[e6, 76, ee, ec, 7e, 3b, 9c, 77]...
🔧 AccTrie Add: keyword='policy', fid='news_00000167' (success)
🔧 AccTrie Add: proof size=570 bytes, root_hash=[4f, eb, b3, 4d, 46, bf, ad, 5a]...
🗑️ AccTrie Delete: keyword='policy', fid='news_00000167' (removing entire key)
🗑️ AccTrie Delete: post-delete root_hash=[66, 40, 24, 26, f4, c1, 69, 14]...
🗑️ AccTrie Delete: keyword='report', fid='news_00000167' (removing entire key)
🗑️ AccTrie Delete: post-delete root_hash=[e6, 76, ee, ec, 7e, 3b, 9c, 77]...
🔧 AccTrie Add: keyword='domestic', fid='news_00000168' (success)
🔧 AccTrie Add: proof size=572 bytes, root_hash=[91, fd, a7, 19, 55, 56, 0d, 80]...
🗑️ AccTrie Delete: keyword='domestic', fid='news_00000168' (removing entire key)
🗑️ AccTrie Delete: post-delete root_hash=[bb, f4, fa, 0b, 7c, c5, 23, 04]...
🗑️ AccTrie Delete: keyword='government', fid='news_00000168' (removing entire key)
🗑️ AccTrie Delete: post-delete root_hash=[e6, 76, ee, ec, 7e, 3b, 9c, 77]...
🔍 AccTrie Query: keyword='technology', found 1 fids
🔍 AccTrie Query: returning proof (465 bytes)
🗑️ AccTrie Delete: keyword='technology', fid='tech_00000169' (removing entire key)
🗑️ AccTrie Delete: post-delete root_hash=[f6, 04, 8d, 5e, 86, ff, f7, 1b]...
🔧 AccTrie Add: keyword='quantum', fid='tech_00000169' (success)
🔧 AccTrie Add: proof size=471 bytes, root_hash=[f6, 04, 8d, 5e, 86, ff, f7, 1b]...
🗑️ AccTrie Delete: keyword='quantum', fid='tech_00000169' (removing entire key)
🗑️ AccTrie Delete: post-delete root_hash=[e6, 76, ee, ec, 7e, 3b, 9c, 77]...
⚠️ AccTrie Delete: keyword='technology' not found in storage
🗑️ AccTrie Delete: keyword='technology', fid='tech_00000169' (removing entire key)
⚠️ AccTrie Delete: delete entire key failed: Key not found
🗑️ AccTrie Delete: post-delete root_hash=[e6, 76, ee, ec, 7e, 3b, 9c, 77]...
🔍 AccTrie Query: keyword='health', found 1 fids
🔍 AccTrie Query: returning proof (361 bytes)
🗑️ AccTrie Delete: keyword='health', fid='heal_00000171' (removing entire key)
🗑️ AccTrie Delete: post-delete root_hash=[e6, 76, ee, ec, 7e, 3b, 9c, 77]...
⚠️ AccTrie Delete: keyword='health' not found in storage
🗑️ AccTrie Delete: keyword='health', fid='heal_00000171' (removing entire key)
⚠️ AccTrie Delete: delete entire key failed: Key not found
🗑️ AccTrie Delete: post-delete root_hash=[e6, 76, ee, ec, 7e, 3b, 9c, 77]...
🔍 AccTrie Query: keyword='health', found 1 fids
🔍 AccTrie Query: returning proof (561 bytes)
🗑️ AccTrie Delete: keyword='health', fid='heal_00000172' (removing entire key)
🗑️ AccTrie Delete: post-delete root_hash=[64, 1d, 64, 78, 05, 77, 86, 37]...
🔧 AccTrie Add: keyword='patient', fid='heal_00000172' (success)
🔧 AccTrie Add: proof size=571 bytes, root_hash=[64, 1d, 64, 78, 05, 77, 86, 37]...
⚠️ AccTrie Delete: keyword='health' not found in storage
🗑️ AccTrie Delete: keyword='health', fid='heal_00000172' (removing entire key)
⚠️ AccTrie Delete: delete entire key failed: Key not found
🗑️ AccTrie Delete: post-delete root_hash=[64, 1d, 64, 78, 05, 77, 86, 37]...
🗑️ AccTrie Delete: keyword='patient', fid='heal_00000172' (removing entire key)
🗑️ AccTrie Delete: post-delete root_hash=[d1, ad, b8, 00, a6, 20, b8, 0c]...
🗑️ AccTrie Delete: keyword='wellness', fid='heal_00000172' (removing entire key)
🗑️ AccTrie Delete: post-delete root_hash=[e6, 76, ee, ec, 7e, 3b, 9c, 77]...
🔍 AccTrie Query: keyword='business', found 1 fids
🔍 AccTrie Query: returning proof (363 bytes)
🗑️ AccTrie Delete: keyword='business', fid='busi_00000173' (removing entire key)
🗑️ AccTrie Delete: post-delete root_hash=[e6, 76, ee, ec, 7e, 3b, 9c, 77]...
⚠️ AccTrie Delete: keyword='business' not found in storage
🗑️ AccTrie Delete: keyword='business', fid='busi_00000173' (removing entire key)
⚠️ AccTrie Delete: delete entire key failed: Key not found
🗑️ AccTrie Delete: post-delete root_hash=[e6, 76, ee, ec, 7e, 3b, 9c, 77]...
🔍 AccTrie Query: keyword='technology', found 1 fids
🔍 AccTrie Query: returning proof (365 bytes)
🗑️ AccTrie Delete: keyword='technology', fid='tech_00000174' (removing entire key)
🗑️ AccTrie Delete: post-delete root_hash=[e6, 76, ee, ec, 7e, 3b, 9c, 77]...
⚠️ AccTrie Delete: keyword='technology' not found in storage
🗑️ AccTrie Delete: keyword='technology', fid='tech_00000174' (removing entire key)
⚠️ AccTrie Delete: delete entire key failed: Key not found
🗑️ AccTrie Delete: post-delete root_hash=[e6, 76, ee, ec, 7e, 3b, 9c, 77]...
🔍 AccTrie Query: keyword='environment', found 1 fids
🔍 AccTrie Query: returning proof (566 bytes)
🗑️ AccTrie Delete: keyword='environment', fid='envi_00000176' (removing entire key)
🗑️ AccTrie Delete: post-delete root_hash=[00, cf, ba, b2, 38, fb, bd, ae]...
🗑️ AccTrie Delete: keyword='pollution', fid='envi_00000176' (removing entire key)
🗑️ AccTrie Delete: post-delete root_hash=[26, 87, e5, 7e, 1d, 12, 34, 44]...
🗑️ AccTrie Delete: keyword='green', fid='envi_00000176' (removing entire key)
🗑️ AccTrie Delete: post-delete root_hash=[e6, 76, ee, ec, 7e, 3b, 9c, 77]...
⚠️ AccTrie Delete: keyword='environment' not found in storage
🗑️ AccTrie Delete: keyword='environment', fid='envi_00000176' (removing entire key)
⚠️ AccTrie Delete: delete entire key failed: Key not found
🗑️ AccTrie Delete: post-delete root_hash=[e6, 76, ee, ec, 7e, 3b, 9c, 77]...
🔍 AccTrie Query: keyword='technology', found 1 fids
🔍 AccTrie Query: returning proof (365 bytes)
🗑️ AccTrie Delete: keyword='technology', fid='tech_00000177' (removing entire key)
🗑️ AccTrie Delete: post-delete root_hash=[e6, 76, ee, ec, 7e, 3b, 9c, 77]...
⚠️ AccTrie Delete: keyword='technology' not found in storage
🗑️ AccTrie Delete: keyword='technology', fid='tech_00000177' (removing entire key)
⚠️ AccTrie Delete: delete entire key failed: Key not found
🗑️ AccTrie Delete: post-delete root_hash=[e6, 76, ee, ec, 7e, 3b, 9c, 77]...
🔍 AccTrie Query: keyword='environment', found 1 fids
🔍 AccTrie Query: returning proof (366 bytes)
🗑️ AccTrie Delete: keyword='environment', fid='envi_00000178' (removing entire key)
🗑️ AccTrie Delete: post-delete root_hash=[e6, 76, ee, ec, 7e, 3b, 9c, 77]...
⚠️ AccTrie Delete: keyword='environment' not found in storage
🗑️ AccTrie Delete: keyword='environment', fid='envi_00000178' (removing entire key)
⚠️ AccTrie Delete: delete entire key failed: Key not found
🗑️ AccTrie Delete: post-delete root_hash=[e6, 76, ee, ec, 7e, 3b, 9c, 77]...
🔍 AccTrie Query: keyword='health', found 1 fids
🔍 AccTrie Query: returning proof (361 bytes)
🗑️ AccTrie Delete: keyword='health', fid='heal_00000179' (removing entire key)
🗑️ AccTrie Delete: post-delete root_hash=[e6, 76, ee, ec, 7e, 3b, 9c, 77]...
⚠️ AccTrie Delete: keyword='health' not found in storage
🗑️ AccTrie Delete: keyword='health', fid='heal_00000179' (removing entire key)
⚠️ AccTrie Delete: delete entire key failed: Key not found
🗑️ AccTrie Delete: post-delete root_hash=[e6, 76, ee, ec, 7e, 3b, 9c, 77]...
🔍 AccTrie Query: keyword='business', found 1 fids
🔍 AccTrie Query: returning proof (463 bytes)
🗑️ AccTrie Delete: keyword='business', fid='busi_00000180' (removing entire key)
🗑️ AccTrie Delete: post-delete root_hash=[30, a3, 02, 96, 4c, 47, ca, 08]...
⚠️ AccTrie Delete: keyword='business' not found in storage
🗑️ AccTrie Delete: keyword='business', fid='busi_00000180' (removing entire key)
⚠️ AccTrie Delete: delete entire key failed: Key not found
🗑️ AccTrie Delete: post-delete root_hash=[30, a3, 02, 96, 4c, 47, ca, 08]...
🗑️ AccTrie Delete: keyword='analytics', fid='busi_00000180' (removing entire key)
🗑️ AccTrie Delete: post-delete root_hash=[e6, 76, ee, ec, 7e, 3b, 9c, 77]...
🔧 AccTrie Add: keyword='update', fid='news_00000181' (success)
🔧 AccTrie Add: proof size=470 bytes, root_hash=[69, 00, 6f, f8, 74, 5f, 4c, 50]...
🗑️ AccTrie Delete: keyword='update', fid='news_00000181' (removing entire key)
🗑️ AccTrie Delete: post-delete root_hash=[e6, 76, ee, ec, 7e, 3b, 9c, 77]...
🔍 AccTrie Query: keyword='sports', found 1 fids
🔍 AccTrie Query: returning proof (361 bytes)
🗑️ AccTrie Delete: keyword='sports', fid='spor_00000183' (removing entire key)
🗑️ AccTrie Delete: post-delete root_hash=[e6, 76, ee, ec, 7e, 3b, 9c, 77]...
⚠️ AccTrie Delete: keyword='sports' not found in storage
🗑️ AccTrie Delete: keyword='sports', fid='spor_00000183' (removing entire key)
⚠️ AccTrie Delete: delete entire key failed: Key not found
🗑️ AccTrie Delete: post-delete root_hash=[e6, 76, ee, ec, 7e, 3b, 9c, 77]...
🔧 AccTrie Add: keyword='scholarship', fid='educ_00000184' (success)
🔧 AccTrie Add: proof size=475 bytes, root_hash=[6d, 70, ef, b8, 6a, f8, 8e, 04]...
🗑️ AccTrie Delete: keyword='scholarship', fid='educ_00000184' (removing entire key)
🗑️ AccTrie Delete: post-delete root_hash=[e6, 76, ee, ec, 7e, 3b, 9c, 77]...
🔍 AccTrie Query: keyword='environment', found 1 fids
🔍 AccTrie Query: returning proof (566 bytes)
🗑️ AccTrie Delete: keyword='environment', fid='envi_00000185' (removing entire key)
🗑️ AccTrie Delete: post-delete root_hash=[43, 13, 6e, b1, ec, cf, c2, ca]...
🔧 AccTrie Add: keyword='climate', fid='envi_00000185' (success)
🔧 AccTrie Add: proof size=571 bytes, root_hash=[43, 13, 6e, b1, ec, cf, c2, ca]...
⚠️ AccTrie Delete: keyword='environment' not found in storage
🗑️ AccTrie Delete: keyword='environment', fid='envi_00000185' (removing entire key)
⚠️ AccTrie Delete: delete entire key failed: Key not found
🗑️ AccTrie Delete: post-delete root_hash=[43, 13, 6e, b1, ec, cf, c2, ca]...
🗑️ AccTrie Delete: keyword='climate', fid='envi_00000185' (removing entire key)
🗑️ AccTrie Delete: post-delete root_hash=[ca, 5a, 19, b5, 7d, 07, 84, 44]...
🗑️ AccTrie Delete: keyword='green', fid='envi_00000185' (removing entire key)
🗑️ AccTrie Delete: post-delete root_hash=[e6, 76, ee, ec, 7e, 3b, 9c, 77]...
🔍 AccTrie Query: keyword='technology', found 1 fids
🔍 AccTrie Query: returning proof (465 bytes)
🗑️ AccTrie Delete: keyword='technology', fid='tech_00000187' (removing entire key)
🗑️ AccTrie Delete: post-delete root_hash=[1f, 7b, 61, 29, 52, fc, 4d, 49]...
⚠️ AccTrie Delete: keyword='technology' not found in storage
🗑️ AccTrie Delete: keyword='technology', fid='tech_00000187' (removing entire key)
⚠️ AccTrie Delete: delete entire key failed: Key not found
🗑️ AccTrie Delete: post-delete root_hash=[1f, 7b, 61, 29, 52, fc, 4d, 49]...
🗑️ AccTrie Delete: keyword='network', fid='tech_00000187' (removing entire key)
🗑️ AccTrie Delete: post-delete root_hash=[e6, 76, ee, ec, 7e, 3b, 9c, 77]...
🗑️ AccTrie Delete: keyword='crisis', fid='news_00000189' (removing entire key)
🗑️ AccTrie Delete: post-delete root_hash=[e6, 76, ee, ec, 7e, 3b, 9c, 77]...
🗑️ AccTrie Delete: keyword='report', fid='news_00000190' (removing entire key)
🗑️ AccTrie Delete: post-delete root_hash=[a3, a9, 9b, 9a, 03, 3a, 3e, 02]...
🗑️ AccTrie Delete: keyword='government', fid='news_00000190' (removing entire key)
🗑️ AccTrie Delete: post-delete root_hash=[e6, 76, ee, ec, 7e, 3b, 9c, 77]...
🔍 AccTrie Query: keyword='sports', found 1 fids
🔍 AccTrie Query: returning proof (361 bytes)
🗑️ AccTrie Delete: keyword='sports', fid='spor_00000191' (removing entire key)
🗑️ AccTrie Delete: post-delete root_hash=[e6, 76, ee, ec, 7e, 3b, 9c, 77]...
⚠️ AccTrie Delete: keyword='sports' not found in storage
🗑️ AccTrie Delete: keyword='sports', fid='spor_00000191' (removing entire key)
⚠️ AccTrie Delete: delete entire key failed: Key not found
🗑️ AccTrie Delete: post-delete root_hash=[e6, 76, ee, ec, 7e, 3b, 9c, 77]...
🗑️ AccTrie Delete: keyword='movie', fid='ente_00000192' (removing entire key)
🗑️ AccTrie Delete: post-delete root_hash=[e6, 76, ee, ec, 7e, 3b, 9c, 77]...
🔍 AccTrie Query: keyword='health', found 1 fids
🔍 AccTrie Query: returning proof (361 bytes)
🗑️ AccTrie Delete: keyword='health', fid='heal_00000193' (removing entire key)
🗑️ AccTrie Delete: post-delete root_hash=[e6, 76, ee, ec, 7e, 3b, 9c, 77]...
⚠️ AccTrie Delete: keyword='health' not found in storage
🗑️ AccTrie Delete: keyword='health', fid='heal_00000193' (removing entire key)
⚠️ AccTrie Delete: delete entire key failed: Key not found
🗑️ AccTrie Delete: post-delete root_hash=[e6, 76, ee, ec, 7e, 3b, 9c, 77]...
🔍 AccTrie Query: keyword='environment', found 1 fids
🔍 AccTrie Query: returning proof (466 bytes)
🗑️ AccTrie Delete: keyword='environment', fid='envi_00000194' (removing entire key)
🗑️ AccTrie Delete: post-delete root_hash=[63, f0, f5, 59, 34, e6, 44, 58]...
🔧 AccTrie Add: keyword='climate', fid='envi_00000194' (success)
🔧 AccTrie Add: proof size=471 bytes, root_hash=[63, f0, f5, 59, 34, e6, 44, 58]...
⚠️ AccTrie Delete: keyword='environment' not found in storage
🗑️ AccTrie Delete: keyword='environment', fid='envi_00000194' (removing entire key)
⚠️ AccTrie Delete: delete entire key failed: Key not found
🗑️ AccTrie Delete: post-delete root_hash=[63, f0, f5, 59, 34, e6, 44, 58]...
🗑️ AccTrie Delete: keyword='climate', fid='envi_00000194' (removing entire key)
🗑️ AccTrie Delete: post-delete root_hash=[e6, 76, ee, ec, 7e, 3b, 9c, 77]...
🔍 AccTrie Query: keyword='health', found 1 fids
🔍 AccTrie Query: returning proof (461 bytes)
🗑️ AccTrie Delete: keyword='health', fid='heal_00000195' (removing entire key)
🗑️ AccTrie Delete: post-delete root_hash=[25, 87, 1e, 8c, d6, 71, 68, 87]...
⚠️ AccTrie Delete: keyword='health' not found in storage
🗑️ AccTrie Delete: keyword='health', fid='heal_00000195' (removing entire key)
⚠️ AccTrie Delete: delete entire key failed: Key not found
🗑️ AccTrie Delete: post-delete root_hash=[25, 87, 1e, 8c, d6, 71, 68, 87]...
🗑️ AccTrie Delete: keyword='patient', fid='heal_00000195' (removing entire key)
🗑️ AccTrie Delete: post-delete root_hash=[e6, 76, ee, ec, 7e, 3b, 9c, 77]...
🔍 AccTrie Query: keyword='business', found 1 fids
🔍 AccTrie Query: returning proof (363 bytes)
🗑️ AccTrie Delete: keyword='business', fid='busi_00000196' (removing entire key)
🗑️ AccTrie Delete: post-delete root_hash=[e6, 76, ee, ec, 7e, 3b, 9c, 77]...
⚠️ AccTrie Delete: keyword='business' not found in storage
🗑️ AccTrie Delete: keyword='business', fid='busi_00000196' (removing entire key)
⚠️ AccTrie Delete: delete entire key failed: Key not found
🗑️ AccTrie Delete: post-delete root_hash=[e6, 76, ee, ec, 7e, 3b, 9c, 77]...
🔍 AccTrie Query: keyword='technology', found 1 fids
🔍 AccTrie Query: returning proof (465 bytes)
🗑️ AccTrie Delete: keyword='technology', fid='tech_00000197' (removing entire key)
🗑️ AccTrie Delete: post-delete root_hash=[82, 74, 1d, 9e, 5a, 9e, c3, 2c]...
⚠️ AccTrie Delete: keyword='technology' not found in storage
🗑️ AccTrie Delete: keyword='technology', fid='tech_00000197' (removing entire key)
⚠️ AccTrie Delete: delete entire key failed: Key not found
🗑️ AccTrie Delete: post-delete root_hash=[82, 74, 1d, 9e, 5a, 9e, c3, 2c]...
🗑️ AccTrie Delete: keyword='iot', fid='tech_00000197' (removing entire key)
🗑️ AccTrie Delete: post-delete root_hash=[e6, 76, ee, ec, 7e, 3b, 9c, 77]...
🔍 AccTrie Query: keyword='health', found 1 fids
🔍 AccTrie Query: returning proof (461 bytes)
🗑️ AccTrie Delete: keyword='health', fid='heal_00000198' (removing entire key)
🗑️ AccTrie Delete: post-delete root_hash=[9e, 62, e0, 7d, 6f, 97, 7c, ac]...
⚠️ AccTrie Delete: keyword='health' not found in storage
🗑️ AccTrie Delete: keyword='health', fid='heal_00000198' (removing entire key)
⚠️ AccTrie Delete: delete entire key failed: Key not found
🗑️ AccTrie Delete: post-delete root_hash=[9e, 62, e0, 7d, 6f, 97, 7c, ac]...
🗑️ AccTrie Delete: keyword='patient', fid='heal_00000198' (removing entire key)
🗑️ AccTrie Delete: post-delete root_hash=[e6, 76, ee, ec, 7e, 3b, 9c, 77]...
🔧 AccTrie Add: keyword='show', fid='ente_00000199' (success)
🔧 AccTrie Add: proof size=568 bytes, root_hash=[0d, ce, c1, 4c, 45, 89, 63, a2]...
🗑️ AccTrie Delete: keyword='show', fid='ente_00000199' (removing entire key)
🗑️ AccTrie Delete: post-delete root_hash=[c3, 6f, 1a, dc, de, c4, 88, 1b]...
🗑️ AccTrie Delete: keyword='movie', fid='ente_00000199' (removing entire key)
🗑️ AccTrie Delete: post-delete root_hash=[e6, 76, ee, ec, 7e, 3b, 9c, 77]...
🔍 AccTrie Query: keyword='environment', found 1 fids
🔍 AccTrie Query: returning proof (366 bytes)
🗑️ AccTrie Delete: keyword='environment', fid='envi_00000200' (removing entire key)
🗑️ AccTrie Delete: post-delete root_hash=[e6, 76, ee, ec, 7e, 3b, 9c, 77]...
⚠️ AccTrie Delete: keyword='environment' not found in storage
🗑️ AccTrie Delete: keyword='environment', fid='envi_00000200' (removing entire key)
⚠️ AccTrie Delete: delete entire key failed: Key not found
🗑️ AccTrie Delete: post-delete root_hash=[e6, 76, ee, ec, 7e, 3b, 9c, 77]...
🗑️ AccTrie Delete: keyword='experiment', fid='scie_00000201' (removing entire key)
🗑️ AccTrie Delete: post-delete root_hash=[e6, 76, ee, ec, 7e, 3b, 9c, 77]...
🔧 AccTrie Add: keyword='genetics', fid='scie_00000202' (success)
🔧 AccTrie Add: proof size=472 bytes, root_hash=[3a, da, a5, 0e, ab, 24, 1f, 9b]...
🗑️ AccTrie Delete: keyword='genetics', fid='scie_00000202' (removing entire key)
🗑️ AccTrie Delete: post-delete root_hash=[e6, 76, ee, ec, 7e, 3b, 9c, 77]...
🔍 AccTrie Query: keyword='technology', found 1 fids
🔍 AccTrie Query: returning proof (465 bytes)
🗑️ AccTrie Delete: keyword='technology', fid='tech_00000203' (removing entire key)
🗑️ AccTrie Delete: post-delete root_hash=[37, 22, 67, 15, a5, 78, 13, f2]...
🗑️ AccTrie Delete: keyword='network', fid='tech_00000203' (removing entire key)
🗑️ AccTrie Delete: post-delete root_hash=[e6, 76, ee, ec, 7e, 3b, 9c, 77]...
⚠️ AccTrie Delete: keyword='technology' not found in storage
🗑️ AccTrie Delete: keyword='technology', fid='tech_00000203' (removing entire key)
⚠️ AccTrie Delete: delete entire key failed: Key not found
🗑️ AccTrie Delete: post-delete root_hash=[e6, 76, ee, ec, 7e, 3b, 9c, 77]...
🔍 AccTrie Query: keyword='health', found 1 fids
🔍 AccTrie Query: returning proof (361 bytes)
🗑️ AccTrie Delete: keyword='health', fid='heal_00000204' (removing entire key)
🗑️ AccTrie Delete: post-delete root_hash=[e6, 76, ee, ec, 7e, 3b, 9c, 77]...
⚠️ AccTrie Delete: keyword='health' not found in storage
🗑️ AccTrie Delete: keyword='health', fid='heal_00000204' (removing entire key)
⚠️ AccTrie Delete: delete entire key failed: Key not found
🗑️ AccTrie Delete: post-delete root_hash=[e6, 76, ee, ec, 7e, 3b, 9c, 77]...
🔍 AccTrie Query: keyword='technology', found 1 fids
🔍 AccTrie Query: returning proof (465 bytes)
🗑️ AccTrie Delete: keyword='technology', fid='tech_00000205' (removing entire key)
🗑️ AccTrie Delete: post-delete root_hash=[c9, d9, 23, e1, 17, 35, e3, 86]...
🔧 AccTrie Add: keyword='iot', fid='tech_00000205' (success)
🔧 AccTrie Add: proof size=467 bytes, root_hash=[c9, d9, 23, e1, 17, 35, e3, 86]...
⚠️ AccTrie Delete: keyword='technology' not found in storage
🗑️ AccTrie Delete: keyword='technology', fid='tech_00000205' (removing entire key)
⚠️ AccTrie Delete: delete entire key failed: Key not found
🗑️ AccTrie Delete: post-delete root_hash=[c9, d9, 23, e1, 17, 35, e3, 86]...
🗑️ AccTrie Delete: keyword='iot', fid='tech_00000205' (removing entire key)
🗑️ AccTrie Delete: post-delete root_hash=[e6, 76, ee, ec, 7e, 3b, 9c, 77]...
🔍 AccTrie Query: keyword='sports', found 1 fids
🔍 AccTrie Query: returning proof (361 bytes)
🗑️ AccTrie Delete: keyword='sports', fid='spor_00000206' (removing entire key)
🗑️ AccTrie Delete: post-delete root_hash=[e6, 76, ee, ec, 7e, 3b, 9c, 77]...
⚠️ AccTrie Delete: keyword='sports' not found in storage
🗑️ AccTrie Delete: keyword='sports', fid='spor_00000206' (removing entire key)
⚠️ AccTrie Delete: delete entire key failed: Key not found
🗑️ AccTrie Delete: post-delete root_hash=[e6, 76, ee, ec, 7e, 3b, 9c, 77]...
🔧 AccTrie Add: keyword='government', fid='news_00000207' (success)
🔧 AccTrie Add: proof size=574 bytes, root_hash=[c9, a3, 74, 04, 0e, 9e, 03, c3]...
🗑️ AccTrie Delete: keyword='government', fid='news_00000207' (removing entire key)
🗑️ AccTrie Delete: post-delete root_hash=[cf, 22, ac, f6, f0, 21, 07, 14]...
🗑️ AccTrie Delete: keyword='domestic', fid='news_00000207' (removing entire key)
🗑️ AccTrie Delete: post-delete root_hash=[e6, 76, ee, ec, 7e, 3b, 9c, 77]...
🔧 AccTrie Add: keyword='lecture', fid='educ_00000208' (success)
🔧 AccTrie Add: proof size=471 bytes, root_hash=[ff, 93, 18, 57, c3, 1d, 94, c3]...
🗑️ AccTrie Delete: keyword='lecture', fid='educ_00000208' (removing entire key)
🗑️ AccTrie Delete: post-delete root_hash=[e6, 76, ee, ec, 7e, 3b, 9c, 77]...
🔍 AccTrie Query: keyword='technology', found 1 fids
🔍 AccTrie Query: returning proof (465 bytes)
🗑️ AccTrie Delete: keyword='technology', fid='tech_00000209' (removing entire key)
🗑️ AccTrie Delete: post-delete root_hash=[56, 8f, 9d, 10, d8, ef, 86, 8f]...
⚠️ AccTrie Delete: keyword='technology' not found in storage
🗑️ AccTrie Delete: keyword='technology', fid='tech_00000209' (removing entire key)
⚠️ AccTrie Delete: delete entire key failed: Key not found
🗑️ AccTrie Delete: post-delete root_hash=[56, 8f, 9d, 10, d8, ef, 86, 8f]...
🗑️ AccTrie Delete: keyword='quantum', fid='tech_00000209' (removing entire key)
🗑️ AccTrie Delete: post-delete root_hash=[e6, 76, ee, ec, 7e, 3b, 9c, 77]...
🔍 AccTrie Query: keyword='technology', found 1 fids
🔍 AccTrie Query: returning proof (465 bytes)
🗑️ AccTrie Delete: keyword='technology', fid='tech_00000210' (removing entire key)
🗑️ AccTrie Delete: post-delete root_hash=[9c, 55, 43, ce, ae, d7, 55, 8e]...
🔧 AccTrie Add: keyword='network', fid='tech_00000210' (success)
🔧 AccTrie Add: proof size=471 bytes, root_hash=[9c, 55, 43, ce, ae, d7, 55, 8e]...
⚠️ AccTrie Delete: keyword='technology' not found in storage
🗑️ AccTrie Delete: keyword='technology', fid='tech_00000210' (removing entire key)
⚠️ AccTrie Delete: delete entire key failed: Key not found
🗑️ AccTrie Delete: post-delete root_hash=[9c, 55, 43, ce, ae, d7, 55, 8e]...
🗑️ AccTrie Delete: keyword='network', fid='tech_00000210' (removing entire key)
🗑️ AccTrie Delete: post-delete root_hash=[e6, 76, ee, ec, 7e, 3b, 9c, 77]...
🔍 AccTrie Query: keyword='business', found 1 fids
🔍 AccTrie Query: returning proof (363 bytes)
🗑️ AccTrie Delete: keyword='business', fid='busi_00000211' (removing entire key)
🗑️ AccTrie Delete: post-delete root_hash=[e6, 76, ee, ec, 7e, 3b, 9c, 77]...
⚠️ AccTrie Delete: keyword='business' not found in storage
🗑️ AccTrie Delete: keyword='business', fid='busi_00000211' (removing entire key)
⚠️ AccTrie Delete: delete entire key failed: Key not found
🗑️ AccTrie Delete: post-delete root_hash=[e6, 76, ee, ec, 7e, 3b, 9c, 77]...
🔍 AccTrie Query: keyword='technology', found 1 fids
🔍 AccTrie Query: returning proof (465 bytes)
🗑️ AccTrie Delete: keyword='technology', fid='tech_00000212' (removing entire key)
🗑️ AccTrie Delete: post-delete root_hash=[60, 1f, 63, 13, a7, 73, 04, 7f]...
🔧 AccTrie Add: keyword='quantum', fid='tech_00000212' (success)
🔧 AccTrie Add: proof size=471 bytes, root_hash=[60, 1f, 63, 13, a7, 73, 04, 7f]...
⚠️ AccTrie Delete: keyword='technology' not found in storage
🗑️ AccTrie Delete: keyword='technology', fid='tech_00000212' (removing entire key)
⚠️ AccTrie Delete: delete entire key failed: Key not found
🗑️ AccTrie Delete: post-delete root_hash=[60, 1f, 63, 13, a7, 73, 04, 7f]...
🗑️ AccTrie Delete: keyword='quantum', fid='tech_00000212' (removing entire key)
🗑️ AccTrie Delete: post-delete root_hash=[e6, 76, ee, ec, 7e, 3b, 9c, 77]...
🔍 AccTrie Query: keyword='environment', found 1 fids
🔍 AccTrie Query: returning proof (466 bytes)
🗑️ AccTrie Delete: keyword='environment', fid='envi_00000213' (removing entire key)
🗑️ AccTrie Delete: post-delete root_hash=[36, ab, 2a, 2a, d1, ac, 53, ac]...
🗑️ AccTrie Delete: keyword='climate', fid='envi_00000213' (removing entire key)
🗑️ AccTrie Delete: post-delete root_hash=[e6, 76, ee, ec, 7e, 3b, 9c, 77]...
⚠️ AccTrie Delete: keyword='environment' not found in storage
🗑️ AccTrie Delete: keyword='environment', fid='envi_00000213' (removing entire key)
⚠️ AccTrie Delete: delete entire key failed: Key not found
🗑️ AccTrie Delete: post-delete root_hash=[e6, 76, ee, ec, 7e, 3b, 9c, 77]...
🔍 AccTrie Query: keyword='sports', found 1 fids
🔍 AccTrie Query: returning proof (361 bytes)
🗑️ AccTrie Delete: keyword='sports', fid='spor_00000214' (removing entire key)
🗑️ AccTrie Delete: post-delete root_hash=[e6, 76, ee, ec, 7e, 3b, 9c, 77]...
⚠️ AccTrie Delete: keyword='sports' not found in storage
🗑️ AccTrie Delete: keyword='sports', fid='spor_00000214' (removing entire key)
⚠️ AccTrie Delete: delete entire key failed: Key not found
🗑️ AccTrie Delete: post-delete root_hash=[e6, 76, ee, ec, 7e, 3b, 9c, 77]...
🔍 AccTrie Query: keyword='technology', found 1 fids
🔍 AccTrie Query: returning proof (365 bytes)
🗑️ AccTrie Delete: keyword='technology', fid='tech_00000215' (removing entire key)
🗑️ AccTrie Delete: post-delete root_hash=[e6, 76, ee, ec, 7e, 3b, 9c, 77]...
⚠️ AccTrie Delete: keyword='technology' not found in storage
🗑️ AccTrie Delete: keyword='technology', fid='tech_00000215' (removing entire key)
⚠️ AccTrie Delete: delete entire key failed: Key not found
🗑️ AccTrie Delete: post-delete root_hash=[e6, 76, ee, ec, 7e, 3b, 9c, 77]...
🔍 AccTrie Query: keyword='environment', found 1 fids
🔍 AccTrie Query: returning proof (466 bytes)
🗑️ AccTrie Delete: keyword='environment', fid='envi_00000216' (removing entire key)
🗑️ AccTrie Delete: post-delete root_hash=[34, 95, 19, 01, e2, 66, 4c, 94]...
🔧 AccTrie Add: keyword='pollution', fid='envi_00000216' (success)
🔧 AccTrie Add: proof size=473 bytes, root_hash=[34, 95, 19, 01, e2, 66, 4c, 94]...
⚠️ AccTrie Delete: keyword='environment' not found in storage
🗑️ AccTrie Delete: keyword='environment', fid='envi_00000216' (removing entire key)
⚠️ AccTrie Delete: delete entire key failed: Key not found
🗑️ AccTrie Delete: post-delete root_hash=[34, 95, 19, 01, e2, 66, 4c, 94]...
🗑️ AccTrie Delete: keyword='pollution', fid='envi_00000216' (removing entire key)
🗑️ AccTrie Delete: post-delete root_hash=[e6, 76, ee, ec, 7e, 3b, 9c, 77]...
🔍 AccTrie Query: keyword='business', found 1 fids
🔍 AccTrie Query: returning proof (363 bytes)
🗑️ AccTrie Delete: keyword='business', fid='busi_00000218' (removing entire key)
🗑️ AccTrie Delete: post-delete root_hash=[e6, 76, ee, ec, 7e, 3b, 9c, 77]...
⚠️ AccTrie Delete: keyword='business' not found in storage
🗑️ AccTrie Delete: keyword='business', fid='busi_00000218' (removing entire key)
⚠️ AccTrie Delete: delete entire key failed: Key not found
🗑️ AccTrie Delete: post-delete root_hash=[e6, 76, ee, ec, 7e, 3b, 9c, 77]...
🔍 AccTrie Query: keyword='sports', found 1 fids
🔍 AccTrie Query: returning proof (361 bytes)
🗑️ AccTrie Delete: keyword='sports', fid='spor_00000219' (removing entire key)
🗑️ AccTrie Delete: post-delete root_hash=[e6, 76, ee, ec, 7e, 3b, 9c, 77]...
⚠️ AccTrie Delete: keyword='sports' not found in storage
🗑️ AccTrie Delete: keyword='sports', fid='spor_00000219' (removing entire key)
⚠️ AccTrie Delete: delete entire key failed: Key not found
🗑️ AccTrie Delete: post-delete root_hash=[e6, 76, ee, ec, 7e, 3b, 9c, 77]...
🔧 AccTrie Add: keyword='food', fid='life_00000220' (success)
🔧 AccTrie Add: proof size=468 bytes, root_hash=[c3, fb, fb, fe, b5, 7b, b8, 0e]...
🗑️ AccTrie Delete: keyword='food', fid='life_00000220' (removing entire key)
🗑️ AccTrie Delete: post-delete root_hash=[e6, 76, ee, ec, 7e, 3b, 9c, 77]...
🔍 AccTrie Query: keyword='technology', found 1 fids
🔍 AccTrie Query: returning proof (365 bytes)
🗑️ AccTrie Delete: keyword='technology', fid='tech_00000221' (removing entire key)
🗑️ AccTrie Delete: post-delete root_hash=[e6, 76, ee, ec, 7e, 3b, 9c, 77]...
⚠️ AccTrie Delete: keyword='technology' not found in storage
🗑️ AccTrie Delete: keyword='technology', fid='tech_00000221' (removing entire key)
⚠️ AccTrie Delete: delete entire key failed: Key not found
🗑️ AccTrie Delete: post-delete root_hash=[e6, 76, ee, ec, 7e, 3b, 9c, 77]...
🔍 AccTrie Query: keyword='health', found 1 fids
🔍 AccTrie Query: returning proof (461 bytes)
🗑️ AccTrie Delete: keyword='health', fid='heal_00000222' (removing entire key)
🗑️ AccTrie Delete: post-delete root_hash=[e6, e0, 51, 0d, e8, a4, 90, 73]...
🔧 AccTrie Add: keyword='wellness', fid='heal_00000222' (success)
🔧 AccTrie Add: proof size=472 bytes, root_hash=[e6, e0, 51, 0d, e8, a4, 90, 73]...
⚠️ AccTrie Delete: keyword='health' not found in storage
🗑️ AccTrie Delete: keyword='health', fid='heal_00000222' (removing entire key)
⚠️ AccTrie Delete: delete entire key failed: Key not found
🗑️ AccTrie Delete: post-delete root_hash=[e6, e0, 51, 0d, e8, a4, 90, 73]...
🗑️ AccTrie Delete: keyword='wellness', fid='heal_00000222' (removing entire key)
🗑️ AccTrie Delete: post-delete root_hash=[e6, 76, ee, ec, 7e, 3b, 9c, 77]...
🔍 AccTrie Query: keyword='health', found 1 fids
🔍 AccTrie Query: returning proof (461 bytes)
🗑️ AccTrie Delete: keyword='health', fid='heal_00000223' (removing entire key)
🗑️ AccTrie Delete: post-delete root_hash=[d5, 6c, f8, 85, aa, 29, 60, 9a]...
⚠️ AccTrie Delete: keyword='health' not found in storage
🗑️ AccTrie Delete: keyword='health', fid='heal_00000223' (removing entire key)
⚠️ AccTrie Delete: delete entire key failed: Key not found
🗑️ AccTrie Delete: post-delete root_hash=[d5, 6c, f8, 85, aa, 29, 60, 9a]...
🗑️ AccTrie Delete: keyword='patient', fid='heal_00000223' (removing entire key)
🗑️ AccTrie Delete: post-delete root_hash=[e6, 76, ee, ec, 7e, 3b, 9c, 77]...
🔍 AccTrie Query: keyword='business', found 1 fids
🔍 AccTrie Query: returning proof (363 bytes)
🗑️ AccTrie Delete: keyword='business', fid='busi_00000224' (removing entire key)
🗑️ AccTrie Delete: post-delete root_hash=[e6, 76, ee, ec, 7e, 3b, 9c, 77]...
⚠️ AccTrie Delete: keyword='business' not found in storage
🗑️ AccTrie Delete: keyword='business', fid='busi_00000224' (removing entire key)
⚠️ AccTrie Delete: delete entire key failed: Key not found
🗑️ AccTrie Delete: post-delete root_hash=[e6, 76, ee, ec, 7e, 3b, 9c, 77]...
🔍 AccTrie Query: keyword='health', found 1 fids
🔍 AccTrie Query: returning proof (461 bytes)
🗑️ AccTrie Delete: keyword='health', fid='heal_00000225' (removing entire key)
🗑️ AccTrie Delete: post-delete root_hash=[c7, 9c, d4, 41, f1, 36, 60, 45]...
🔧 AccTrie Add: keyword='patient', fid='heal_00000225' (success)
🔧 AccTrie Add: proof size=471 bytes, root_hash=[c7, 9c, d4, 41, f1, 36, 60, 45]...
🗑️ AccTrie Delete: keyword='patient', fid='heal_00000225' (removing entire key)
🗑️ AccTrie Delete: post-delete root_hash=[e6, 76, ee, ec, 7e, 3b, 9c, 77]...
⚠️ AccTrie Delete: keyword='health' not found in storage
🗑️ AccTrie Delete: keyword='health', fid='heal_00000225' (removing entire key)
⚠️ AccTrie Delete: delete entire key failed: Key not found
🗑️ AccTrie Delete: post-delete root_hash=[e6, 76, ee, ec, 7e, 3b, 9c, 77]...
🔍 AccTrie Query: keyword='health', found 1 fids
🔍 AccTrie Query: returning proof (361 bytes)
🗑️ AccTrie Delete: keyword='health', fid='heal_00000226' (removing entire key)
🗑️ AccTrie Delete: post-delete root_hash=[e6, 76, ee, ec, 7e, 3b, 9c, 77]...
⚠️ AccTrie Delete: keyword='health' not found in storage
🗑️ AccTrie Delete: keyword='health', fid='heal_00000226' (removing entire key)
⚠️ AccTrie Delete: delete entire key failed: Key not found
🗑️ AccTrie Delete: post-delete root_hash=[e6, 76, ee, ec, 7e, 3b, 9c, 77]...
🔍 AccTrie Query: keyword='technology', found 1 fids
🔍 AccTrie Query: returning proof (365 bytes)
🗑️ AccTrie Delete: keyword='technology', fid='tech_00000227' (removing entire key)
🗑️ AccTrie Delete: post-delete root_hash=[e6, 76, ee, ec, 7e, 3b, 9c, 77]...
⚠️ AccTrie Delete: keyword='technology' not found in storage
🗑️ AccTrie Delete: keyword='technology', fid='tech_00000227' (removing entire key)
⚠️ AccTrie Delete: delete entire key failed: Key not found
🗑️ AccTrie Delete: post-delete root_hash=[e6, 76, ee, ec, 7e, 3b, 9c, 77]...
🔍 AccTrie Query: keyword='technology', found 1 fids
🔍 AccTrie Query: returning proof (465 bytes)
🗑️ AccTrie Delete: keyword='technology', fid='tech_00000230' (removing entire key)
🗑️ AccTrie Delete: post-delete root_hash=[72, 80, 8d, 4b, 8d, 62, 02, 13]...
🔧 AccTrie Add: keyword='network', fid='tech_00000230' (success)
🔧 AccTrie Add: proof size=471 bytes, root_hash=[72, 80, 8d, 4b, 8d, 62, 02, 13]...
⚠️ AccTrie Delete: keyword='technology' not found in storage
🗑️ AccTrie Delete: keyword='technology', fid='tech_00000230' (removing entire key)
⚠️ AccTrie Delete: delete entire key failed: Key not found
🗑️ AccTrie Delete: post-delete root_hash=[72, 80, 8d, 4b, 8d, 62, 02, 13]...
🗑️ AccTrie Delete: keyword='network', fid='tech_00000230' (removing entire key)
🗑️ AccTrie Delete: post-delete root_hash=[e6, 76, ee, ec, 7e, 3b, 9c, 77]...
🔍 AccTrie Query: keyword='technology', found 1 fids
🔍 AccTrie Query: returning proof (465 bytes)
🗑️ AccTrie Delete: keyword='technology', fid='tech_00000231' (removing entire key)
🗑️ AccTrie Delete: post-delete root_hash=[d0, 72, 60, 50, 8b, 54, d0, 49]...
⚠️ AccTrie Delete: keyword='technology' not found in storage
🗑️ AccTrie Delete: keyword='technology', fid='tech_00000231' (removing entire key)
⚠️ AccTrie Delete: delete entire key failed: Key not found
🗑️ AccTrie Delete: post-delete root_hash=[d0, 72, 60, 50, 8b, 54, d0, 49]...
🗑️ AccTrie Delete: keyword='network', fid='tech_00000231' (removing entire key)
🗑️ AccTrie Delete: post-delete root_hash=[e6, 76, ee, ec, 7e, 3b, 9c, 77]...
🔍 AccTrie Query: keyword='business', found 1 fids
🔍 AccTrie Query: returning proof (463 bytes)
🗑️ AccTrie Delete: keyword='business', fid='busi_00000232' (removing entire key)
🗑️ AccTrie Delete: post-delete root_hash=[d7, 69, c0, 7f, c1, 33, d3, 07]...
⚠️ AccTrie Delete: keyword='business' not found in storage
🗑️ AccTrie Delete: keyword='business', fid='busi_00000232' (removing entire key)
⚠️ AccTrie Delete: delete entire key failed: Key not found
🗑️ AccTrie Delete: post-delete root_hash=[d7, 69, c0, 7f, c1, 33, d3, 07]...
🗑️ AccTrie Delete: keyword='analytics', fid='busi_00000232' (removing entire key)
🗑️ AccTrie Delete: post-delete root_hash=[e6, 76, ee, ec, 7e, 3b, 9c, 77]...
🔧 AccTrie Add: keyword='recipe', fid='life_00000234' (success)
🔧 AccTrie Add: proof size=570 bytes, root_hash=[92, f9, 48, ac, 35, 72, 65, 50]...
🗑️ AccTrie Delete: keyword='trend', fid='life_00000234' (removing entire key)
🗑️ AccTrie Delete: post-delete root_hash=[15, b8, 0d, 98, a4, 38, 25, a0]...
🗑️ AccTrie Delete: keyword='recipe', fid='life_00000234' (removing entire key)
🗑️ AccTrie Delete: post-delete root_hash=[e6, 76, ee, ec, 7e, 3b, 9c, 77]...
🔍 AccTrie Query: keyword='health', found 1 fids
🔍 AccTrie Query: returning proof (361 bytes)
🗑️ AccTrie Delete: keyword='health', fid='heal_00000235' (removing entire key)
🗑️ AccTrie Delete: post-delete root_hash=[e6, 76, ee, ec, 7e, 3b, 9c, 77]...
⚠️ AccTrie Delete: keyword='health' not found in storage
🗑️ AccTrie Delete: keyword='health', fid='heal_00000235' (removing entire key)
⚠️ AccTrie Delete: delete entire key failed: Key not found
🗑️ AccTrie Delete: post-delete root_hash=[e6, 76, ee, ec, 7e, 3b, 9c, 77]...
🔍 AccTrie Query: keyword='sports', found 1 fids
🔍 AccTrie Query: returning proof (361 bytes)
🗑️ AccTrie Delete: keyword='sports', fid='spor_00000236' (removing entire key)
🗑️ AccTrie Delete: post-delete root_hash=[e6, 76, ee, ec, 7e, 3b, 9c, 77]...
⚠️ AccTrie Delete: keyword='sports' not found in storage
🗑️ AccTrie Delete: keyword='sports', fid='spor_00000236' (removing entire key)
⚠️ AccTrie Delete: delete entire key failed: Key not found
🗑️ AccTrie Delete: post-delete root_hash=[e6, 76, ee, ec, 7e, 3b, 9c, 77]...
🔍 AccTrie Query: keyword='business', found 1 fids
🔍 AccTrie Query: returning proof (363 bytes)
🗑️ AccTrie Delete: keyword='business', fid='busi_00000237' (removing entire key)
🗑️ AccTrie Delete: post-delete root_hash=[e6, 76, ee, ec, 7e, 3b, 9c, 77]...
⚠️ AccTrie Delete: keyword='business' not found in storage
🗑️ AccTrie Delete: keyword='business', fid='busi_00000237' (removing entire key)
⚠️ AccTrie Delete: delete entire key failed: Key not found
🗑️ AccTrie Delete: post-delete root_hash=[e6, 76, ee, ec, 7e, 3b, 9c, 77]...
🗑️ AccTrie Delete: keyword='course', fid='educ_00000238' (removing entire key)
🗑️ AccTrie Delete: post-delete root_hash=[e6, 76, ee, ec, 7e, 3b, 9c, 77]...
🗑️ AccTrie Delete: keyword='report', fid='news_00000239' (removing entire key)
🗑️ AccTrie Delete: post-delete root_hash=[13, c1, c9, a4, eb, ba, 13, b7]...
🗑️ AccTrie Delete: keyword='crisis', fid='news_00000239' (removing entire key)
🗑️ AccTrie Delete: post-delete root_hash=[b1, 2f, 43, 5e, 79, 23, 12, 14]...
🗑️ AccTrie Delete: keyword='politics', fid='news_00000239' (removing entire key)
🗑️ AccTrie Delete: post-delete root_hash=[e6, 76, ee, ec, 7e, 3b, 9c, 77]...
🔧 AccTrie Add: keyword='family', fid='life_00000240' (success)
🔧 AccTrie Add: proof size=570 bytes, root_hash=[46, a2, 83, 7c, 69, df, 6c, 39]...
🗑️ AccTrie Delete: keyword='family', fid='life_00000240' (removing entire key)
🗑️ AccTrie Delete: post-delete root_hash=[7f, 5c, 94, 2c, 7c, b1, 54, c0]...
🗑️ AccTrie Delete: keyword='recipe', fid='life_00000240' (removing entire key)
🗑️ AccTrie Delete: post-delete root_hash=[e6, 76, ee, ec, 7e, 3b, 9c, 77]...
🗑️ AccTrie Delete: keyword='beauty', fid='life_00000241' (removing entire key)
🗑️ AccTrie Delete: post-delete root_hash=[e6, 76, ee, ec, 7e, 3b, 9c, 77]...
🔍 AccTrie Query: keyword='technology', found 1 fids
🔍 AccTrie Query: returning proof (465 bytes)
🗑️ AccTrie Delete: keyword='technology', fid='tech_00000242' (removing entire key)
🗑️ AccTrie Delete: post-delete root_hash=[be, 81, 25, ce, 73, 98, 45, 97]...
🗑️ AccTrie Delete: keyword='software', fid='tech_00000242' (removing entire key)
🗑️ AccTrie Delete: post-delete root_hash=[e6, 76, ee, ec, 7e, 3b, 9c, 77]...
⚠️ AccTrie Delete: keyword='technology' not found in storage
🗑️ AccTrie Delete: keyword='technology', fid='tech_00000242' (removing entire key)
⚠️ AccTrie Delete: delete entire key failed: Key not found
🗑️ AccTrie Delete: post-delete root_hash=[e6, 76, ee, ec, 7e, 3b, 9c, 77]...
🔧 AccTrie Add: keyword='course', fid='educ_00000243' (success)
🔧 AccTrie Add: proof size=470 bytes, root_hash=[4a, 98, d9, 58, 05, fc, 2a, 9f]...
🗑️ AccTrie Delete: keyword='course', fid='educ_00000243' (removing entire key)
🗑️ AccTrie Delete: post-delete root_hash=[e6, 76, ee, ec, 7e, 3b, 9c, 77]...
🗑️ AccTrie Delete: keyword='lecture', fid='educ_00000244' (removing entire key)
🗑️ AccTrie Delete: post-delete root_hash=[e6, 76, ee, ec, 7e, 3b, 9c, 77]...
🔍 AccTrie Query: keyword='sports', found 1 fids
🔍 AccTrie Query: returning proof (461 bytes)
🗑️ AccTrie Delete: keyword='sports', fid='spor_00000245' (removing entire key)
🗑️ AccTrie Delete: post-delete root_hash=[59, f7, f6, 1f, 68, d8, f9, 15]...
🔧 AccTrie Add: keyword='match', fid='spor_00000245' (success)
🔧 AccTrie Add: proof size=469 bytes, root_hash=[59, f7, f6, 1f, 68, d8, f9, 15]...
🗑️ AccTrie Delete: keyword='match', fid='spor_00000245' (removing entire key)
🗑️ AccTrie Delete: post-delete root_hash=[e6, 76, ee, ec, 7e, 3b, 9c, 77]...
⚠️ AccTrie Delete: keyword='sports' not found in storage
🗑️ AccTrie Delete: keyword='sports', fid='spor_00000245' (removing entire key)
⚠️ AccTrie Delete: delete entire key failed: Key not found
🗑️ AccTrie Delete: post-delete root_hash=[e6, 76, ee, ec, 7e, 3b, 9c, 77]...
🔍 AccTrie Query: keyword='sports', found 1 fids
🔍 AccTrie Query: returning proof (461 bytes)
🗑️ AccTrie Delete: keyword='sports', fid='spor_00000247' (removing entire key)
🗑️ AccTrie Delete: post-delete root_hash=[05, cd, 8a, 71, b8, 8f, 87, aa]...
🗑️ AccTrie Delete: keyword='coach', fid='spor_00000247' (removing entire key)
🗑️ AccTrie Delete: post-delete root_hash=[e6, 76, ee, ec, 7e, 3b, 9c, 77]...
⚠️ AccTrie Delete: keyword='sports' not found in storage
🗑️ AccTrie Delete: keyword='sports', fid='spor_00000247' (removing entire key)
⚠️ AccTrie Delete: delete entire key failed: Key not found
🗑️ AccTrie Delete: post-delete root_hash=[e6, 76, ee, ec, 7e, 3b, 9c, 77]...
🔍 AccTrie Query: keyword='business', found 1 fids
🔍 AccTrie Query: returning proof (363 bytes)
🗑️ AccTrie Delete: keyword='business', fid='busi_00000248' (removing entire key)
🗑️ AccTrie Delete: post-delete root_hash=[e6, 76, ee, ec, 7e, 3b, 9c, 77]...
⚠️ AccTrie Delete: keyword='business' not found in storage
🗑️ AccTrie Delete: keyword='business', fid='busi_00000248' (removing entire key)
⚠️ AccTrie Delete: delete entire key failed: Key not found
🗑️ AccTrie Delete: post-delete root_hash=[e6, 76, ee, ec, 7e, 3b, 9c, 77]...
🗑️ AccTrie Delete: keyword='course', fid='educ_00000249' (removing entire key)
🗑️ AccTrie Delete: post-delete root_hash=[e6, 76, ee, ec, 7e, 3b, 9c, 77]...
🔧 AccTrie Add: keyword='experiment', fid='scie_00000250' (success)
🔧 AccTrie Add: proof size=474 bytes, root_hash=[ca, 81, db, 3d, 62, 89, 72, 6b]...
🗑️ AccTrie Delete: keyword='experiment', fid='scie_00000250' (removing entire key)
🗑️ AccTrie Delete: post-delete root_hash=[e6, 76, ee, ec, 7e, 3b, 9c, 77]...
🔧 AccTrie Add: keyword='lecture', fid='educ_00000252' (success)
🔧 AccTrie Add: proof size=471 bytes, root_hash=[d1, 8d, 90, 26, 1d, 47, 37, b4]...
🗑️ AccTrie Delete: keyword='lecture', fid='educ_00000252' (removing entire key)
🗑️ AccTrie Delete: post-delete root_hash=[e6, 76, ee, ec, 7e, 3b, 9c, 77]...
🔧 AccTrie Add: keyword='trend', fid='life_00000253' (success)
🔧 AccTrie Add: proof size=469 bytes, root_hash=[7c, 6a, f0, 0b, 47, 0e, 00, 9d]...
🗑️ AccTrie Delete: keyword='trend', fid='life_00000253' (removing entire key)
🗑️ AccTrie Delete: post-delete root_hash=[e6, 76, ee, ec, 7e, 3b, 9c, 77]...
🔍 AccTrie Query: keyword='environment', found 1 fids
🔍 AccTrie Query: returning proof (466 bytes)
🗑️ AccTrie Delete: keyword='environment', fid='envi_00000254' (removing entire key)
🗑️ AccTrie Delete: post-delete root_hash=[56, 96, b0, 3c, 54, 28, 0d, 45]...
🔧 AccTrie Add: keyword='wildlife', fid='envi_00000254' (success)
🔧 AccTrie Add: proof size=472 bytes, root_hash=[56, 96, b0, 3c, 54, 28, 0d, 45]...
🗑️ AccTrie Delete: keyword='wildlife', fid='envi_00000254' (removing entire key)
🗑️ AccTrie Delete: post-delete root_hash=[e6, 76, ee, ec, 7e, 3b, 9c, 77]...
⚠️ AccTrie Delete: keyword='environment' not found in storage
🗑️ AccTrie Delete: keyword='environment', fid='envi_00000254' (removing entire key)
⚠️ AccTrie Delete: delete entire key failed: Key not found
🗑️ AccTrie Delete: post-delete root_hash=[e6, 76, ee, ec, 7e, 3b, 9c, 77]...
🔧 AccTrie Add: keyword='physics', fid='scie_00000256' (success)
🔧 AccTrie Add: proof size=671 bytes, root_hash=[12, 44, 96, 85, cd, 7e, 6f, 88]...
🗑️ AccTrie Delete: keyword='genetics', fid='scie_00000256' (removing entire key)
🗑️ AccTrie Delete: post-delete root_hash=[00, 95, 6d, db, a5, d1, 63, 87]...
🗑️ AccTrie Delete: keyword='physics', fid='scie_00000256' (removing entire key)
🗑️ AccTrie Delete: post-delete root_hash=[a6, 37, c8, 65, f8, 9c, 33, ff]...
🗑️ AccTrie Delete: keyword='experiment', fid='scie_00000256' (removing entire key)
🗑️ AccTrie Delete: post-delete root_hash=[e6, 76, ee, ec, 7e, 3b, 9c, 77]...
🔍 AccTrie Query: keyword='technology', found 1 fids
🔍 AccTrie Query: returning proof (365 bytes)
🗑️ AccTrie Delete: keyword='technology', fid='tech_00000257' (removing entire key)
🗑️ AccTrie Delete: post-delete root_hash=[e6, 76, ee, ec, 7e, 3b, 9c, 77]...
⚠️ AccTrie Delete: keyword='technology' not found in storage
🗑️ AccTrie Delete: keyword='technology', fid='tech_00000257' (removing entire key)
⚠️ AccTrie Delete: delete entire key failed: Key not found
🗑️ AccTrie Delete: post-delete root_hash=[e6, 76, ee, ec, 7e, 3b, 9c, 77]...
🗑️ AccTrie Delete: keyword='update', fid='news_00000258' (removing entire key)
🗑️ AccTrie Delete: post-delete root_hash=[e6, 76, ee, ec, 7e, 3b, 9c, 77]...
🔧 AccTrie Add: keyword='theory', fid='scie_00000259' (success)
🔧 AccTrie Add: proof size=470 bytes, root_hash=[02, 76, bb, 36, 41, 16, bb, 54]...
🗑️ AccTrie Delete: keyword='theory', fid='scie_00000259' (removing entire key)
🗑️ AccTrie Delete: post-delete root_hash=[e6, 76, ee, ec, 7e, 3b, 9c, 77]...
🔍 AccTrie Query: keyword='technology', found 1 fids
🔍 AccTrie Query: returning proof (565 bytes)
🗑️ AccTrie Delete: keyword='technology', fid='tech_00000260' (removing entire key)
🗑️ AccTrie Delete: post-delete root_hash=[35, d3, 6b, 23, d8, ce, cd, 27]...
🔧 AccTrie Add: keyword='software', fid='tech_00000260' (success)
🔧 AccTrie Add: proof size=572 bytes, root_hash=[35, d3, 6b, 23, d8, ce, cd, 27]...
⚠️ AccTrie Delete: keyword='technology' not found in storage
🗑️ AccTrie Delete: keyword='technology', fid='tech_00000260' (removing entire key)
⚠️ AccTrie Delete: delete entire key failed: Key not found
🗑️ AccTrie Delete: post-delete root_hash=[35, d3, 6b, 23, d8, ce, cd, 27]...
🗑️ AccTrie Delete: keyword='software', fid='tech_00000260' (removing entire key)
🗑️ AccTrie Delete: post-delete root_hash=[ee, 06, 8c, 85, a0, 48, b6, bf]...
🗑️ AccTrie Delete: keyword='iot', fid='tech_00000260' (removing entire key)
🗑️ AccTrie Delete: post-delete root_hash=[e6, 76, ee, ec, 7e, 3b, 9c, 77]...
🔧 AccTrie Add: keyword='politics', fid='news_00000261' (success)
🔧 AccTrie Add: proof size=572 bytes, root_hash=[83, f5, 6d, a5, 94, c5, 71, 2b]...
🗑️ AccTrie Delete: keyword='politics', fid='news_00000261' (removing entire key)
🗑️ AccTrie Delete: post-delete root_hash=[9c, 00, 67, 91, af, 06, 66, 24]...
🗑️ AccTrie Delete: keyword='government', fid='news_00000261' (removing entire key)
🗑️ AccTrie Delete: post-delete root_hash=[e6, 76, ee, ec, 7e, 3b, 9c, 77]...
🔍 AccTrie Query: keyword='technology', found 1 fids
🔍 AccTrie Query: returning proof (365 bytes)
🗑️ AccTrie Delete: keyword='technology', fid='tech_00000263' (removing entire key)
🗑️ AccTrie Delete: post-delete root_hash=[e6, 76, ee, ec, 7e, 3b, 9c, 77]...
⚠️ AccTrie Delete: keyword='technology' not found in storage
🗑️ AccTrie Delete: keyword='technology', fid='tech_00000263' (removing entire key)
⚠️ AccTrie Delete: delete entire key failed: Key not found
🗑️ AccTrie Delete: post-delete root_hash=[e6, 76, ee, ec, 7e, 3b, 9c, 77]...
🔍 AccTrie Query: keyword='business', found 1 fids
🔍 AccTrie Query: returning proof (363 bytes)
🗑️ AccTrie Delete: keyword='business', fid='busi_00000264' (removing entire key)
🗑️ AccTrie Delete: post-delete root_hash=[e6, 76, ee, ec, 7e, 3b, 9c, 77]...
⚠️ AccTrie Delete: keyword='business' not found in storage
🗑️ AccTrie Delete: keyword='business', fid='busi_00000264' (removing entire key)
⚠️ AccTrie Delete: delete entire key failed: Key not found
🗑️ AccTrie Delete: post-delete root_hash=[e6, 76, ee, ec, 7e, 3b, 9c, 77]...
🗑️ AccTrie Delete: keyword='research', fid='scie_00000266' (removing entire key)
🗑️ AccTrie Delete: post-delete root_hash=[31, 19, ad, 85, 91, 60, 67, b1]...
🗑️ AccTrie Delete: keyword='chemistry', fid='scie_00000266' (removing entire key)
🗑️ AccTrie Delete: post-delete root_hash=[e6, 76, ee, ec, 7e, 3b, 9c, 77]...
🗑️ AccTrie Delete: keyword='course', fid='educ_00000267' (removing entire key)
🗑️ AccTrie Delete: post-delete root_hash=[e6, 76, ee, ec, 7e, 3b, 9c, 77]...
🔧 AccTrie Add: keyword='recipe', fid='life_00000268' (success)
🔧 AccTrie Add: proof size=570 bytes, root_hash=[b9, 78, 91, 6e, 08, 46, a6, 1b]...
🗑️ AccTrie Delete: keyword='recipe', fid='life_00000268' (removing entire key)
🗑️ AccTrie Delete: post-delete root_hash=[fa, 9d, 73, 69, ff, d7, 85, 2c]...
🗑️ AccTrie Delete: keyword='decoration', fid='life_00000268' (removing entire key)
🗑️ AccTrie Delete: post-delete root_hash=[e6, 76, ee, ec, 7e, 3b, 9c, 77]...
🔧 AccTrie Add: keyword='university', fid='educ_00000269' (success)
🔧 AccTrie Add: proof size=674 bytes, root_hash=[03, d1, 87, 95, 83, 4f, 61, ec]...
🗑️ AccTrie Delete: keyword='university', fid='educ_00000269' (removing entire key)
🗑️ AccTrie Delete: post-delete root_hash=[06, 4d, 9e, 8c, 6a, d8, 7a, d9]...
🗑️ AccTrie Delete: keyword='scholarship', fid='educ_00000269' (removing entire key)
🗑️ AccTrie Delete: post-delete root_hash=[61, b3, 0f, da, c7, fb, 3f, 67]...
🗑️ AccTrie Delete: keyword='lecture', fid='educ_00000269' (removing entire key)
🗑️ AccTrie Delete: post-delete root_hash=[e6, 76, ee, ec, 7e, 3b, 9c, 77]...
🔍 AccTrie Query: keyword='technology', found 1 fids
🔍 AccTrie Query: returning proof (365 bytes)
🗑️ AccTrie Delete: keyword='technology', fid='tech_00000270' (removing entire key)
🗑️ AccTrie Delete: post-delete root_hash=[e6, 76, ee, ec, 7e, 3b, 9c, 77]...
⚠️ AccTrie Delete: keyword='technology' not found in storage
🗑️ AccTrie Delete: keyword='technology', fid='tech_00000270' (removing entire key)
⚠️ AccTrie Delete: delete entire key failed: Key not found
🗑️ AccTrie Delete: post-delete root_hash=[e6, 76, ee, ec, 7e, 3b, 9c, 77]...
🔧 AccTrie Add: keyword='comedy', fid='ente_00000272' (success)
🔧 AccTrie Add: proof size=570 bytes, root_hash=[1b, 67, 4a, 3e, bd, 0d, cf, e1]...
🗑️ AccTrie Delete: keyword='performance', fid='ente_00000272' (removing entire key)
🗑️ AccTrie Delete: post-delete root_hash=[ee, 34, e1, d0, f4, 8a, d5, 36]...
🗑️ AccTrie Delete: keyword='comedy', fid='ente_00000272' (removing entire key)
🗑️ AccTrie Delete: post-delete root_hash=[e6, 76, ee, ec, 7e, 3b, 9c, 77]...
🔍 AccTrie Query: keyword='business', found 1 fids
🔍 AccTrie Query: returning proof (363 bytes)
🗑️ AccTrie Delete: keyword='business', fid='busi_00000273' (removing entire key)
🗑️ AccTrie Delete: post-delete root_hash=[e6, 76, ee, ec, 7e, 3b, 9c, 77]...
⚠️ AccTrie Delete: keyword='business' not found in storage
🗑️ AccTrie Delete: keyword='business', fid='busi_00000273' (removing entire key)
⚠️ AccTrie Delete: delete entire key failed: Key not found
🗑️ AccTrie Delete: post-delete root_hash=[e6, 76, ee, ec, 7e, 3b, 9c, 77]...
🔍 AccTrie Query: keyword='technology', found 1 fids
🔍 AccTrie Query: returning proof (365 bytes)
🗑️ AccTrie Delete: keyword='technology', fid='tech_00000274' (removing entire key)
🗑️ AccTrie Delete: post-delete root_hash=[e6, 76, ee, ec, 7e, 3b, 9c, 77]...
⚠️ AccTrie Delete: keyword='technology' not found in storage
🗑️ AccTrie Delete: keyword='technology', fid='tech_00000274' (removing entire key)
⚠️ AccTrie Delete: delete entire key failed: Key not found
🗑️ AccTrie Delete: post-delete root_hash=[e6, 76, ee, ec, 7e, 3b, 9c, 77]...
🔧 AccTrie Add: keyword='genetics', fid='scie_00000275' (success)
🔧 AccTrie Add: proof size=472 bytes, root_hash=[ef, 31, 68, 73, c2, aa, a6, ff]...
🗑️ AccTrie Delete: keyword='genetics', fid='scie_00000275' (removing entire key)
🗑️ AccTrie Delete: post-delete root_hash=[e6, 76, ee, ec, 7e, 3b, 9c, 77]...
🔧 AccTrie Add: keyword='chemistry', fid='scie_00000276' (success)
🔧 AccTrie Add: proof size=673 bytes, root_hash=[9a, 1f, d3, 55, 33, 49, 40, 57]...
🗑️ AccTrie Delete: keyword='theory', fid='scie_00000276' (removing entire key)
🗑️ AccTrie Delete: post-delete root_hash=[3e, 62, 2d, ae, 8e, 90, 8d, 65]...
🗑️ AccTrie Delete: keyword='chemistry', fid='scie_00000276' (removing entire key)
🗑️ AccTrie Delete: post-delete root_hash=[40, bc, 89, 59, ae, e0, ad, 18]...
🗑️ AccTrie Delete: keyword='research', fid='scie_00000276' (removing entire key)
🗑️ AccTrie Delete: post-delete root_hash=[e6, 76, ee, ec, 7e, 3b, 9c, 77]...
🔍 AccTrie Query: keyword='health', found 1 fids
🔍 AccTrie Query: returning proof (361 bytes)
🗑️ AccTrie Delete: keyword='health', fid='heal_00000277' (removing entire key)
🗑️ AccTrie Delete: post-delete root_hash=[e6, 76, ee, ec, 7e, 3b, 9c, 77]...
⚠️ AccTrie Delete: keyword='health' not found in storage
🗑️ AccTrie Delete: keyword='health', fid='heal_00000277' (removing entire key)
⚠️ AccTrie Delete: delete entire key failed: Key not found
🗑️ AccTrie Delete: post-delete root_hash=[e6, 76, ee, ec, 7e, 3b, 9c, 77]...
🗑️ AccTrie Delete: keyword='politics', fid='news_00000278' (removing entire key)
🗑️ AccTrie Delete: post-delete root_hash=[e6, 76, ee, ec, 7e, 3b, 9c, 77]...
🔍 AccTrie Query: keyword='technology', found 1 fids
🔍 AccTrie Query: returning proof (465 bytes)
🗑️ AccTrie Delete: keyword='technology', fid='tech_00000279' (removing entire key)
🗑️ AccTrie Delete: post-delete root_hash=[28, 9f, 3a, 3a, 87, db, 7b, 2d]...
⚠️ AccTrie Delete: keyword='technology' not found in storage
🗑️ AccTrie Delete: keyword='technology', fid='tech_00000279' (removing entire key)
⚠️ AccTrie Delete: delete entire key failed: Key not found
🗑️ AccTrie Delete: post-delete root_hash=[28, 9f, 3a, 3a, 87, db, 7b, 2d]...
🗑️ AccTrie Delete: keyword='network', fid='tech_00000279' (removing entire key)
🗑️ AccTrie Delete: post-delete root_hash=[e6, 76, ee, ec, 7e, 3b, 9c, 77]...
🔧 AccTrie Add: keyword='crisis', fid='news_00000280' (success)
🔧 AccTrie Add: proof size=470 bytes, root_hash=[df, 38, 06, d7, e5, c4, a4, 73]...
🗑️ AccTrie Delete: keyword='crisis', fid='news_00000280' (removing entire key)
🗑️ AccTrie Delete: post-delete root_hash=[e6, 76, ee, ec, 7e, 3b, 9c, 77]...
🗑️ AccTrie Delete: keyword='physics', fid='scie_00000281' (removing entire key)
🗑️ AccTrie Delete: post-delete root_hash=[86, 5f, 9e, 07, a8, 22, f5, 68]...
🗑️ AccTrie Delete: keyword='experiment', fid='scie_00000281' (removing entire key)
🗑️ AccTrie Delete: post-delete root_hash=[cc, ae, a6, 60, 83, c8, 3a, 1b]...
🗑️ AccTrie Delete: keyword='genetics', fid='scie_00000281' (removing entire key)
🗑️ AccTrie Delete: post-delete root_hash=[e6, 76, ee, ec, 7e, 3b, 9c, 77]...
🗑️ AccTrie Delete: keyword='food', fid='life_00000282' (removing entire key)
🗑️ AccTrie Delete: post-delete root_hash=[e6, 76, ee, ec, 7e, 3b, 9c, 77]...
🔍 AccTrie Query: keyword='business', found 1 fids
🔍 AccTrie Query: returning proof (363 bytes)
🗑️ AccTrie Delete: keyword='business', fid='busi_00000283' (removing entire key)
🗑️ AccTrie Delete: post-delete root_hash=[e6, 76, ee, ec, 7e, 3b, 9c, 77]...
⚠️ AccTrie Delete: keyword='business' not found in storage
🗑️ AccTrie Delete: keyword='business', fid='busi_00000283' (removing entire key)
⚠️ AccTrie Delete: delete entire key failed: Key not found
🗑️ AccTrie Delete: post-delete root_hash=[e6, 76, ee, ec, 7e, 3b, 9c, 77]...
🔍 AccTrie Query: keyword='environment', found 1 fids
🔍 AccTrie Query: returning proof (466 bytes)
🗑️ AccTrie Delete: keyword='environment', fid='envi_00000284' (removing entire key)
🗑️ AccTrie Delete: post-delete root_hash=[e5, 32, 7f, b4, 9b, 38, 49, bd]...
🔧 AccTrie Add: keyword='sustainability', fid='envi_00000284' (success)
🔧 AccTrie Add: proof size=478 bytes, root_hash=[e5, 32, 7f, b4, 9b, 38, 49, bd]...
⚠️ AccTrie Delete: keyword='environment' not found in storage
🗑️ AccTrie Delete: keyword='environment', fid='envi_00000284' (removing entire key)
⚠️ AccTrie Delete: delete entire key failed: Key not found
🗑️ AccTrie Delete: post-delete root_hash=[e5, 32, 7f, b4, 9b, 38, 49, bd]...
🗑️ AccTrie Delete: keyword='sustainability', fid='envi_00000284' (removing entire key)
🗑️ AccTrie Delete: post-delete root_hash=[e6, 76, ee, ec, 7e, 3b, 9c, 77]...
🔍 AccTrie Query: keyword='sports', found 1 fids
🔍 AccTrie Query: returning proof (361 bytes)
🗑️ AccTrie Delete: keyword='sports', fid='spor_00000285' (removing entire key)
🗑️ AccTrie Delete: post-delete root_hash=[e6, 76, ee, ec, 7e, 3b, 9c, 77]...
⚠️ AccTrie Delete: keyword='sports' not found in storage
🗑️ AccTrie Delete: keyword='sports', fid='spor_00000285' (removing entire key)
⚠️ AccTrie Delete: delete entire key failed: Key not found
🗑️ AccTrie Delete: post-delete root_hash=[e6, 76, ee, ec, 7e, 3b, 9c, 77]...
🔍 AccTrie Query: keyword='technology', found 1 fids
🔍 AccTrie Query: returning proof (365 bytes)
🗑️ AccTrie Delete: keyword='technology', fid='tech_00000286' (removing entire key)
🗑️ AccTrie Delete: post-delete root_hash=[e6, 76, ee, ec, 7e, 3b, 9c, 77]...
⚠️ AccTrie Delete: keyword='technology' not found in storage
🗑️ AccTrie Delete: keyword='technology', fid='tech_00000286' (removing entire key)
⚠️ AccTrie Delete: delete entire key failed: Key not found
🗑️ AccTrie Delete: post-delete root_hash=[e6, 76, ee, ec, 7e, 3b, 9c, 77]...
🗑️ AccTrie Delete: keyword='chemistry', fid='scie_00000287' (removing entire key)
🗑️ AccTrie Delete: post-delete root_hash=[91, 0b, 37, 27, 33, 2d, 07, 25]...
🗑️ AccTrie Delete: keyword='research', fid='scie_00000287' (removing entire key)
🗑️ AccTrie Delete: post-delete root_hash=[e6, 76, ee, ec, 7e, 3b, 9c, 77]...
🔍 AccTrie Query: keyword='technology', found 1 fids
🔍 AccTrie Query: returning proof (365 bytes)
🗑️ AccTrie Delete: keyword='technology', fid='tech_00000288' (removing entire key)
🗑️ AccTrie Delete: post-delete root_hash=[e6, 76, ee, ec, 7e, 3b, 9c, 77]...
⚠️ AccTrie Delete: keyword='technology' not found in storage
🗑️ AccTrie Delete: keyword='technology', fid='tech_00000288' (removing entire key)
⚠️ AccTrie Delete: delete entire key failed: Key not found
🗑️ AccTrie Delete: post-delete root_hash=[e6, 76, ee, ec, 7e, 3b, 9c, 77]...
🔍 AccTrie Query: keyword='technology', found 1 fids
🔍 AccTrie Query: returning proof (365 bytes)
🗑️ AccTrie Delete: keyword='technology', fid='tech_00000290' (removing entire key)
🗑️ AccTrie Delete: post-delete root_hash=[e6, 76, ee, ec, 7e, 3b, 9c, 77]...
⚠️ AccTrie Delete: keyword='technology' not found in storage
🗑️ AccTrie Delete: keyword='technology', fid='tech_00000290' (removing entire key)
⚠️ AccTrie Delete: delete entire key failed: Key not found
🗑️ AccTrie Delete: post-delete root_hash=[e6, 76, ee, ec, 7e, 3b, 9c, 77]...
🔍 AccTrie Query: keyword='sports', found 1 fids
🔍 AccTrie Query: returning proof (361 bytes)
🗑️ AccTrie Delete: keyword='sports', fid='spor_00000291' (removing entire key)
🗑️ AccTrie Delete: post-delete root_hash=[e6, 76, ee, ec, 7e, 3b, 9c, 77]...
⚠️ AccTrie Delete: keyword='sports' not found in storage
🗑️ AccTrie Delete: keyword='sports', fid='spor_00000291' (removing entire key)
⚠️ AccTrie Delete: delete entire key failed: Key not found
🗑️ AccTrie Delete: post-delete root_hash=[e6, 76, ee, ec, 7e, 3b, 9c, 77]...
🔍 AccTrie Query: keyword='technology', found 1 fids
🔍 AccTrie Query: returning proof (365 bytes)
🗑️ AccTrie Delete: keyword='technology', fid='tech_00000293' (removing entire key)
🗑️ AccTrie Delete: post-delete root_hash=[e6, 76, ee, ec, 7e, 3b, 9c, 77]...
⚠️ AccTrie Delete: keyword='technology' not found in storage
🗑️ AccTrie Delete: keyword='technology', fid='tech_00000293' (removing entire key)
⚠️ AccTrie Delete: delete entire key failed: Key not found
🗑️ AccTrie Delete: post-delete root_hash=[e6, 76, ee, ec, 7e, 3b, 9c, 77]...
🔍 AccTrie Query: keyword='business', found 1 fids
🔍 AccTrie Query: returning proof (363 bytes)
🗑️ AccTrie Delete: keyword='business', fid='busi_00000294' (removing entire key)
🗑️ AccTrie Delete: post-delete root_hash=[e6, 76, ee, ec, 7e, 3b, 9c, 77]...
⚠️ AccTrie Delete: keyword='business' not found in storage
🗑️ AccTrie Delete: keyword='business', fid='busi_00000294' (removing entire key)
⚠️ AccTrie Delete: delete entire key failed: Key not found
🗑️ AccTrie Delete: post-delete root_hash=[e6, 76, ee, ec, 7e, 3b, 9c, 77]...
🔧 AccTrie Add: keyword='lecture', fid='educ_00000295' (success)
🔧 AccTrie Add: proof size=471 bytes, root_hash=[ad, d2, 1a, 58, 95, bc, da, 16]...
🗑️ AccTrie Delete: keyword='lecture', fid='educ_00000295' (removing entire key)
🗑️ AccTrie Delete: post-delete root_hash=[e6, 76, ee, ec, 7e, 3b, 9c, 77]...
🔍 AccTrie Query: keyword='sports', found 1 fids
🔍 AccTrie Query: returning proof (361 bytes)
🗑️ AccTrie Delete: keyword='sports', fid='spor_00000296' (removing entire key)
🗑️ AccTrie Delete: post-delete root_hash=[e6, 76, ee, ec, 7e, 3b, 9c, 77]...
⚠️ AccTrie Delete: keyword='sports' not found in storage
🗑️ AccTrie Delete: keyword='sports', fid='spor_00000296' (removing entire key)
⚠️ AccTrie Delete: delete entire key failed: Key not found
🗑️ AccTrie Delete: post-delete root_hash=[e6, 76, ee, ec, 7e, 3b, 9c, 77]...
🗑️ AccTrie Delete: keyword='research', fid='scie_00000297' (removing entire key)
🗑️ AccTrie Delete: post-delete root_hash=[e6, 76, ee, ec, 7e, 3b, 9c, 77]...
🔍 AccTrie Query: keyword='business', found 1 fids
🔍 AccTrie Query: returning proof (463 bytes)
🗑️ AccTrie Delete: keyword='business', fid='busi_00000298' (removing entire key)
🗑️ AccTrie Delete: post-delete root_hash=[b7, a8, 7f, 03, f4, 10, 5f, dd]...
⚠️ AccTrie Delete: keyword='business' not found in storage
🗑️ AccTrie Delete: keyword='business', fid='busi_00000298' (removing entire key)
⚠️ AccTrie Delete: delete entire key failed: Key not found
🗑️ AccTrie Delete: post-delete root_hash=[b7, a8, 7f, 03, f4, 10, 5f, dd]...
🗑️ AccTrie Delete: keyword='startup', fid='busi_00000298' (removing entire key)
🗑️ AccTrie Delete: post-delete root_hash=[e6, 76, ee, ec, 7e, 3b, 9c, 77]...
🗑️ AccTrie Delete: keyword='performance', fid='ente_00000299' (removing entire key)
🗑️ AccTrie Delete: post-delete root_hash=[e6, 76, ee, ec, 7e, 3b, 9c, 77]...
🔍 AccTrie Query: keyword='health', found 1 fids
🔍 AccTrie Query: returning proof (361 bytes)
🗑️ AccTrie Delete: keyword='health', fid='heal_00000301' (removing entire key)
🗑️ AccTrie Delete: post-delete root_hash=[e6, 76, ee, ec, 7e, 3b, 9c, 77]...
⚠️ AccTrie Delete: keyword='health' not found in storage
🗑️ AccTrie Delete: keyword='health', fid='heal_00000301' (removing entire key)
⚠️ AccTrie Delete: delete entire key failed: Key not found
🗑️ AccTrie Delete: post-delete root_hash=[e6, 76, ee, ec, 7e, 3b, 9c, 77]...
🔧 AccTrie Add: keyword='policy', fid='news_00000302' (success)
🔧 AccTrie Add: proof size=470 bytes, root_hash=[be, dd, ce, b7, cf, 34, 61, a9]...
🗑️ AccTrie Delete: keyword='policy', fid='news_00000302' (removing entire key)
🗑️ AccTrie Delete: post-delete root_hash=[e6, 76, ee, ec, 7e, 3b, 9c, 77]...
🔍 AccTrie Query: keyword='sports', found 1 fids
🔍 AccTrie Query: returning proof (361 bytes)
🗑️ AccTrie Delete: keyword='sports', fid='spor_00000303' (removing entire key)
🗑️ AccTrie Delete: post-delete root_hash=[e6, 76, ee, ec, 7e, 3b, 9c, 77]...
⚠️ AccTrie Delete: keyword='sports' not found in storage
🗑️ AccTrie Delete: keyword='sports', fid='spor_00000303' (removing entire key)
⚠️ AccTrie Delete: delete entire key failed: Key not found
🗑️ AccTrie Delete: post-delete root_hash=[e6, 76, ee, ec, 7e, 3b, 9c, 77]...
🔧 AccTrie Add: keyword='report', fid='news_00000305' (success)
🔧 AccTrie Add: proof size=470 bytes, root_hash=[c5, 7e, df, 1b, fb, c0, 28, 07]...
🗑️ AccTrie Delete: keyword='report', fid='news_00000305' (removing entire key)
🗑️ AccTrie Delete: post-delete root_hash=[e6, 76, ee, ec, 7e, 3b, 9c, 77]...
🗑️ AccTrie Delete: keyword='genetics', fid='scie_00000306' (removing entire key)
🗑️ AccTrie Delete: post-delete root_hash=[e6, 76, ee, ec, 7e, 3b, 9c, 77]...
🔍 AccTrie Query: keyword='technology', found 1 fids
🔍 AccTrie Query: returning proof (465 bytes)
🗑️ AccTrie Delete: keyword='technology', fid='tech_00000309' (removing entire key)
🗑️ AccTrie Delete: post-delete root_hash=[5e, 44, 4d, be, ab, 39, 4f, 96]...
🔧 AccTrie Add: keyword='iot', fid='tech_00000309' (success)
🔧 AccTrie Add: proof size=467 bytes, root_hash=[5e, 44, 4d, be, ab, 39, 4f, 96]...
⚠️ AccTrie Delete: keyword='technology' not found in storage
🗑️ AccTrie Delete: keyword='technology', fid='tech_00000309' (removing entire key)
⚠️ AccTrie Delete: delete entire key failed: Key not found
🗑️ AccTrie Delete: post-delete root_hash=[5e, 44, 4d, be, ab, 39, 4f, 96]...
🗑️ AccTrie Delete: keyword='iot', fid='tech_00000309' (removing entire key)
🗑️ AccTrie Delete: post-delete root_hash=[e6, 76, ee, ec, 7e, 3b, 9c, 77]...
🔧 AccTrie Add: keyword='decoration', fid='life_00000310' (success)
🔧 AccTrie Add: proof size=474 bytes, root_hash=[08, f1, f6, 2d, e1, 09, be, 34]...
🗑️ AccTrie Delete: keyword='decoration', fid='life_00000310' (removing entire key)
🗑️ AccTrie Delete: post-delete root_hash=[e6, 76, ee, ec, 7e, 3b, 9c, 77]...
🔍 AccTrie Query: keyword='environment', found 1 fids
🔍 AccTrie Query: returning proof (366 bytes)
🗑️ AccTrie Delete: keyword='environment', fid='envi_00000313' (removing entire key)
🗑️ AccTrie Delete: post-delete root_hash=[e6, 76, ee, ec, 7e, 3b, 9c, 77]...
⚠️ AccTrie Delete: keyword='environment' not found in storage
🗑️ AccTrie Delete: keyword='environment', fid='envi_00000313' (removing entire key)
⚠️ AccTrie Delete: delete entire key failed: Key not found
🗑️ AccTrie Delete: post-delete root_hash=[e6, 76, ee, ec, 7e, 3b, 9c, 77]...
🔧 AccTrie Add: keyword='policy', fid='news_00000314' (success)
🔧 AccTrie Add: proof size=470 bytes, root_hash=[49, ca, 34, dc, d6, 89, 1c, c2]...
🗑️ AccTrie Delete: keyword='policy', fid='news_00000314' (removing entire key)
🗑️ AccTrie Delete: post-delete root_hash=[e6, 76, ee, ec, 7e, 3b, 9c, 77]...
🔧 AccTrie Add: keyword='physics', fid='scie_00000315' (success)
🔧 AccTrie Add: proof size=471 bytes, root_hash=[bd, 6f, e9, de, c2, 74, 36, 95]...
🗑️ AccTrie Delete: keyword='physics', fid='scie_00000315' (removing entire key)
🗑️ AccTrie Delete: post-delete root_hash=[e6, 76, ee, ec, 7e, 3b, 9c, 77]...
🔍 AccTrie Query: keyword='sports', found 1 fids
🔍 AccTrie Query: returning proof (361 bytes)
🗑️ AccTrie Delete: keyword='sports', fid='spor_00000316' (removing entire key)
🗑️ AccTrie Delete: post-delete root_hash=[e6, 76, ee, ec, 7e, 3b, 9c, 77]...
⚠️ AccTrie Delete: keyword='sports' not found in storage
🗑️ AccTrie Delete: keyword='sports', fid='spor_00000316' (removing entire key)
⚠️ AccTrie Delete: delete entire key failed: Key not found
🗑️ AccTrie Delete: post-delete root_hash=[e6, 76, ee, ec, 7e, 3b, 9c, 77]...
🔍 AccTrie Query: keyword='health', found 1 fids
🔍 AccTrie Query: returning proof (361 bytes)
🗑️ AccTrie Delete: keyword='health', fid='heal_00000317' (removing entire key)
🗑️ AccTrie Delete: post-delete root_hash=[e6, 76, ee, ec, 7e, 3b, 9c, 77]...
⚠️ AccTrie Delete: keyword='health' not found in storage
🗑️ AccTrie Delete: keyword='health', fid='heal_00000317' (removing entire key)
⚠️ AccTrie Delete: delete entire key failed: Key not found
🗑️ AccTrie Delete: post-delete root_hash=[e6, 76, ee, ec, 7e, 3b, 9c, 77]...
🔍 AccTrie Query: keyword='technology', found 1 fids
🔍 AccTrie Query: returning proof (465 bytes)
🗑️ AccTrie Delete: keyword='technology', fid='tech_00000318' (removing entire key)
🗑️ AccTrie Delete: post-delete root_hash=[1e, 97, 60, 2f, d2, 34, 1e, 21]...
🔧 AccTrie Add: keyword='network', fid='tech_00000318' (success)
🔧 AccTrie Add: proof size=471 bytes, root_hash=[1e, 97, 60, 2f, d2, 34, 1e, 21]...
⚠️ AccTrie Delete: keyword='technology' not found in storage
🗑️ AccTrie Delete: keyword='technology', fid='tech_00000318' (removing entire key)
⚠️ AccTrie Delete: delete entire key failed: Key not found
🗑️ AccTrie Delete: post-delete root_hash=[1e, 97, 60, 2f, d2, 34, 1e, 21]...
🗑️ AccTrie Delete: keyword='network', fid='tech_00000318' (removing entire key)
🗑️ AccTrie Delete: post-delete root_hash=[e6, 76, ee, ec, 7e, 3b, 9c, 77]...
🔍 AccTrie Query: keyword='technology', found 1 fids
🔍 AccTrie Query: returning proof (465 bytes)
🗑️ AccTrie Delete: keyword='technology', fid='tech_00000319' (removing entire key)
🗑️ AccTrie Delete: post-delete root_hash=[34, 4e, 59, 7f, 61, ff, e9, 87]...
⚠️ AccTrie Delete: keyword='technology' not found in storage
🗑️ AccTrie Delete: keyword='technology', fid='tech_00000319' (removing entire key)
⚠️ AccTrie Delete: delete entire key failed: Key not found
🗑️ AccTrie Delete: post-delete root_hash=[34, 4e, 59, 7f, 61, ff, e9, 87]...
🗑️ AccTrie Delete: keyword='quantum', fid='tech_00000319' (removing entire key)
🗑️ AccTrie Delete: post-delete root_hash=[e6, 76, ee, ec, 7e, 3b, 9c, 77]...
🔍 AccTrie Query: keyword='technology', found 1 fids
🔍 AccTrie Query: returning proof (365 bytes)
🗑️ AccTrie Delete: keyword='technology', fid='tech_00000320' (removing entire key)
🗑️ AccTrie Delete: post-delete root_hash=[e6, 76, ee, ec, 7e, 3b, 9c, 77]...
⚠️ AccTrie Delete: keyword='technology' not found in storage
🗑️ AccTrie Delete: keyword='technology', fid='tech_00000320' (removing entire key)
⚠️ AccTrie Delete: delete entire key failed: Key not found
🗑️ AccTrie Delete: post-delete root_hash=[e6, 76, ee, ec, 7e, 3b, 9c, 77]...
🔧 AccTrie Add: keyword='policy', fid='news_00000321' (success)
🔧 AccTrie Add: proof size=570 bytes, root_hash=[a6, 4d, f4, e8, 9e, 7a, 6d, 95]...
🗑️ AccTrie Delete: keyword='update', fid='news_00000321' (removing entire key)
🗑️ AccTrie Delete: post-delete root_hash=[17, cb, d1, 0d, 6a, 48, a2, 5f]...
🗑️ AccTrie Delete: keyword='policy', fid='news_00000321' (removing entire key)
🗑️ AccTrie Delete: post-delete root_hash=[e6, 76, ee, ec, 7e, 3b, 9c, 77]...
🗑️ AccTrie Delete: keyword='policy', fid='news_00000322' (removing entire key)
🗑️ AccTrie Delete: post-delete root_hash=[e6, 76, ee, ec, 7e, 3b, 9c, 77]...
🔍 AccTrie Query: keyword='health', found 1 fids
🔍 AccTrie Query: returning proof (361 bytes)
🗑️ AccTrie Delete: keyword='health', fid='heal_00000324' (removing entire key)
🗑️ AccTrie Delete: post-delete root_hash=[e6, 76, ee, ec, 7e, 3b, 9c, 77]...
⚠️ AccTrie Delete: keyword='health' not found in storage
🗑️ AccTrie Delete: keyword='health', fid='heal_00000324' (removing entire key)
⚠️ AccTrie Delete: delete entire key failed: Key not found
🗑️ AccTrie Delete: post-delete root_hash=[e6, 76, ee, ec, 7e, 3b, 9c, 77]...
🔍 AccTrie Query: keyword='technology', found 1 fids
🔍 AccTrie Query: returning proof (365 bytes)
🗑️ AccTrie Delete: keyword='technology', fid='tech_00000325' (removing entire key)
🗑️ AccTrie Delete: post-delete root_hash=[e6, 76, ee, ec, 7e, 3b, 9c, 77]...
⚠️ AccTrie Delete: keyword='technology' not found in storage
🗑️ AccTrie Delete: keyword='technology', fid='tech_00000325' (removing entire key)
⚠️ AccTrie Delete: delete entire key failed: Key not found
🗑️ AccTrie Delete: post-delete root_hash=[e6, 76, ee, ec, 7e, 3b, 9c, 77]...
🔍 AccTrie Query: keyword='technology', found 1 fids
🔍 AccTrie Query: returning proof (565 bytes)
🗑️ AccTrie Delete: keyword='technology', fid='tech_00000326' (removing entire key)
🗑️ AccTrie Delete: post-delete root_hash=[ed, 36, 76, 14, 01, c6, 48, b7]...
⚠️ AccTrie Delete: keyword='technology' not found in storage
🗑️ AccTrie Delete: keyword='technology', fid='tech_00000326' (removing entire key)
⚠️ AccTrie Delete: delete entire key failed: Key not found
🗑️ AccTrie Delete: post-delete root_hash=[ed, 36, 76, 14, 01, c6, 48, b7]...
🗑️ AccTrie Delete: keyword='software', fid='tech_00000326' (removing entire key)
🗑️ AccTrie Delete: post-delete root_hash=[d1, 2d, 53, c8, 8a, 01, 8d, 49]...
🗑️ AccTrie Delete: keyword='iot', fid='tech_00000326' (removing entire key)
🗑️ AccTrie Delete: post-delete root_hash=[e6, 76, ee, ec, 7e, 3b, 9c, 77]...
🔍 AccTrie Query: keyword='sports', found 1 fids
🔍 AccTrie Query: returning proof (361 bytes)
🗑️ AccTrie Delete: keyword='sports', fid='spor_00000327' (removing entire key)
🗑️ AccTrie Delete: post-delete root_hash=[e6, 76, ee, ec, 7e, 3b, 9c, 77]...
⚠️ AccTrie Delete: keyword='sports' not found in storage
🗑️ AccTrie Delete: keyword='sports', fid='spor_00000327' (removing entire key)
⚠️ AccTrie Delete: delete entire key failed: Key not found
🗑️ AccTrie Delete: post-delete root_hash=[e6, 76, ee, ec, 7e, 3b, 9c, 77]...
🔍 AccTrie Query: keyword='business', found 1 fids
🔍 AccTrie Query: returning proof (663 bytes)
🗑️ AccTrie Delete: keyword='business', fid='busi_00000328' (removing entire key)
🗑️ AccTrie Delete: post-delete root_hash=[36, 72, f5, e8, ae, 89, b0, 0f]...
🔧 AccTrie Add: keyword='analytics', fid='busi_00000328' (success)
🔧 AccTrie Add: proof size=673 bytes, root_hash=[36, 72, f5, e8, ae, 89, b0, 0f]...
⚠️ AccTrie Delete: keyword='business' not found in storage
🗑️ AccTrie Delete: keyword='business', fid='busi_00000328' (removing entire key)
⚠️ AccTrie Delete: delete entire key failed: Key not found
🗑️ AccTrie Delete: post-delete root_hash=[36, 72, f5, e8, ae, 89, b0, 0f]...
🗑️ AccTrie Delete: keyword='startup', fid='busi_00000328' (removing entire key)
🗑️ AccTrie Delete: post-delete root_hash=[44, 5d, 21, 91, 59, ff, 14, ff]...
🗑️ AccTrie Delete: keyword='strategy', fid='busi_00000328' (removing entire key)
🗑️ AccTrie Delete: post-delete root_hash=[5d, 8e, 8f, 65, 6c, 03, e7, 68]...
🗑️ AccTrie Delete: keyword='analytics', fid='busi_00000328' (removing entire key)
🗑️ AccTrie Delete: post-delete root_hash=[e6, 76, ee, ec, 7e, 3b, 9c, 77]...
🔍 AccTrie Query: keyword='health', found 1 fids
🔍 AccTrie Query: returning proof (361 bytes)
🗑️ AccTrie Delete: keyword='health', fid='heal_00000329' (removing entire key)
🗑️ AccTrie Delete: post-delete root_hash=[e6, 76, ee, ec, 7e, 3b, 9c, 77]...
⚠️ AccTrie Delete: keyword='health' not found in storage
🗑️ AccTrie Delete: keyword='health', fid='heal_00000329' (removing entire key)
⚠️ AccTrie Delete: delete entire key failed: Key not found
🗑️ AccTrie Delete: post-delete root_hash=[e6, 76, ee, ec, 7e, 3b, 9c, 77]...
🔍 AccTrie Query: keyword='business', found 1 fids
🔍 AccTrie Query: returning proof (563 bytes)
🗑️ AccTrie Delete: keyword='business', fid='busi_00000330' (removing entire key)
🗑️ AccTrie Delete: post-delete root_hash=[19, 47, 71, bd, 98, be, 63, e4]...
⚠️ AccTrie Delete: keyword='business' not found in storage
🗑️ AccTrie Delete: keyword='business', fid='busi_00000330' (removing entire key)
⚠️ AccTrie Delete: delete entire key failed: Key not found
🗑️ AccTrie Delete: post-delete root_hash=[19, 47, 71, bd, 98, be, 63, e4]...
🗑️ AccTrie Delete: keyword='strategy', fid='busi_00000330' (removing entire key)
🗑️ AccTrie Delete: post-delete root_hash=[54, e3, 48, 3e, 71, 99, c9, f6]...
🗑️ AccTrie Delete: keyword='analytics', fid='busi_00000330' (removing entire key)
🗑️ AccTrie Delete: post-delete root_hash=[e6, 76, ee, ec, 7e, 3b, 9c, 77]...
🔍 AccTrie Query: keyword='sports', found 1 fids
🔍 AccTrie Query: returning proof (461 bytes)
🗑️ AccTrie Delete: keyword='sports', fid='spor_00000331' (removing entire key)
🗑️ AccTrie Delete: post-delete root_hash=[fe, 7b, 7e, be, 09, 77, c0, e2]...
⚠️ AccTrie Delete: keyword='sports' not found in storage
🗑️ AccTrie Delete: keyword='sports', fid='spor_00000331' (removing entire key)
⚠️ AccTrie Delete: delete entire key failed: Key not found
🗑️ AccTrie Delete: post-delete root_hash=[fe, 7b, 7e, be, 09, 77, c0, e2]...
🗑️ AccTrie Delete: keyword='olympics', fid='spor_00000331' (removing entire key)
🗑️ AccTrie Delete: post-delete root_hash=[e6, 76, ee, ec, 7e, 3b, 9c, 77]...
🔍 AccTrie Query: keyword='environment', found 1 fids
🔍 AccTrie Query: returning proof (566 bytes)
🗑️ AccTrie Delete: keyword='environment', fid='envi_00000332' (removing entire key)
🗑️ AccTrie Delete: post-delete root_hash=[16, 9c, c3, 1e, a1, 63, c3, fa]...
🔧 AccTrie Add: keyword='green', fid='envi_00000332' (success)
🔧 AccTrie Add: proof size=569 bytes, root_hash=[16, 9c, c3, 1e, a1, 63, c3, fa]...
⚠️ AccTrie Delete: keyword='environment' not found in storage
🗑️ AccTrie Delete: keyword='environment', fid='envi_00000332' (removing entire key)
⚠️ AccTrie Delete: delete entire key failed: Key not found
🗑️ AccTrie Delete: post-delete root_hash=[16, 9c, c3, 1e, a1, 63, c3, fa]...
🗑️ AccTrie Delete: keyword='ecology', fid='envi_00000332' (removing entire key)
🗑️ AccTrie Delete: post-delete root_hash=[ec, 0f, f6, 9b, b1, 43, 2d, 14]...
🗑️ AccTrie Delete: keyword='green', fid='envi_00000332' (removing entire key)
🗑️ AccTrie Delete: post-delete root_hash=[e6, 76, ee, ec, 7e, 3b, 9c, 77]...
🔧 AccTrie Add: keyword='crisis', fid='news_00000333' (success)
🔧 AccTrie Add: proof size=470 bytes, root_hash=[7b, 2a, 66, 96, 60, 93, dd, fb]...
🗑️ AccTrie Delete: keyword='crisis', fid='news_00000333' (removing entire key)
🗑️ AccTrie Delete: post-delete root_hash=[e6, 76, ee, ec, 7e, 3b, 9c, 77]...
🔧 AccTrie Add: keyword='trend', fid='life_00000334' (success)
🔧 AccTrie Add: proof size=569 bytes, root_hash=[6d, 04, 8b, 9d, 60, 85, 6e, 0a]...
🗑️ AccTrie Delete: keyword='decoration', fid='life_00000334' (removing entire key)
🗑️ AccTrie Delete: post-delete root_hash=[ba, 6c, 4f, bf, 37, 34, 0e, ae]...
🗑️ AccTrie Delete: keyword='trend', fid='life_00000334' (removing entire key)
🗑️ AccTrie Delete: post-delete root_hash=[e6, 76, ee, ec, 7e, 3b, 9c, 77]...
🔧 AccTrie Add: keyword='decoration', fid='life_00000335' (success)
🔧 AccTrie Add: proof size=474 bytes, root_hash=[e2, 59, 8c, 09, 6f, b3, 9e, 89]...
🗑️ AccTrie Delete: keyword='decoration', fid='life_00000335' (removing entire key)
🗑️ AccTrie Delete: post-delete root_hash=[e6, 76, ee, ec, 7e, 3b, 9c, 77]...
🔍 AccTrie Query: keyword='business', found 1 fids
🔍 AccTrie Query: returning proof (463 bytes)
🗑️ AccTrie Delete: keyword='business', fid='busi_00000336' (removing entire key)
🗑️ AccTrie Delete: post-delete root_hash=[dd, 12, 42, 80, 55, 16, 16, 0a]...
🗑️ AccTrie Delete: keyword='analytics', fid='busi_00000336' (removing entire key)
🗑️ AccTrie Delete: post-delete root_hash=[e6, 76, ee, ec, 7e, 3b, 9c, 77]...
⚠️ AccTrie Delete: keyword='business' not found in storage
🗑️ AccTrie Delete: keyword='business', fid='busi_00000336' (removing entire key)
⚠️ AccTrie Delete: delete entire key failed: Key not found
🗑️ AccTrie Delete: post-delete root_hash=[e6, 76, ee, ec, 7e, 3b, 9c, 77]...
🔧 AccTrie Add: keyword='politics', fid='news_00000337' (success)
🔧 AccTrie Add: proof size=672 bytes, root_hash=[02, 47, 32, f9, 76, fa, 9f, e0]...
🗑️ AccTrie Delete: keyword='politics', fid='news_00000337' (removing entire key)
🗑️ AccTrie Delete: post-delete root_hash=[93, f7, 13, 26, ec, a5, ac, 46]...
🗑️ AccTrie Delete: keyword='crisis', fid='news_00000337' (removing entire key)
🗑️ AccTrie Delete: post-delete root_hash=[e4, cf, a8, 79, a6, 25, 25, 72]...
🗑️ AccTrie Delete: keyword='government', fid='news_00000337' (removing entire key)
🗑️ AccTrie Delete: post-delete root_hash=[e6, 76, ee, ec, 7e, 3b, 9c, 77]...
🔍 AccTrie Query: keyword='technology', found 1 fids
🔍 AccTrie Query: returning proof (565 bytes)
🗑️ AccTrie Delete: keyword='technology', fid='tech_00000338' (removing entire key)
🗑️ AccTrie Delete: post-delete root_hash=[72, 28, b4, 75, 1c, 48, 25, 8b]...
🔧 AccTrie Add: keyword='network', fid='tech_00000338' (success)
🔧 AccTrie Add: proof size=571 bytes, root_hash=[72, 28, b4, 75, 1c, 48, 25, 8b]...
🗑️ AccTrie Delete: keyword='quantum', fid='tech_00000338' (removing entire key)
🗑️ AccTrie Delete: post-delete root_hash=[a0, f5, fd, fe, 25, 91, 50, 7f]...
🗑️ AccTrie Delete: keyword='network', fid='tech_00000338' (removing entire key)
🗑️ AccTrie Delete: post-delete root_hash=[e6, 76, ee, ec, 7e, 3b, 9c, 77]...
⚠️ AccTrie Delete: keyword='technology' not found in storage
🗑️ AccTrie Delete: keyword='technology', fid='tech_00000338' (removing entire key)
⚠️ AccTrie Delete: delete entire key failed: Key not found
🗑️ AccTrie Delete: post-delete root_hash=[e6, 76, ee, ec, 7e, 3b, 9c, 77]...
🔍 AccTrie Query: keyword='sports', found 1 fids
🔍 AccTrie Query: returning proof (361 bytes)
🗑️ AccTrie Delete: keyword='sports', fid='spor_00000339' (removing entire key)
🗑️ AccTrie Delete: post-delete root_hash=[e6, 76, ee, ec, 7e, 3b, 9c, 77]...
⚠️ AccTrie Delete: keyword='sports' not found in storage
🗑️ AccTrie Delete: keyword='sports', fid='spor_00000339' (removing entire key)
⚠️ AccTrie Delete: delete entire key failed: Key not found
🗑️ AccTrie Delete: post-delete root_hash=[e6, 76, ee, ec, 7e, 3b, 9c, 77]...
🔍 AccTrie Query: keyword='environment', found 1 fids
🔍 AccTrie Query: returning proof (566 bytes)
🗑️ AccTrie Delete: keyword='environment', fid='envi_00000340' (removing entire key)
🗑️ AccTrie Delete: post-delete root_hash=[96, 1a, 51, f1, b7, 68, 1b, 12]...
🔧 AccTrie Add: keyword='green', fid='envi_00000340' (success)
🔧 AccTrie Add: proof size=569 bytes, root_hash=[96, 1a, 51, f1, b7, 68, 1b, 12]...
⚠️ AccTrie Delete: keyword='environment' not found in storage
🗑️ AccTrie Delete: keyword='environment', fid='envi_00000340' (removing entire key)
⚠️ AccTrie Delete: delete entire key failed: Key not found
🗑️ AccTrie Delete: post-delete root_hash=[96, 1a, 51, f1, b7, 68, 1b, 12]...
🗑️ AccTrie Delete: keyword='green', fid='envi_00000340' (removing entire key)
🗑️ AccTrie Delete: post-delete root_hash=[af, 91, 4b, 4c, f6, 81, c9, 04]...
🗑️ AccTrie Delete: keyword='sustainability', fid='envi_00000340' (removing entire key)
🗑️ AccTrie Delete: post-delete root_hash=[e6, 76, ee, ec, 7e, 3b, 9c, 77]...
🔍 AccTrie Query: keyword='business', found 1 fids
🔍 AccTrie Query: returning proof (363 bytes)
🗑️ AccTrie Delete: keyword='business', fid='busi_00000341' (removing entire key)
🗑️ AccTrie Delete: post-delete root_hash=[e6, 76, ee, ec, 7e, 3b, 9c, 77]...
⚠️ AccTrie Delete: keyword='business' not found in storage
🗑️ AccTrie Delete: keyword='business', fid='busi_00000341' (removing entire key)
⚠️ AccTrie Delete: delete entire key failed: Key not found
🗑️ AccTrie Delete: post-delete root_hash=[e6, 76, ee, ec, 7e, 3b, 9c, 77]...
🔍 AccTrie Query: keyword='health', found 1 fids
🔍 AccTrie Query: returning proof (461 bytes)
🗑️ AccTrie Delete: keyword='health', fid='heal_00000342' (removing entire key)
🗑️ AccTrie Delete: post-delete root_hash=[83, 7b, 7a, c9, a6, 7e, a7, f5]...
⚠️ AccTrie Delete: keyword='health' not found in storage
🗑️ AccTrie Delete: keyword='health', fid='heal_00000342' (removing entire key)
⚠️ AccTrie Delete: delete entire key failed: Key not found
🗑️ AccTrie Delete: post-delete root_hash=[83, 7b, 7a, c9, a6, 7e, a7, f5]...
🗑️ AccTrie Delete: keyword='wellness', fid='heal_00000342' (removing entire key)
🗑️ AccTrie Delete: post-delete root_hash=[e6, 76, ee, ec, 7e, 3b, 9c, 77]...
🔧 AccTrie Add: keyword='report', fid='news_00000343' (success)
🔧 AccTrie Add: proof size=470 bytes, root_hash=[0a, 61, 10, c0, 27, 80, a1, 0a]...
🗑️ AccTrie Delete: keyword='report', fid='news_00000343' (removing entire key)
🗑️ AccTrie Delete: post-delete root_hash=[e6, 76, ee, ec, 7e, 3b, 9c, 77]...
🔧 AccTrie Add: keyword='performance', fid='ente_00000344' (success)
🔧 AccTrie Add: proof size=475 bytes, root_hash=[e2, 06, ad, 2a, e5, ae, f4, b6]...
🗑️ AccTrie Delete: keyword='performance', fid='ente_00000344' (removing entire key)
🗑️ AccTrie Delete: post-delete root_hash=[e6, 76, ee, ec, 7e, 3b, 9c, 77]...
🔧 AccTrie Add: keyword='food', fid='life_00000345' (success)
🔧 AccTrie Add: proof size=468 bytes, root_hash=[74, f2, 98, 67, 62, f4, 5a, 76]...
🗑️ AccTrie Delete: keyword='food', fid='life_00000345' (removing entire key)
🗑️ AccTrie Delete: post-delete root_hash=[e6, 76, ee, ec, 7e, 3b, 9c, 77]...
🔍 AccTrie Query: keyword='business', found 1 fids
🔍 AccTrie Query: returning proof (463 bytes)
🗑️ AccTrie Delete: keyword='business', fid='busi_00000346' (removing entire key)
🗑️ AccTrie Delete: post-delete root_hash=[48, 4b, b0, 27, d5, 9a, e5, aa]...
⚠️ AccTrie Delete: keyword='business' not found in storage
🗑️ AccTrie Delete: keyword='business', fid='busi_00000346' (removing entire key)
⚠️ AccTrie Delete: delete entire key failed: Key not found
🗑️ AccTrie Delete: post-delete root_hash=[48, 4b, b0, 27, d5, 9a, e5, aa]...
🗑️ AccTrie Delete: keyword='startup', fid='busi_00000346' (removing entire key)
🗑️ AccTrie Delete: post-delete root_hash=[e6, 76, ee, ec, 7e, 3b, 9c, 77]...
🗑️ AccTrie Delete: keyword='performance', fid='ente_00000347' (removing entire key)
🗑️ AccTrie Delete: post-delete root_hash=[e6, 76, ee, ec, 7e, 3b, 9c, 77]...
🔧 AccTrie Add: keyword='government', fid='news_00000348' (success)
🔧 AccTrie Add: proof size=674 bytes, root_hash=[06, a4, e9, 66, 23, e7, 8f, c9]...
🗑️ AccTrie Delete: keyword='update', fid='news_00000348' (removing entire key)
🗑️ AccTrie Delete: post-delete root_hash=[8c, 2e, 7d, 9e, 4e, 6c, 40, 0e]...
🗑️ AccTrie Delete: keyword='government', fid='news_00000348' (removing entire key)
🗑️ AccTrie Delete: post-delete root_hash=[2d, 95, ca, b0, fb, 7f, 34, 86]...
🗑️ AccTrie Delete: keyword='crisis', fid='news_00000348' (removing entire key)
🗑️ AccTrie Delete: post-delete root_hash=[e6, 76, ee, ec, 7e, 3b, 9c, 77]...
🔍 AccTrie Query: keyword='environment', found 1 fids
🔍 AccTrie Query: returning proof (366 bytes)
🗑️ AccTrie Delete: keyword='environment', fid='envi_00000349' (removing entire key)
🗑️ AccTrie Delete: post-delete root_hash=[e6, 76, ee, ec, 7e, 3b, 9c, 77]...
⚠️ AccTrie Delete: keyword='environment' not found in storage
🗑️ AccTrie Delete: keyword='environment', fid='envi_00000349' (removing entire key)
⚠️ AccTrie Delete: delete entire key failed: Key not found
🗑️ AccTrie Delete: post-delete root_hash=[e6, 76, ee, ec, 7e, 3b, 9c, 77]...
🔍 AccTrie Query: keyword='health', found 1 fids
🔍 AccTrie Query: returning proof (361 bytes)
🗑️ AccTrie Delete: keyword='health', fid='heal_00000350' (removing entire key)
🗑️ AccTrie Delete: post-delete root_hash=[e6, 76, ee, ec, 7e, 3b, 9c, 77]...
⚠️ AccTrie Delete: keyword='health' not found in storage
🗑️ AccTrie Delete: keyword='health', fid='heal_00000350' (removing entire key)
⚠️ AccTrie Delete: delete entire key failed: Key not found
🗑️ AccTrie Delete: post-delete root_hash=[e6, 76, ee, ec, 7e, 3b, 9c, 77]...
🔍 AccTrie Query: keyword='environment', found 1 fids
🔍 AccTrie Query: returning proof (466 bytes)
🗑️ AccTrie Delete: keyword='environment', fid='envi_00000351' (removing entire key)
🗑️ AccTrie Delete: post-delete root_hash=[0e, 40, cb, 8f, 01, b9, 1d, e2]...
🔧 AccTrie Add: keyword='wildlife', fid='envi_00000351' (success)
🔧 AccTrie Add: proof size=472 bytes, root_hash=[0e, 40, cb, 8f, 01, b9, 1d, e2]...
🗑️ AccTrie Delete: keyword='wildlife', fid='envi_00000351' (removing entire key)
🗑️ AccTrie Delete: post-delete root_hash=[e6, 76, ee, ec, 7e, 3b, 9c, 77]...
⚠️ AccTrie Delete: keyword='environment' not found in storage
🗑️ AccTrie Delete: keyword='environment', fid='envi_00000351' (removing entire key)
⚠️ AccTrie Delete: delete entire key failed: Key not found
🗑️ AccTrie Delete: post-delete root_hash=[e6, 76, ee, ec, 7e, 3b, 9c, 77]...
🔧 AccTrie Add: keyword='genetics', fid='scie_00000352' (success)
🔧 AccTrie Add: proof size=472 bytes, root_hash=[b6, 91, aa, e0, 7d, 6b, c8, ea]...
🗑️ AccTrie Delete: keyword='genetics', fid='scie_00000352' (removing entire key)
🗑️ AccTrie Delete: post-delete root_hash=[e6, 76, ee, ec, 7e, 3b, 9c, 77]...
🔧 AccTrie Add: keyword='research', fid='scie_00000353' (success)
🔧 AccTrie Add: proof size=472 bytes, root_hash=[24, 3f, 9d, 9f, 82, 61, c3, d1]...
🗑️ AccTrie Delete: keyword='research', fid='scie_00000353' (removing entire key)
🗑️ AccTrie Delete: post-delete root_hash=[e6, 76, ee, ec, 7e, 3b, 9c, 77]...
🔍 AccTrie Query: keyword='technology', found 1 fids
🔍 AccTrie Query: returning proof (365 bytes)
🗑️ AccTrie Delete: keyword='technology', fid='tech_00000355' (removing entire key)
🗑️ AccTrie Delete: post-delete root_hash=[e6, 76, ee, ec, 7e, 3b, 9c, 77]...
⚠️ AccTrie Delete: keyword='technology' not found in storage
🗑️ AccTrie Delete: keyword='technology', fid='tech_00000355' (removing entire key)
⚠️ AccTrie Delete: delete entire key failed: Key not found
🗑️ AccTrie Delete: post-delete root_hash=[e6, 76, ee, ec, 7e, 3b, 9c, 77]...
🔍 AccTrie Query: keyword='business', found 1 fids
🔍 AccTrie Query: returning proof (563 bytes)
🗑️ AccTrie Delete: keyword='business', fid='busi_00000356' (removing entire key)
🗑️ AccTrie Delete: post-delete root_hash=[29, 5a, af, 81, 61, 96, d8, 01]...
⚠️ AccTrie Delete: keyword='business' not found in storage
🗑️ AccTrie Delete: keyword='business', fid='busi_00000356' (removing entire key)
⚠️ AccTrie Delete: delete entire key failed: Key not found
🗑️ AccTrie Delete: post-delete root_hash=[29, 5a, af, 81, 61, 96, d8, 01]...
🗑️ AccTrie Delete: keyword='analytics', fid='busi_00000356' (removing entire key)
🗑️ AccTrie Delete: post-delete root_hash=[2c, fe, a0, 50, 32, 86, c4, 50]...
🗑️ AccTrie Delete: keyword='startup', fid='busi_00000356' (removing entire key)
🗑️ AccTrie Delete: post-delete root_hash=[e6, 76, ee, ec, 7e, 3b, 9c, 77]...
🔍 AccTrie Query: keyword='business', found 1 fids
🔍 AccTrie Query: returning proof (363 bytes)
🗑️ AccTrie Delete: keyword='business', fid='busi_00000357' (removing entire key)
🗑️ AccTrie Delete: post-delete root_hash=[e6, 76, ee, ec, 7e, 3b, 9c, 77]...
⚠️ AccTrie Delete: keyword='business' not found in storage
🗑️ AccTrie Delete: keyword='business', fid='busi_00000357' (removing entire key)
⚠️ AccTrie Delete: delete entire key failed: Key not found
🗑️ AccTrie Delete: post-delete root_hash=[e6, 76, ee, ec, 7e, 3b, 9c, 77]...
🗑️ AccTrie Delete: keyword='laboratory', fid='scie_00000359' (removing entire key)
🗑️ AccTrie Delete: post-delete root_hash=[e6, 76, ee, ec, 7e, 3b, 9c, 77]...
🔧 AccTrie Add: keyword='research', fid='scie_00000360' (success)
🔧 AccTrie Add: proof size=572 bytes, root_hash=[6c, 28, 49, b0, 56, 2b, 59, 99]...
🗑️ AccTrie Delete: keyword='research', fid='scie_00000360' (removing entire key)
🗑️ AccTrie Delete: post-delete root_hash=[c6, 2e, a8, 45, e6, 23, de, 4a]...
🗑️ AccTrie Delete: keyword='genetics', fid='scie_00000360' (removing entire key)
🗑️ AccTrie Delete: post-delete root_hash=[e6, 76, ee, ec, 7e, 3b, 9c, 77]...
🔧 AccTrie Add: keyword='research', fid='scie_00000361' (success)
🔧 AccTrie Add: proof size=572 bytes, root_hash=[3d, 6e, 7c, 1b, d9, 37, 9c, bc]...
🗑️ AccTrie Delete: keyword='chemistry', fid='scie_00000361' (removing entire key)
🗑️ AccTrie Delete: post-delete root_hash=[7c, f2, f4, 84, ad, 58, 85, ff]...
🗑️ AccTrie Delete: keyword='research', fid='scie_00000361' (removing entire key)
🗑️ AccTrie Delete: post-delete root_hash=[e6, 76, ee, ec, 7e, 3b, 9c, 77]...
🔍 AccTrie Query: keyword='business', found 1 fids
🔍 AccTrie Query: returning proof (363 bytes)
🗑️ AccTrie Delete: keyword='business', fid='busi_00000362' (removing entire key)
🗑️ AccTrie Delete: post-delete root_hash=[e6, 76, ee, ec, 7e, 3b, 9c, 77]...
⚠️ AccTrie Delete: keyword='business' not found in storage
🗑️ AccTrie Delete: keyword='business', fid='busi_00000362' (removing entire key)
⚠️ AccTrie Delete: delete entire key failed: Key not found
🗑️ AccTrie Delete: post-delete root_hash=[e6, 76, ee, ec, 7e, 3b, 9c, 77]...
🔧 AccTrie Add: keyword='movie', fid='ente_00000363' (success)
🔧 AccTrie Add: proof size=669 bytes, root_hash=[f7, 54, 56, 3a, 06, 79, 1b, fa]...
🗑️ AccTrie Delete: keyword='performance', fid='ente_00000363' (removing entire key)
🗑️ AccTrie Delete: post-delete root_hash=[c0, 57, 4d, 87, 03, 14, ba, 4a]...
🗑️ AccTrie Delete: keyword='movie', fid='ente_00000363' (removing entire key)
🗑️ AccTrie Delete: post-delete root_hash=[0f, f0, 9f, 70, 7a, 4b, a8, c4]...
🗑️ AccTrie Delete: keyword='show', fid='ente_00000363' (removing entire key)
🗑️ AccTrie Delete: post-delete root_hash=[e6, 76, ee, ec, 7e, 3b, 9c, 77]...
🔍 AccTrie Query: keyword='technology', found 1 fids
🔍 AccTrie Query: returning proof (565 bytes)
🗑️ AccTrie Delete: keyword='technology', fid='tech_00000364' (removing entire key)
🗑️ AccTrie Delete: post-delete root_hash=[f7, 23, 16, ea, 11, d7, 1f, 09]...
🔧 AccTrie Add: keyword='network', fid='tech_00000364' (success)
🔧 AccTrie Add: proof size=571 bytes, root_hash=[f7, 23, 16, ea, 11, d7, 1f, 09]...
🗑️ AccTrie Delete: keyword='quantum', fid='tech_00000364' (removing entire key)
🗑️ AccTrie Delete: post-delete root_hash=[41, e8, 67, 93, 0e, 7a, 3c, fc]...
🗑️ AccTrie Delete: keyword='network', fid='tech_00000364' (removing entire key)
🗑️ AccTrie Delete: post-delete root_hash=[e6, 76, ee, ec, 7e, 3b, 9c, 77]...
⚠️ AccTrie Delete: keyword='technology' not found in storage
🗑️ AccTrie Delete: keyword='technology', fid='tech_00000364' (removing entire key)
⚠️ AccTrie Delete: delete entire key failed: Key not found
🗑️ AccTrie Delete: post-delete root_hash=[e6, 76, ee, ec, 7e, 3b, 9c, 77]...
🔍 AccTrie Query: keyword='business', found 1 fids
🔍 AccTrie Query: returning proof (363 bytes)
🗑️ AccTrie Delete: keyword='business', fid='busi_00000365' (removing entire key)
🗑️ AccTrie Delete: post-delete root_hash=[e6, 76, ee, ec, 7e, 3b, 9c, 77]...
⚠️ AccTrie Delete: keyword='business' not found in storage
🗑️ AccTrie Delete: keyword='business', fid='busi_00000365' (removing entire key)
⚠️ AccTrie Delete: delete entire key failed: Key not found
🗑️ AccTrie Delete: post-delete root_hash=[e6, 76, ee, ec, 7e, 3b, 9c, 77]...
🔍 AccTrie Query: keyword='technology', found 1 fids
🔍 AccTrie Query: returning proof (365 bytes)
🗑️ AccTrie Delete: keyword='technology', fid='tech_00000366' (removing entire key)
🗑️ AccTrie Delete: post-delete root_hash=[e6, 76, ee, ec, 7e, 3b, 9c, 77]...
⚠️ AccTrie Delete: keyword='technology' not found in storage
🗑️ AccTrie Delete: keyword='technology', fid='tech_00000366' (removing entire key)
⚠️ AccTrie Delete: delete entire key failed: Key not found
🗑️ AccTrie Delete: post-delete root_hash=[e6, 76, ee, ec, 7e, 3b, 9c, 77]...
🔍 AccTrie Query: keyword='sports', found 1 fids
🔍 AccTrie Query: returning proof (561 bytes)
🗑️ AccTrie Delete: keyword='sports', fid='spor_00000367' (removing entire key)
🗑️ AccTrie Delete: post-delete root_hash=[29, 77, ce, b9, d0, 92, 43, f7]...
⚠️ AccTrie Delete: keyword='sports' not found in storage
🗑️ AccTrie Delete: keyword='sports', fid='spor_00000367' (removing entire key)
⚠️ AccTrie Delete: delete entire key failed: Key not found
🗑️ AccTrie Delete: post-delete root_hash=[29, 77, ce, b9, d0, 92, 43, f7]...
🗑️ AccTrie Delete: keyword='match', fid='spor_00000367' (removing entire key)
🗑️ AccTrie Delete: post-delete root_hash=[b7, 01, 1d, 16, 0a, b8, c1, ee]...
🗑️ AccTrie Delete: keyword='coach', fid='spor_00000367' (removing entire key)
🗑️ AccTrie Delete: post-delete root_hash=[e6, 76, ee, ec, 7e, 3b, 9c, 77]...
🔍 AccTrie Query: keyword='business', found 1 fids
🔍 AccTrie Query: returning proof (563 bytes)
🗑️ AccTrie Delete: keyword='business', fid='busi_00000368' (removing entire key)
🗑️ AccTrie Delete: post-delete root_hash=[a8, 7a, 59, 6f, 58, df, ab, 78]...
🔧 AccTrie Add: keyword='startup', fid='busi_00000368' (success)
🔧 AccTrie Add: proof size=571 bytes, root_hash=[a8, 7a, 59, 6f, 58, df, ab, 78]...
🗑️ AccTrie Delete: keyword='startup', fid='busi_00000368' (removing entire key)
🗑️ AccTrie Delete: post-delete root_hash=[9d, 54, 05, bb, 83, 09, c3, 28]...
🗑️ AccTrie Delete: keyword='analytics', fid='busi_00000368' (removing entire key)
🗑️ AccTrie Delete: post-delete root_hash=[e6, 76, ee, ec, 7e, 3b, 9c, 77]...
⚠️ AccTrie Delete: keyword='business' not found in storage
🗑️ AccTrie Delete: keyword='business', fid='busi_00000368' (removing entire key)
⚠️ AccTrie Delete: delete entire key failed: Key not found
🗑️ AccTrie Delete: post-delete root_hash=[e6, 76, ee, ec, 7e, 3b, 9c, 77]...
🔍 AccTrie Query: keyword='health', found 1 fids
🔍 AccTrie Query: returning proof (361 bytes)
🗑️ AccTrie Delete: keyword='health', fid='heal_00000369' (removing entire key)
🗑️ AccTrie Delete: post-delete root_hash=[e6, 76, ee, ec, 7e, 3b, 9c, 77]...
⚠️ AccTrie Delete: keyword='health' not found in storage
🗑️ AccTrie Delete: keyword='health', fid='heal_00000369' (removing entire key)
⚠️ AccTrie Delete: delete entire key failed: Key not found
🗑️ AccTrie Delete: post-delete root_hash=[e6, 76, ee, ec, 7e, 3b, 9c, 77]...
🔧 AccTrie Add: keyword='comedy', fid='ente_00000370' (success)
🔧 AccTrie Add: proof size=470 bytes, root_hash=[11, be, 2c, f8, 62, ca, 80, 61]...
🗑️ AccTrie Delete: keyword='comedy', fid='ente_00000370' (removing entire key)
🗑️ AccTrie Delete: post-delete root_hash=[e6, 76, ee, ec, 7e, 3b, 9c, 77]...
🔍 AccTrie Query: keyword='health', found 1 fids
🔍 AccTrie Query: returning proof (461 bytes)
🗑️ AccTrie Delete: keyword='health', fid='heal_00000372' (removing entire key)
🗑️ AccTrie Delete: post-delete root_hash=[e1, b7, cc, d8, f2, 56, b0, 0a]...
🔧 AccTrie Add: keyword='wellness', fid='heal_00000372' (success)
🔧 AccTrie Add: proof size=472 bytes, root_hash=[e1, b7, cc, d8, f2, 56, b0, 0a]...
⚠️ AccTrie Delete: keyword='health' not found in storage
🗑️ AccTrie Delete: keyword='health', fid='heal_00000372' (removing entire key)
⚠️ AccTrie Delete: delete entire key failed: Key not found
🗑️ AccTrie Delete: post-delete root_hash=[e1, b7, cc, d8, f2, 56, b0, 0a]...
🗑️ AccTrie Delete: keyword='wellness', fid='heal_00000372' (removing entire key)
🗑️ AccTrie Delete: post-delete root_hash=[e6, 76, ee, ec, 7e, 3b, 9c, 77]...
🔍 AccTrie Query: keyword='health', found 1 fids
🔍 AccTrie Query: returning proof (361 bytes)
🗑️ AccTrie Delete: keyword='health', fid='heal_00000373' (removing entire key)
🗑️ AccTrie Delete: post-delete root_hash=[e6, 76, ee, ec, 7e, 3b, 9c, 77]...
⚠️ AccTrie Delete: keyword='health' not found in storage
🗑️ AccTrie Delete: keyword='health', fid='heal_00000373' (removing entire key)
⚠️ AccTrie Delete: delete entire key failed: Key not found
🗑️ AccTrie Delete: post-delete root_hash=[e6, 76, ee, ec, 7e, 3b, 9c, 77]...
🔧 AccTrie Add: keyword='scholarship', fid='educ_00000374' (success)
🔧 AccTrie Add: proof size=675 bytes, root_hash=[32, 1d, 0a, 24, 4a, a9, 26, d8]...
🗑️ AccTrie Delete: keyword='course', fid='educ_00000374' (removing entire key)
🗑️ AccTrie Delete: post-delete root_hash=[97, f3, e0, f9, de, 52, 3f, a9]...
🗑️ AccTrie Delete: keyword='scholarship', fid='educ_00000374' (removing entire key)
🗑️ AccTrie Delete: post-delete root_hash=[ff, 14, 1d, 6e, ff, 36, e3, f2]...
🗑️ AccTrie Delete: keyword='lecture', fid='educ_00000374' (removing entire key)
🗑️ AccTrie Delete: post-delete root_hash=[e6, 76, ee, ec, 7e, 3b, 9c, 77]...
🔍 AccTrie Query: keyword='health', found 1 fids
🔍 AccTrie Query: returning proof (361 bytes)
🗑️ AccTrie Delete: keyword='health', fid='heal_00000375' (removing entire key)
🗑️ AccTrie Delete: post-delete root_hash=[e6, 76, ee, ec, 7e, 3b, 9c, 77]...
⚠️ AccTrie Delete: keyword='health' not found in storage
🗑️ AccTrie Delete: keyword='health', fid='heal_00000375' (removing entire key)
⚠️ AccTrie Delete: delete entire key failed: Key not found
🗑️ AccTrie Delete: post-delete root_hash=[e6, 76, ee, ec, 7e, 3b, 9c, 77]...
🔍 AccTrie Query: keyword='health', found 1 fids
🔍 AccTrie Query: returning proof (361 bytes)
🗑️ AccTrie Delete: keyword='health', fid='heal_00000376' (removing entire key)
🗑️ AccTrie Delete: post-delete root_hash=[e6, 76, ee, ec, 7e, 3b, 9c, 77]...
⚠️ AccTrie Delete: keyword='health' not found in storage
🗑️ AccTrie Delete: keyword='health', fid='heal_00000376' (removing entire key)
⚠️ AccTrie Delete: delete entire key failed: Key not found
🗑️ AccTrie Delete: post-delete root_hash=[e6, 76, ee, ec, 7e, 3b, 9c, 77]...
🔍 AccTrie Query: keyword='sports', found 1 fids
🔍 AccTrie Query: returning proof (361 bytes)
🗑️ AccTrie Delete: keyword='sports', fid='spor_00000377' (removing entire key)
🗑️ AccTrie Delete: post-delete root_hash=[e6, 76, ee, ec, 7e, 3b, 9c, 77]...
⚠️ AccTrie Delete: keyword='sports' not found in storage
🗑️ AccTrie Delete: keyword='sports', fid='spor_00000377' (removing entire key)
⚠️ AccTrie Delete: delete entire key failed: Key not found
🗑️ AccTrie Delete: post-delete root_hash=[e6, 76, ee, ec, 7e, 3b, 9c, 77]...
🔍 AccTrie Query: keyword='technology', found 1 fids
🔍 AccTrie Query: returning proof (365 bytes)
🗑️ AccTrie Delete: keyword='technology', fid='tech_00000378' (removing entire key)
🗑️ AccTrie Delete: post-delete root_hash=[e6, 76, ee, ec, 7e, 3b, 9c, 77]...
⚠️ AccTrie Delete: keyword='technology' not found in storage
🗑️ AccTrie Delete: keyword='technology', fid='tech_00000378' (removing entire key)
⚠️ AccTrie Delete: delete entire key failed: Key not found
🗑️ AccTrie Delete: post-delete root_hash=[e6, 76, ee, ec, 7e, 3b, 9c, 77]...
🔍 AccTrie Query: keyword='sports', found 1 fids
🔍 AccTrie Query: returning proof (361 bytes)
🗑️ AccTrie Delete: keyword='sports', fid='spor_00000379' (removing entire key)
🗑️ AccTrie Delete: post-delete root_hash=[e6, 76, ee, ec, 7e, 3b, 9c, 77]...
⚠️ AccTrie Delete: keyword='sports' not found in storage
🗑️ AccTrie Delete: keyword='sports', fid='spor_00000379' (removing entire key)
⚠️ AccTrie Delete: delete entire key failed: Key not found
🗑️ AccTrie Delete: post-delete root_hash=[e6, 76, ee, ec, 7e, 3b, 9c, 77]...
🔧 AccTrie Add: keyword='course', fid='educ_00000380' (success)
🔧 AccTrie Add: proof size=470 bytes, root_hash=[c3, d3, 08, c3, 86, 67, 60, 2e]...
🗑️ AccTrie Delete: keyword='course', fid='educ_00000380' (removing entire key)
🗑️ AccTrie Delete: post-delete root_hash=[e6, 76, ee, ec, 7e, 3b, 9c, 77]...
🗑️ AccTrie Delete: keyword='show', fid='ente_00000381' (removing entire key)
🗑️ AccTrie Delete: post-delete root_hash=[e6, 76, ee, ec, 7e, 3b, 9c, 77]...
🗑️ AccTrie Delete: keyword='beauty', fid='life_00000382' (removing entire key)
🗑️ AccTrie Delete: post-delete root_hash=[bc, 97, 86, b3, b6, 23, be, 19]...
🗑️ AccTrie Delete: keyword='decoration', fid='life_00000382' (removing entire key)
🗑️ AccTrie Delete: post-delete root_hash=[a7, c2, 94, 00, 71, 36, 05, 10]...
🗑️ AccTrie Delete: keyword='recipe', fid='life_00000382' (removing entire key)
🗑️ AccTrie Delete: post-delete root_hash=[e6, 76, ee, ec, 7e, 3b, 9c, 77]...
🔍 AccTrie Query: keyword='business', found 1 fids
🔍 AccTrie Query: returning proof (363 bytes)
🗑️ AccTrie Delete: keyword='business', fid='busi_00000383' (removing entire key)
🗑️ AccTrie Delete: post-delete root_hash=[e6, 76, ee, ec, 7e, 3b, 9c, 77]...
⚠️ AccTrie Delete: keyword='business' not found in storage
🗑️ AccTrie Delete: keyword='business', fid='busi_00000383' (removing entire key)
⚠️ AccTrie Delete: delete entire key failed: Key not found
🗑️ AccTrie Delete: post-delete root_hash=[e6, 76, ee, ec, 7e, 3b, 9c, 77]...
🗑️ AccTrie Delete: keyword='policy', fid='news_00000385' (removing entire key)
🗑️ AccTrie Delete: post-delete root_hash=[80, 98, 26, b6, f9, 0c, 1c, 66]...
🗑️ AccTrie Delete: keyword='crisis', fid='news_00000385' (removing entire key)
🗑️ AccTrie Delete: post-delete root_hash=[e6, 76, ee, ec, 7e, 3b, 9c, 77]...
🔍 AccTrie Query: keyword='technology', found 1 fids
🔍 AccTrie Query: returning proof (365 bytes)
🗑️ AccTrie Delete: keyword='technology', fid='tech_00000386' (removing entire key)
🗑️ AccTrie Delete: post-delete root_hash=[e6, 76, ee, ec, 7e, 3b, 9c, 77]...
⚠️ AccTrie Delete: keyword='technology' not found in storage
🗑️ AccTrie Delete: keyword='technology', fid='tech_00000386' (removing entire key)
⚠️ AccTrie Delete: delete entire key failed: Key not found
🗑️ AccTrie Delete: post-delete root_hash=[e6, 76, ee, ec, 7e, 3b, 9c, 77]...
🗑️ AccTrie Delete: keyword='crisis', fid='news_00000387' (removing entire key)
🗑️ AccTrie Delete: post-delete root_hash=[e8, 51, 01, 9e, a3, 5d, 2b, 7f]...
🗑️ AccTrie Delete: keyword='domestic', fid='news_00000387' (removing entire key)
🗑️ AccTrie Delete: post-delete root_hash=[e6, 76, ee, ec, 7e, 3b, 9c, 77]...
🔍 AccTrie Query: keyword='health', found 1 fids
🔍 AccTrie Query: returning proof (461 bytes)
🗑️ AccTrie Delete: keyword='health', fid='heal_00000388' (removing entire key)
🗑️ AccTrie Delete: post-delete root_hash=[43, 3f, 70, 5d, 64, 02, 33, 9a]...
⚠️ AccTrie Delete: keyword='health' not found in storage
🗑️ AccTrie Delete: keyword='health', fid='heal_00000388' (removing entire key)
⚠️ AccTrie Delete: delete entire key failed: Key not found
🗑️ AccTrie Delete: post-delete root_hash=[43, 3f, 70, 5d, 64, 02, 33, 9a]...
🗑️ AccTrie Delete: keyword='wellness', fid='heal_00000388' (removing entire key)
🗑️ AccTrie Delete: post-delete root_hash=[e6, 76, ee, ec, 7e, 3b, 9c, 77]...
🔧 AccTrie Add: keyword='movie', fid='ente_00000390' (success)
🔧 AccTrie Add: proof size=469 bytes, root_hash=[39, c6, 30, 82, b3, d6, db, 0f]...
🗑️ AccTrie Delete: keyword='movie', fid='ente_00000390' (removing entire key)
🗑️ AccTrie Delete: post-delete root_hash=[e6, 76, ee, ec, 7e, 3b, 9c, 77]...
🔍 AccTrie Query: keyword='technology', found 1 fids
🔍 AccTrie Query: returning proof (365 bytes)
🗑️ AccTrie Delete: keyword='technology', fid='tech_00000391' (removing entire key)
🗑️ AccTrie Delete: post-delete root_hash=[e6, 76, ee, ec, 7e, 3b, 9c, 77]...
⚠️ AccTrie Delete: keyword='technology' not found in storage
🗑️ AccTrie Delete: keyword='technology', fid='tech_00000391' (removing entire key)
⚠️ AccTrie Delete: delete entire key failed: Key not found
🗑️ AccTrie Delete: post-delete root_hash=[e6, 76, ee, ec, 7e, 3b, 9c, 77]...
🔍 AccTrie Query: keyword='health', found 1 fids
🔍 AccTrie Query: returning proof (461 bytes)
🗑️ AccTrie Delete: keyword='health', fid='heal_00000392' (removing entire key)
🗑️ AccTrie Delete: post-delete root_hash=[46, a3, 1a, 57, 41, a3, 5c, 9e]...
🔧 AccTrie Add: keyword='patient', fid='heal_00000392' (success)
🔧 AccTrie Add: proof size=471 bytes, root_hash=[46, a3, 1a, 57, 41, a3, 5c, 9e]...
⚠️ AccTrie Delete: keyword='health' not found in storage
🗑️ AccTrie Delete: keyword='health', fid='heal_00000392' (removing entire key)
⚠️ AccTrie Delete: delete entire key failed: Key not found
🗑️ AccTrie Delete: post-delete root_hash=[46, a3, 1a, 57, 41, a3, 5c, 9e]...
🗑️ AccTrie Delete: keyword='patient', fid='heal_00000392' (removing entire key)
🗑️ AccTrie Delete: post-delete root_hash=[e6, 76, ee, ec, 7e, 3b, 9c, 77]...
🔧 AccTrie Add: keyword='physics', fid='scie_00000393' (success)
🔧 AccTrie Add: proof size=471 bytes, root_hash=[e2, 68, dc, 18, bb, 4b, 15, 23]...
🗑️ AccTrie Delete: keyword='physics', fid='scie_00000393' (removing entire key)
🗑️ AccTrie Delete: post-delete root_hash=[e6, 76, ee, ec, 7e, 3b, 9c, 77]...
🔍 AccTrie Query: keyword='health', found 1 fids
🔍 AccTrie Query: returning proof (461 bytes)
🗑️ AccTrie Delete: keyword='health', fid='heal_00000394' (removing entire key)
🗑️ AccTrie Delete: post-delete root_hash=[92, 0d, 0d, 7b, ba, 9d, 95, fe]...
🔧 AccTrie Add: keyword='patient', fid='heal_00000394' (success)
🔧 AccTrie Add: proof size=471 bytes, root_hash=[92, 0d, 0d, 7b, ba, 9d, 95, fe]...
⚠️ AccTrie Delete: keyword='health' not found in storage
🗑️ AccTrie Delete: keyword='health', fid='heal_00000394' (removing entire key)
⚠️ AccTrie Delete: delete entire key failed: Key not found
🗑️ AccTrie Delete: post-delete root_hash=[92, 0d, 0d, 7b, ba, 9d, 95, fe]...
🗑️ AccTrie Delete: keyword='patient', fid='heal_00000394' (removing entire key)
🗑️ AccTrie Delete: post-delete root_hash=[e6, 76, ee, ec, 7e, 3b, 9c, 77]...
🔍 AccTrie Query: keyword='sports', found 1 fids
🔍 AccTrie Query: returning proof (361 bytes)
🗑️ AccTrie Delete: keyword='sports', fid='spor_00000395' (removing entire key)
🗑️ AccTrie Delete: post-delete root_hash=[e6, 76, ee, ec, 7e, 3b, 9c, 77]...
⚠️ AccTrie Delete: keyword='sports' not found in storage
🗑️ AccTrie Delete: keyword='sports', fid='spor_00000395' (removing entire key)
⚠️ AccTrie Delete: delete entire key failed: Key not found
🗑️ AccTrie Delete: post-delete root_hash=[e6, 76, ee, ec, 7e, 3b, 9c, 77]...
🔍 AccTrie Query: keyword='technology', found 1 fids
🔍 AccTrie Query: returning proof (465 bytes)
🗑️ AccTrie Delete: keyword='technology', fid='tech_00000397' (removing entire key)
🗑️ AccTrie Delete: post-delete root_hash=[7f, 3f, db, 80, c6, 7f, 74, fc]...
🔧 AccTrie Add: keyword='iot', fid='tech_00000397' (success)
🔧 AccTrie Add: proof size=467 bytes, root_hash=[7f, 3f, db, 80, c6, 7f, 74, fc]...
🗑️ AccTrie Delete: keyword='iot', fid='tech_00000397' (removing entire key)
🗑️ AccTrie Delete: post-delete root_hash=[e6, 76, ee, ec, 7e, 3b, 9c, 77]...
⚠️ AccTrie Delete: keyword='technology' not found in storage
🗑️ AccTrie Delete: keyword='technology', fid='tech_00000397' (removing entire key)
⚠️ AccTrie Delete: delete entire key failed: Key not found
🗑️ AccTrie Delete: post-delete root_hash=[e6, 76, ee, ec, 7e, 3b, 9c, 77]...
🗑️ AccTrie Delete: keyword='genetics', fid='scie_00000398' (removing entire key)
🗑️ AccTrie Delete: post-delete root_hash=[e6, 76, ee, ec, 7e, 3b, 9c, 77]...
🔧 AccTrie Add: keyword='course', fid='educ_00000399' (success)
🔧 AccTrie Add: proof size=570 bytes, root_hash=[2b, 4c, fb, ff, 02, e3, 14, 89]...
🗑️ AccTrie Delete: keyword='scholarship', fid='educ_00000399' (removing entire key)
🗑️ AccTrie Delete: post-delete root_hash=[85, 62, 60, fe, 9d, 2d, 28, de]...
🗑️ AccTrie Delete: keyword='course', fid='educ_00000399' (removing entire key)
🗑️ AccTrie Delete: post-delete root_hash=[e6, 76, ee, ec, 7e, 3b, 9c, 77]...
🔍 AccTrie Query: keyword='environment', found 1 fids
🔍 AccTrie Query: returning proof (566 bytes)
🗑️ AccTrie Delete: keyword='environment', fid='envi_00000400' (removing entire key)
🗑️ AccTrie Delete: post-delete root_hash=[4e, d5, 83, 2a, 80, 12, 8a, 65]...
🔧 AccTrie Add: keyword='ecology', fid='envi_00000400' (success)
🔧 AccTrie Add: proof size=571 bytes, root_hash=[4e, d5, 83, 2a, 80, 12, 8a, 65]...
🗑️ AccTrie Delete: keyword='pollution', fid='envi_00000400' (removing entire key)
🗑️ AccTrie Delete: post-delete root_hash=[b2, 99, fe, 02, e1, b0, 90, 4f]...
⚠️ AccTrie Delete: keyword='environment' not found in storage
🗑️ AccTrie Delete: keyword='environment', fid='envi_00000400' (removing entire key)
⚠️ AccTrie Delete: delete entire key failed: Key not found
🗑️ AccTrie Delete: post-delete root_hash=[b2, 99, fe, 02, e1, b0, 90, 4f]...
🗑️ AccTrie Delete: keyword='ecology', fid='envi_00000400' (removing entire key)
🗑️ AccTrie Delete: post-delete root_hash=[e6, 76, ee, ec, 7e, 3b, 9c, 77]...
🔍 AccTrie Query: keyword='sports', found 1 fids
🔍 AccTrie Query: returning proof (461 bytes)
🗑️ AccTrie Delete: keyword='sports', fid='spor_00000401' (removing entire key)
🗑️ AccTrie Delete: post-delete root_hash=[56, ef, 75, 30, e4, 28, 95, 19]...
🗑️ AccTrie Delete: keyword='match', fid='spor_00000401' (removing entire key)
🗑️ AccTrie Delete: post-delete root_hash=[e6, 76, ee, ec, 7e, 3b, 9c, 77]...
⚠️ AccTrie Delete: keyword='sports' not found in storage
🗑️ AccTrie Delete: keyword='sports', fid='spor_00000401' (removing entire key)
⚠️ AccTrie Delete: delete entire key failed: Key not found
🗑️ AccTrie Delete: post-delete root_hash=[e6, 76, ee, ec, 7e, 3b, 9c, 77]...
🔧 AccTrie Add: keyword='government', fid='news_00000402' (success)
🔧 AccTrie Add: proof size=574 bytes, root_hash=[5b, 18, ae, ac, 38, 74, 9e, 57]...
🗑️ AccTrie Delete: keyword='report', fid='news_00000402' (removing entire key)
🗑️ AccTrie Delete: post-delete root_hash=[62, 30, 26, cb, a7, 05, 5a, 5e]...
🗑️ AccTrie Delete: keyword='government', fid='news_00000402' (removing entire key)
🗑️ AccTrie Delete: post-delete root_hash=[e6, 76, ee, ec, 7e, 3b, 9c, 77]...
🔍 AccTrie Query: keyword='business', found 1 fids
🔍 AccTrie Query: returning proof (563 bytes)
🗑️ AccTrie Delete: keyword='business', fid='busi_00000404' (removing entire key)
🗑️ AccTrie Delete: post-delete root_hash=[0f, 88, aa, 3f, e9, 7a, fa, 10]...
🗑️ AccTrie Delete: keyword='analytics', fid='busi_00000404' (removing entire key)
🗑️ AccTrie Delete: post-delete root_hash=[1e, d7, 38, 38, 70, 8d, aa, 62]...
🗑️ AccTrie Delete: keyword='startup', fid='busi_00000404' (removing entire key)
🗑️ AccTrie Delete: post-delete root_hash=[e6, 76, ee, ec, 7e, 3b, 9c, 77]...
⚠️ AccTrie Delete: keyword='business' not found in storage
🗑️ AccTrie Delete: keyword='business', fid='busi_00000404' (removing entire key)
⚠️ AccTrie Delete: delete entire key failed: Key not found
🗑️ AccTrie Delete: post-delete root_hash=[e6, 76, ee, ec, 7e, 3b, 9c, 77]...
🔧 AccTrie Add: keyword='lecture', fid='educ_00000405' (success)
🔧 AccTrie Add: proof size=471 bytes, root_hash=[22, 3f, 76, 5f, ab, 5a, 94, 8a]...
🗑️ AccTrie Delete: keyword='lecture', fid='educ_00000405' (removing entire key)
🗑️ AccTrie Delete: post-delete root_hash=[e6, 76, ee, ec, 7e, 3b, 9c, 77]...
🗑️ AccTrie Delete: keyword='course', fid='educ_00000406' (removing entire key)
🗑️ AccTrie Delete: post-delete root_hash=[e6, 76, ee, ec, 7e, 3b, 9c, 77]...
🗑️ AccTrie Delete: keyword='scholarship', fid='educ_00000407' (removing entire key)
🗑️ AccTrie Delete: post-delete root_hash=[e6, 76, ee, ec, 7e, 3b, 9c, 77]...
🔧 AccTrie Add: keyword='lecture', fid='educ_00000408' (success)
🔧 AccTrie Add: proof size=471 bytes, root_hash=[11, d8, cb, da, b7, 76, 34, cb]...
🗑️ AccTrie Delete: keyword='lecture', fid='educ_00000408' (removing entire key)
🗑️ AccTrie Delete: post-delete root_hash=[e6, 76, ee, ec, 7e, 3b, 9c, 77]...
🔍 AccTrie Query: keyword='sports', found 1 fids
🔍 AccTrie Query: returning proof (461 bytes)
🗑️ AccTrie Delete: keyword='sports', fid='spor_00000409' (removing entire key)
🗑️ AccTrie Delete: post-delete root_hash=[bb, 6e, 12, 59, 07, 7c, 3e, 2a]...
🔧 AccTrie Add: keyword='coach', fid='spor_00000409' (success)
🔧 AccTrie Add: proof size=469 bytes, root_hash=[bb, 6e, 12, 59, 07, 7c, 3e, 2a]...
🗑️ AccTrie Delete: keyword='coach', fid='spor_00000409' (removing entire key)
🗑️ AccTrie Delete: post-delete root_hash=[e6, 76, ee, ec, 7e, 3b, 9c, 77]...
⚠️ AccTrie Delete: keyword='sports' not found in storage
🗑️ AccTrie Delete: keyword='sports', fid='spor_00000409' (removing entire key)
⚠️ AccTrie Delete: delete entire key failed: Key not found
🗑️ AccTrie Delete: post-delete root_hash=[e6, 76, ee, ec, 7e, 3b, 9c, 77]...
🔍 AccTrie Query: keyword='technology', found 1 fids
🔍 AccTrie Query: returning proof (365 bytes)
🗑️ AccTrie Delete: keyword='technology', fid='tech_00000410' (removing entire key)
🗑️ AccTrie Delete: post-delete root_hash=[e6, 76, ee, ec, 7e, 3b, 9c, 77]...
⚠️ AccTrie Delete: keyword='technology' not found in storage
🗑️ AccTrie Delete: keyword='technology', fid='tech_00000410' (removing entire key)
⚠️ AccTrie Delete: delete entire key failed: Key not found
🗑️ AccTrie Delete: post-delete root_hash=[e6, 76, ee, ec, 7e, 3b, 9c, 77]...
🔍 AccTrie Query: keyword='technology', found 1 fids
🔍 AccTrie Query: returning proof (465 bytes)
🗑️ AccTrie Delete: keyword='technology', fid='tech_00000411' (removing entire key)
🗑️ AccTrie Delete: post-delete root_hash=[07, be, 5c, eb, 55, fd, b5, 35]...
🔧 AccTrie Add: keyword='iot', fid='tech_00000411' (success)
🔧 AccTrie Add: proof size=467 bytes, root_hash=[07, be, 5c, eb, 55, fd, b5, 35]...
🗑️ AccTrie Delete: keyword='iot', fid='tech_00000411' (removing entire key)
🗑️ AccTrie Delete: post-delete root_hash=[e6, 76, ee, ec, 7e, 3b, 9c, 77]...
⚠️ AccTrie Delete: keyword='technology' not found in storage
🗑️ AccTrie Delete: keyword='technology', fid='tech_00000411' (removing entire key)
⚠️ AccTrie Delete: delete entire key failed: Key not found
🗑️ AccTrie Delete: post-delete root_hash=[e6, 76, ee, ec, 7e, 3b, 9c, 77]...
🔧 AccTrie Add: keyword='theory', fid='scie_00000412' (success)
🔧 AccTrie Add: proof size=470 bytes, root_hash=[ba, ad, 7f, 2c, ad, 09, 95, 4f]...
🗑️ AccTrie Delete: keyword='theory', fid='scie_00000412' (removing entire key)
🗑️ AccTrie Delete: post-delete root_hash=[e6, 76, ee, ec, 7e, 3b, 9c, 77]...
🔍 AccTrie Query: keyword='technology', found 1 fids
🔍 AccTrie Query: returning proof (465 bytes)
🗑️ AccTrie Delete: keyword='technology', fid='tech_00000413' (removing entire key)
🗑️ AccTrie Delete: post-delete root_hash=[90, 13, c8, 91, 36, 01, a0, 7c]...
🔧 AccTrie Add: keyword='software', fid='tech_00000413' (success)
🔧 AccTrie Add: proof size=472 bytes, root_hash=[90, 13, c8, 91, 36, 01, a0, 7c]...
🗑️ AccTrie Delete: keyword='software', fid='tech_00000413' (removing entire key)
🗑️ AccTrie Delete: post-delete root_hash=[e6, 76, ee, ec, 7e, 3b, 9c, 77]...
⚠️ AccTrie Delete: keyword='technology' not found in storage
🗑️ AccTrie Delete: keyword='technology', fid='tech_00000413' (removing entire key)
⚠️ AccTrie Delete: delete entire key failed: Key not found
🗑️ AccTrie Delete: post-delete root_hash=[e6, 76, ee, ec, 7e, 3b, 9c, 77]...
🔍 AccTrie Query: keyword='technology', found 1 fids
🔍 AccTrie Query: returning proof (365 bytes)
🗑️ AccTrie Delete: keyword='technology', fid='tech_00000415' (removing entire key)
🗑️ AccTrie Delete: post-delete root_hash=[e6, 76, ee, ec, 7e, 3b, 9c, 77]...
⚠️ AccTrie Delete: keyword='technology' not found in storage
🗑️ AccTrie Delete: keyword='technology', fid='tech_00000415' (removing entire key)
⚠️ AccTrie Delete: delete entire key failed: Key not found
🗑️ AccTrie Delete: post-delete root_hash=[e6, 76, ee, ec, 7e, 3b, 9c, 77]...
🔍 AccTrie Query: keyword='health', found 1 fids
🔍 AccTrie Query: returning proof (361 bytes)
🗑️ AccTrie Delete: keyword='health', fid='heal_00000416' (removing entire key)
🗑️ AccTrie Delete: post-delete root_hash=[e6, 76, ee, ec, 7e, 3b, 9c, 77]...
⚠️ AccTrie Delete: keyword='health' not found in storage
🗑️ AccTrie Delete: keyword='health', fid='heal_00000416' (removing entire key)
⚠️ AccTrie Delete: delete entire key failed: Key not found
🗑️ AccTrie Delete: post-delete root_hash=[e6, 76, ee, ec, 7e, 3b, 9c, 77]...
🔍 AccTrie Query: keyword='sports', found 1 fids
🔍 AccTrie Query: returning proof (361 bytes)
🗑️ AccTrie Delete: keyword='sports', fid='spor_00000417' (removing entire key)
🗑️ AccTrie Delete: post-delete root_hash=[e6, 76, ee, ec, 7e, 3b, 9c, 77]...
⚠️ AccTrie Delete: keyword='sports' not found in storage
🗑️ AccTrie Delete: keyword='sports', fid='spor_00000417' (removing entire key)
⚠️ AccTrie Delete: delete entire key failed: Key not found
🗑️ AccTrie Delete: post-delete root_hash=[e6, 76, ee, ec, 7e, 3b, 9c, 77]...
🔍 AccTrie Query: keyword='technology', found 1 fids
🔍 AccTrie Query: returning proof (365 bytes)
🗑️ AccTrie Delete: keyword='technology', fid='tech_00000418' (removing entire key)
🗑️ AccTrie Delete: post-delete root_hash=[e6, 76, ee, ec, 7e, 3b, 9c, 77]...
⚠️ AccTrie Delete: keyword='technology' not found in storage
🗑️ AccTrie Delete: keyword='technology', fid='tech_00000418' (removing entire key)
⚠️ AccTrie Delete: delete entire key failed: Key not found
🗑️ AccTrie Delete: post-delete root_hash=[e6, 76, ee, ec, 7e, 3b, 9c, 77]...
🔍 AccTrie Query: keyword='technology', found 1 fids
🔍 AccTrie Query: returning proof (365 bytes)
🗑️ AccTrie Delete: keyword='technology', fid='tech_00000420' (removing entire key)
🗑️ AccTrie Delete: post-delete root_hash=[e6, 76, ee, ec, 7e, 3b, 9c, 77]...
⚠️ AccTrie Delete: keyword='technology' not found in storage
🗑️ AccTrie Delete: keyword='technology', fid='tech_00000420' (removing entire key)
⚠️ AccTrie Delete: delete entire key failed: Key not found
🗑️ AccTrie Delete: post-delete root_hash=[e6, 76, ee, ec, 7e, 3b, 9c, 77]...
🔍 AccTrie Query: keyword='environment', found 1 fids
🔍 AccTrie Query: returning proof (466 bytes)
🗑️ AccTrie Delete: keyword='environment', fid='envi_00000421' (removing entire key)
🗑️ AccTrie Delete: post-delete root_hash=[99, 13, bd, bf, 09, 45, 36, 2a]...
🔧 AccTrie Add: keyword='sustainability', fid='envi_00000421' (success)
🔧 AccTrie Add: proof size=478 bytes, root_hash=[99, 13, bd, bf, 09, 45, 36, 2a]...
🗑️ AccTrie Delete: keyword='sustainability', fid='envi_00000421' (removing entire key)
🗑️ AccTrie Delete: post-delete root_hash=[e6, 76, ee, ec, 7e, 3b, 9c, 77]...
⚠️ AccTrie Delete: keyword='environment' not found in storage
🗑️ AccTrie Delete: keyword='environment', fid='envi_00000421' (removing entire key)
⚠️ AccTrie Delete: delete entire key failed: Key not found
🗑️ AccTrie Delete: post-delete root_hash=[e6, 76, ee, ec, 7e, 3b, 9c, 77]...
🔍 AccTrie Query: keyword='business', found 1 fids
🔍 AccTrie Query: returning proof (463 bytes)
🗑️ AccTrie Delete: keyword='business', fid='busi_00000422' (removing entire key)
🗑️ AccTrie Delete: post-delete root_hash=[4b, 88, 88, cd, b8, 35, 05, c4]...
🔧 AccTrie Add: keyword='analytics', fid='busi_00000422' (success)
🔧 AccTrie Add: proof size=473 bytes, root_hash=[4b, 88, 88, cd, b8, 35, 05, c4]...
🗑️ AccTrie Delete: keyword='analytics', fid='busi_00000422' (removing entire key)
🗑️ AccTrie Delete: post-delete root_hash=[e6, 76, ee, ec, 7e, 3b, 9c, 77]...
⚠️ AccTrie Delete: keyword='business' not found in storage
🗑️ AccTrie Delete: keyword='business', fid='busi_00000422' (removing entire key)
⚠️ AccTrie Delete: delete entire key failed: Key not found
🗑️ AccTrie Delete: post-delete root_hash=[e6, 76, ee, ec, 7e, 3b, 9c, 77]...
🔧 AccTrie Add: keyword='university', fid='educ_00000423' (success)
🔧 AccTrie Add: proof size=574 bytes, root_hash=[6a, a8, f1, 9c, 6c, d0, 2c, 02]...
🗑️ AccTrie Delete: keyword='university', fid='educ_00000423' (removing entire key)
🗑️ AccTrie Delete: post-delete root_hash=[78, 72, 46, 79, b8, 08, da, 25]...
🗑️ AccTrie Delete: keyword='lecture', fid='educ_00000423' (removing entire key)
🗑️ AccTrie Delete: post-delete root_hash=[e6, 76, ee, ec, 7e, 3b, 9c, 77]...
🔧 AccTrie Add: keyword='policy', fid='news_00000425' (success)
🔧 AccTrie Add: proof size=670 bytes, root_hash=[f6, b0, 3e, 1d, 30, 1c, f0, 84]...
🗑️ AccTrie Delete: keyword='policy', fid='news_00000425' (removing entire key)
🗑️ AccTrie Delete: post-delete root_hash=[93, 4b, fb, 89, a5, 3b, 3b, 02]...
🗑️ AccTrie Delete: keyword='domestic', fid='news_00000425' (removing entire key)
🗑️ AccTrie Delete: post-delete root_hash=[2d, 91, 30, 40, 39, 2d, 64, 0c]...
🗑️ AccTrie Delete: keyword='government', fid='news_00000425' (removing entire key)
🗑️ AccTrie Delete: post-delete root_hash=[e6, 76, ee, ec, 7e, 3b, 9c, 77]...
🔍 AccTrie Query: keyword='health', found 1 fids
🔍 AccTrie Query: returning proof (461 bytes)
🗑️ AccTrie Delete: keyword='health', fid='heal_00000426' (removing entire key)
🗑️ AccTrie Delete: post-delete root_hash=[54, cb, 25, 61, 01, 1f, f7, af]...
🗑️ AccTrie Delete: keyword='wellness', fid='heal_00000426' (removing entire key)
🗑️ AccTrie Delete: post-delete root_hash=[e6, 76, ee, ec, 7e, 3b, 9c, 77]...
⚠️ AccTrie Delete: keyword='health' not found in storage
🗑️ AccTrie Delete: keyword='health', fid='heal_00000426' (removing entire key)
⚠️ AccTrie Delete: delete entire key failed: Key not found
🗑️ AccTrie Delete: post-delete root_hash=[e6, 76, ee, ec, 7e, 3b, 9c, 77]...
🔍 AccTrie Query: keyword='health', found 1 fids
🔍 AccTrie Query: returning proof (361 bytes)
🗑️ AccTrie Delete: keyword='health', fid='heal_00000427' (removing entire key)
🗑️ AccTrie Delete: post-delete root_hash=[e6, 76, ee, ec, 7e, 3b, 9c, 77]...
⚠️ AccTrie Delete: keyword='health' not found in storage
🗑️ AccTrie Delete: keyword='health', fid='heal_00000427' (removing entire key)
⚠️ AccTrie Delete: delete entire key failed: Key not found
🗑️ AccTrie Delete: post-delete root_hash=[e6, 76, ee, ec, 7e, 3b, 9c, 77]...
🔍 AccTrie Query: keyword='health', found 1 fids
🔍 AccTrie Query: returning proof (361 bytes)
🗑️ AccTrie Delete: keyword='health', fid='heal_00000428' (removing entire key)
🗑️ AccTrie Delete: post-delete root_hash=[e6, 76, ee, ec, 7e, 3b, 9c, 77]...
⚠️ AccTrie Delete: keyword='health' not found in storage
🗑️ AccTrie Delete: keyword='health', fid='heal_00000428' (removing entire key)
⚠️ AccTrie Delete: delete entire key failed: Key not found
🗑️ AccTrie Delete: post-delete root_hash=[e6, 76, ee, ec, 7e, 3b, 9c, 77]...
🔍 AccTrie Query: keyword='health', found 1 fids
🔍 AccTrie Query: returning proof (361 bytes)
🗑️ AccTrie Delete: keyword='health', fid='heal_00000430' (removing entire key)
🗑️ AccTrie Delete: post-delete root_hash=[e6, 76, ee, ec, 7e, 3b, 9c, 77]...
⚠️ AccTrie Delete: keyword='health' not found in storage
🗑️ AccTrie Delete: keyword='health', fid='heal_00000430' (removing entire key)
⚠️ AccTrie Delete: delete entire key failed: Key not found
🗑️ AccTrie Delete: post-delete root_hash=[e6, 76, ee, ec, 7e, 3b, 9c, 77]...
🔧 AccTrie Add: keyword='policy', fid='news_00000431' (success)
🔧 AccTrie Add: proof size=570 bytes, root_hash=[29, a5, b1, 9e, af, 28, f6, 5a]...
🗑️ AccTrie Delete: keyword='policy', fid='news_00000431' (removing entire key)
🗑️ AccTrie Delete: post-delete root_hash=[2d, 63, df, ff, bb, ee, 52, fe]...
🗑️ AccTrie Delete: keyword='politics', fid='news_00000431' (removing entire key)
🗑️ AccTrie Delete: post-delete root_hash=[e6, 76, ee, ec, 7e, 3b, 9c, 77]...
🔍 AccTrie Query: keyword='technology', found 1 fids
🔍 AccTrie Query: returning proof (465 bytes)
🗑️ AccTrie Delete: keyword='technology', fid='tech_00000432' (removing entire key)
🗑️ AccTrie Delete: post-delete root_hash=[44, 38, ac, 9b, 02, 1b, 87, c6]...
🗑️ AccTrie Delete: keyword='network', fid='tech_00000432' (removing entire key)
🗑️ AccTrie Delete: post-delete root_hash=[e6, 76, ee, ec, 7e, 3b, 9c, 77]...
⚠️ AccTrie Delete: keyword='technology' not found in storage
🗑️ AccTrie Delete: keyword='technology', fid='tech_00000432' (removing entire key)
⚠️ AccTrie Delete: delete entire key failed: Key not found
🗑️ AccTrie Delete: post-delete root_hash=[e6, 76, ee, ec, 7e, 3b, 9c, 77]...
🔍 AccTrie Query: keyword='technology', found 1 fids
🔍 AccTrie Query: returning proof (365 bytes)
🗑️ AccTrie Delete: keyword='technology', fid='tech_00000433' (removing entire key)
🗑️ AccTrie Delete: post-delete root_hash=[e6, 76, ee, ec, 7e, 3b, 9c, 77]...
⚠️ AccTrie Delete: keyword='technology' not found in storage
🗑️ AccTrie Delete: keyword='technology', fid='tech_00000433' (removing entire key)
⚠️ AccTrie Delete: delete entire key failed: Key not found
🗑️ AccTrie Delete: post-delete root_hash=[e6, 76, ee, ec, 7e, 3b, 9c, 77]...
🔧 AccTrie Add: keyword='lecture', fid='educ_00000434' (success)
🔧 AccTrie Add: proof size=471 bytes, root_hash=[7d, a9, e3, 99, 59, 84, b8, e7]...
🗑️ AccTrie Delete: keyword='lecture', fid='educ_00000434' (removing entire key)
🗑️ AccTrie Delete: post-delete root_hash=[e6, 76, ee, ec, 7e, 3b, 9c, 77]...
🔍 AccTrie Query: keyword='business', found 1 fids
🔍 AccTrie Query: returning proof (363 bytes)
🗑️ AccTrie Delete: keyword='business', fid='busi_00000435' (removing entire key)
🗑️ AccTrie Delete: post-delete root_hash=[e6, 76, ee, ec, 7e, 3b, 9c, 77]...
⚠️ AccTrie Delete: keyword='business' not found in storage
🗑️ AccTrie Delete: keyword='business', fid='busi_00000435' (removing entire key)
⚠️ AccTrie Delete: delete entire key failed: Key not found
🗑️ AccTrie Delete: post-delete root_hash=[e6, 76, ee, ec, 7e, 3b, 9c, 77]...
🔧 AccTrie Add: keyword='physics', fid='scie_00000436' (success)
🔧 AccTrie Add: proof size=471 bytes, root_hash=[ed, fb, a1, a7, 81, c1, 70, 62]...
🗑️ AccTrie Delete: keyword='physics', fid='scie_00000436' (removing entire key)
🗑️ AccTrie Delete: post-delete root_hash=[e6, 76, ee, ec, 7e, 3b, 9c, 77]...
🗑️ AccTrie Delete: keyword='show', fid='ente_00000438' (removing entire key)
🗑️ AccTrie Delete: post-delete root_hash=[e6, 76, ee, ec, 7e, 3b, 9c, 77]...
🗑️ AccTrie Delete: keyword='update', fid='news_00000439' (removing entire key)
🗑️ AccTrie Delete: post-delete root_hash=[e6, 76, ee, ec, 7e, 3b, 9c, 77]...
🔍 AccTrie Query: keyword='technology', found 1 fids
🔍 AccTrie Query: returning proof (365 bytes)
🗑️ AccTrie Delete: keyword='technology', fid='tech_00000440' (removing entire key)
🗑️ AccTrie Delete: post-delete root_hash=[e6, 76, ee, ec, 7e, 3b, 9c, 77]...
⚠️ AccTrie Delete: keyword='technology' not found in storage
🗑️ AccTrie Delete: keyword='technology', fid='tech_00000440' (removing entire key)
⚠️ AccTrie Delete: delete entire key failed: Key not found
🗑️ AccTrie Delete: post-delete root_hash=[e6, 76, ee, ec, 7e, 3b, 9c, 77]...
🔧 AccTrie Add: keyword='recipe', fid='life_00000441' (success)
🔧 AccTrie Add: proof size=470 bytes, root_hash=[9d, fe, 96, 74, 61, dd, 8e, 32]...
🗑️ AccTrie Delete: keyword='recipe', fid='life_00000441' (removing entire key)
🗑️ AccTrie Delete: post-delete root_hash=[e6, 76, ee, ec, 7e, 3b, 9c, 77]...
🔧 AccTrie Add: keyword='university', fid='educ_00000443' (success)
🔧 AccTrie Add: proof size=474 bytes, root_hash=[8f, ad, 72, ec, fd, fc, 03, a8]...
🗑️ AccTrie Delete: keyword='university', fid='educ_00000443' (removing entire key)
🗑️ AccTrie Delete: post-delete root_hash=[e6, 76, ee, ec, 7e, 3b, 9c, 77]...
🔍 AccTrie Query: keyword='sports', found 1 fids
🔍 AccTrie Query: returning proof (361 bytes)
🗑️ AccTrie Delete: keyword='sports', fid='spor_00000444' (removing entire key)
🗑️ AccTrie Delete: post-delete root_hash=[e6, 76, ee, ec, 7e, 3b, 9c, 77]...
⚠️ AccTrie Delete: keyword='sports' not found in storage
🗑️ AccTrie Delete: keyword='sports', fid='spor_00000444' (removing entire key)
⚠️ AccTrie Delete: delete entire key failed: Key not found
🗑️ AccTrie Delete: post-delete root_hash=[e6, 76, ee, ec, 7e, 3b, 9c, 77]...
🔍 AccTrie Query: keyword='business', found 1 fids
🔍 AccTrie Query: returning proof (363 bytes)
🗑️ AccTrie Delete: keyword='business', fid='busi_00000445' (removing entire key)
🗑️ AccTrie Delete: post-delete root_hash=[e6, 76, ee, ec, 7e, 3b, 9c, 77]...
⚠️ AccTrie Delete: keyword='business' not found in storage
🗑️ AccTrie Delete: keyword='business', fid='busi_00000445' (removing entire key)
⚠️ AccTrie Delete: delete entire key failed: Key not found
🗑️ AccTrie Delete: post-delete root_hash=[e6, 76, ee, ec, 7e, 3b, 9c, 77]...
🔍 AccTrie Query: keyword='technology', found 1 fids
🔍 AccTrie Query: returning proof (365 bytes)
🗑️ AccTrie Delete: keyword='technology', fid='tech_00000446' (removing entire key)
🗑️ AccTrie Delete: post-delete root_hash=[e6, 76, ee, ec, 7e, 3b, 9c, 77]...
⚠️ AccTrie Delete: keyword='technology' not found in storage
🗑️ AccTrie Delete: keyword='technology', fid='tech_00000446' (removing entire key)
⚠️ AccTrie Delete: delete entire key failed: Key not found
🗑️ AccTrie Delete: post-delete root_hash=[e6, 76, ee, ec, 7e, 3b, 9c, 77]...
🔍 AccTrie Query: keyword='sports', found 1 fids
🔍 AccTrie Query: returning proof (561 bytes)
🗑️ AccTrie Delete: keyword='sports', fid='spor_00000448' (removing entire key)
🗑️ AccTrie Delete: post-delete root_hash=[10, d0, 7f, bf, 63, e1, f4, 96]...
🔧 AccTrie Add: keyword='match', fid='spor_00000448' (success)
🔧 AccTrie Add: proof size=569 bytes, root_hash=[10, d0, 7f, bf, 63, e1, f4, 96]...
🗑️ AccTrie Delete: keyword='olympics', fid='spor_00000448' (removing entire key)
🗑️ AccTrie Delete: post-delete root_hash=[1c, f1, 7e, c2, 34, c3, 78, 2c]...
🗑️ AccTrie Delete: keyword='match', fid='spor_00000448' (removing entire key)
🗑️ AccTrie Delete: post-delete root_hash=[e6, 76, ee, ec, 7e, 3b, 9c, 77]...
⚠️ AccTrie Delete: keyword='sports' not found in storage
🗑️ AccTrie Delete: keyword='sports', fid='spor_00000448' (removing entire key)
⚠️ AccTrie Delete: delete entire key failed: Key not found
🗑️ AccTrie Delete: post-delete root_hash=[e6, 76, ee, ec, 7e, 3b, 9c, 77]...
🔍 AccTrie Query: keyword='health', found 1 fids
🔍 AccTrie Query: returning proof (361 bytes)
🗑️ AccTrie Delete: keyword='health', fid='heal_00000449' (removing entire key)
🗑️ AccTrie Delete: post-delete root_hash=[e6, 76, ee, ec, 7e, 3b, 9c, 77]...
⚠️ AccTrie Delete: keyword='health' not found in storage
🗑️ AccTrie Delete: keyword='health', fid='heal_00000449' (removing entire key)
⚠️ AccTrie Delete: delete entire key failed: Key not found
🗑️ AccTrie Delete: post-delete root_hash=[e6, 76, ee, ec, 7e, 3b, 9c, 77]...
🔧 AccTrie Add: keyword='report', fid='news_00000451' (success)
🔧 AccTrie Add: proof size=570 bytes, root_hash=[af, 3f, 24, c7, eb, 77, 99, 68]...
🗑️ AccTrie Delete: keyword='report', fid='news_00000451' (removing entire key)
🗑️ AccTrie Delete: post-delete root_hash=[79, 88, 72, 8f, fc, c6, e4, f4]...
🗑️ AccTrie Delete: keyword='politics', fid='news_00000451' (removing entire key)
🗑️ AccTrie Delete: post-delete root_hash=[e6, 76, ee, ec, 7e, 3b, 9c, 77]...
🔧 AccTrie Add: keyword='comedy', fid='ente_00000452' (success)
🔧 AccTrie Add: proof size=570 bytes, root_hash=[3b, 87, e0, c7, 00, a7, 8a, c8]...
🗑️ AccTrie Delete: keyword='show', fid='ente_00000452' (removing entire key)
🗑️ AccTrie Delete: post-delete root_hash=[cb, 39, fa, 4a, 2c, 26, c4, b7]...
🗑️ AccTrie Delete: keyword='comedy', fid='ente_00000452' (removing entire key)
🗑️ AccTrie Delete: post-delete root_hash=[e6, 76, ee, ec, 7e, 3b, 9c, 77]...
🔍 AccTrie Query: keyword='business', found 1 fids
🔍 AccTrie Query: returning proof (463 bytes)
🗑️ AccTrie Delete: keyword='business', fid='busi_00000454' (removing entire key)
🗑️ AccTrie Delete: post-delete root_hash=[0f, ac, e9, c0, 4d, 5c, c3, ad]...
🔧 AccTrie Add: keyword='startup', fid='busi_00000454' (success)
🔧 AccTrie Add: proof size=471 bytes, root_hash=[0f, ac, e9, c0, 4d, 5c, c3, ad]...
⚠️ AccTrie Delete: keyword='business' not found in storage
🗑️ AccTrie Delete: keyword='business', fid='busi_00000454' (removing entire key)
⚠️ AccTrie Delete: delete entire key failed: Key not found
🗑️ AccTrie Delete: post-delete root_hash=[0f, ac, e9, c0, 4d, 5c, c3, ad]...
🗑️ AccTrie Delete: keyword='startup', fid='busi_00000454' (removing entire key)
🗑️ AccTrie Delete: post-delete root_hash=[e6, 76, ee, ec, 7e, 3b, 9c, 77]...
🔍 AccTrie Query: keyword='health', found 1 fids
🔍 AccTrie Query: returning proof (461 bytes)
🗑️ AccTrie Delete: keyword='health', fid='heal_00000455' (removing entire key)
🗑️ AccTrie Delete: post-delete root_hash=[59, 38, 05, 1b, 7f, 1e, 43, bc]...
🔧 AccTrie Add: keyword='patient', fid='heal_00000455' (success)
🔧 AccTrie Add: proof size=471 bytes, root_hash=[59, 38, 05, 1b, 7f, 1e, 43, bc]...
⚠️ AccTrie Delete: keyword='health' not found in storage
🗑️ AccTrie Delete: keyword='health', fid='heal_00000455' (removing entire key)
⚠️ AccTrie Delete: delete entire key failed: Key not found
🗑️ AccTrie Delete: post-delete root_hash=[59, 38, 05, 1b, 7f, 1e, 43, bc]...
🗑️ AccTrie Delete: keyword='patient', fid='heal_00000455' (removing entire key)
🗑️ AccTrie Delete: post-delete root_hash=[e6, 76, ee, ec, 7e, 3b, 9c, 77]...
🔧 AccTrie Add: keyword='politics', fid='news_00000457' (success)
🔧 AccTrie Add: proof size=572 bytes, root_hash=[8e, 70, 74, dd, 8d, f9, 6b, d0]...
🗑️ AccTrie Delete: keyword='politics', fid='news_00000457' (removing entire key)
🗑️ AccTrie Delete: post-delete root_hash=[b5, 26, 69, fd, 39, 23, 64, f7]...
🗑️ AccTrie Delete: keyword='report', fid='news_00000457' (removing entire key)
🗑️ AccTrie Delete: post-delete root_hash=[e6, 76, ee, ec, 7e, 3b, 9c, 77]...
🔍 AccTrie Query: keyword='health', found 1 fids
🔍 AccTrie Query: returning proof (361 bytes)
🗑️ AccTrie Delete: keyword='health', fid='heal_00000458' (removing entire key)
🗑️ AccTrie Delete: post-delete root_hash=[e6, 76, ee, ec, 7e, 3b, 9c, 77]...
⚠️ AccTrie Delete: keyword='health' not found in storage
🗑️ AccTrie Delete: keyword='health', fid='heal_00000458' (removing entire key)
⚠️ AccTrie Delete: delete entire key failed: Key not found
🗑️ AccTrie Delete: post-delete root_hash=[e6, 76, ee, ec, 7e, 3b, 9c, 77]...
🔍 AccTrie Query: keyword='technology', found 1 fids
🔍 AccTrie Query: returning proof (365 bytes)
🗑️ AccTrie Delete: keyword='technology', fid='tech_00000459' (removing entire key)
🗑️ AccTrie Delete: post-delete root_hash=[e6, 76, ee, ec, 7e, 3b, 9c, 77]...
⚠️ AccTrie Delete: keyword='technology' not found in storage
🗑️ AccTrie Delete: keyword='technology', fid='tech_00000459' (removing entire key)
⚠️ AccTrie Delete: delete entire key failed: Key not found
🗑️ AccTrie Delete: post-delete root_hash=[e6, 76, ee, ec, 7e, 3b, 9c, 77]...
🔍 AccTrie Query: keyword='health', found 1 fids
🔍 AccTrie Query: returning proof (361 bytes)
🗑️ AccTrie Delete: keyword='health', fid='heal_00000460' (removing entire key)
🗑️ AccTrie Delete: post-delete root_hash=[e6, 76, ee, ec, 7e, 3b, 9c, 77]...
⚠️ AccTrie Delete: keyword='health' not found in storage
🗑️ AccTrie Delete: keyword='health', fid='heal_00000460' (removing entire key)
⚠️ AccTrie Delete: delete entire key failed: Key not found
🗑️ AccTrie Delete: post-delete root_hash=[e6, 76, ee, ec, 7e, 3b, 9c, 77]...
🔍 AccTrie Query: keyword='environment', found 1 fids
🔍 AccTrie Query: returning proof (366 bytes)
🗑️ AccTrie Delete: keyword='environment', fid='envi_00000461' (removing entire key)
🗑️ AccTrie Delete: post-delete root_hash=[e6, 76, ee, ec, 7e, 3b, 9c, 77]...
⚠️ AccTrie Delete: keyword='environment' not found in storage
🗑️ AccTrie Delete: keyword='environment', fid='envi_00000461' (removing entire key)
⚠️ AccTrie Delete: delete entire key failed: Key not found
🗑️ AccTrie Delete: post-delete root_hash=[e6, 76, ee, ec, 7e, 3b, 9c, 77]...
🔍 AccTrie Query: keyword='business', found 1 fids
🔍 AccTrie Query: returning proof (463 bytes)
🗑️ AccTrie Delete: keyword='business', fid='busi_00000462' (removing entire key)
🗑️ AccTrie Delete: post-delete root_hash=[b1, ef, 37, d7, 8d, 21, c9, 3f]...
🔧 AccTrie Add: keyword='analytics', fid='busi_00000462' (success)
🔧 AccTrie Add: proof size=473 bytes, root_hash=[b1, ef, 37, d7, 8d, 21, c9, 3f]...
🗑️ AccTrie Delete: keyword='analytics', fid='busi_00000462' (removing entire key)
🗑️ AccTrie Delete: post-delete root_hash=[e6, 76, ee, ec, 7e, 3b, 9c, 77]...
⚠️ AccTrie Delete: keyword='business' not found in storage
🗑️ AccTrie Delete: keyword='business', fid='busi_00000462' (removing entire key)
⚠️ AccTrie Delete: delete entire key failed: Key not found
🗑️ AccTrie Delete: post-delete root_hash=[e6, 76, ee, ec, 7e, 3b, 9c, 77]...
🗑️ AccTrie Delete: keyword='show', fid='ente_00000463' (removing entire key)
🗑️ AccTrie Delete: post-delete root_hash=[e6, 76, ee, ec, 7e, 3b, 9c, 77]...
🗑️ AccTrie Delete: keyword='movie', fid='ente_00000464' (removing entire key)
🗑️ AccTrie Delete: post-delete root_hash=[e6, 76, ee, ec, 7e, 3b, 9c, 77]...
🔍 AccTrie Query: keyword='technology', found 1 fids
🔍 AccTrie Query: returning proof (565 bytes)
🗑️ AccTrie Delete: keyword='technology', fid='tech_00000465' (removing entire key)
🗑️ AccTrie Delete: post-delete root_hash=[72, 13, b2, 7c, 05, 0d, 3c, 78]...
🔧 AccTrie Add: keyword='software', fid='tech_00000465' (success)
🔧 AccTrie Add: proof size=572 bytes, root_hash=[72, 13, b2, 7c, 05, 0d, 3c, 78]...
⚠️ AccTrie Delete: keyword='technology' not found in storage
🗑️ AccTrie Delete: keyword='technology', fid='tech_00000465' (removing entire key)
⚠️ AccTrie Delete: delete entire key failed: Key not found
🗑️ AccTrie Delete: post-delete root_hash=[72, 13, b2, 7c, 05, 0d, 3c, 78]...
🗑️ AccTrie Delete: keyword='iot', fid='tech_00000465' (removing entire key)
🗑️ AccTrie Delete: post-delete root_hash=[1a, fd, 9f, 95, 0c, 36, ba, a4]...
🗑️ AccTrie Delete: keyword='software', fid='tech_00000465' (removing entire key)
🗑️ AccTrie Delete: post-delete root_hash=[e6, 76, ee, ec, 7e, 3b, 9c, 77]...
🔧 AccTrie Add: keyword='family', fid='life_00000466' (success)
🔧 AccTrie Add: proof size=570 bytes, root_hash=[c8, 1d, b5, 3f, dc, 59, 03, 5e]...
🗑️ AccTrie Delete: keyword='family', fid='life_00000466' (removing entire key)
🗑️ AccTrie Delete: post-delete root_hash=[90, f1, 83, cf, 09, e6, 68, ee]...
🗑️ AccTrie Delete: keyword='beauty', fid='life_00000466' (removing entire key)
🗑️ AccTrie Delete: post-delete root_hash=[e6, 76, ee, ec, 7e, 3b, 9c, 77]...
🔍 AccTrie Query: keyword='health', found 1 fids
🔍 AccTrie Query: returning proof (461 bytes)
🗑️ AccTrie Delete: keyword='health', fid='heal_00000467' (removing entire key)
🗑️ AccTrie Delete: post-delete root_hash=[8a, a7, 6d, eb, d9, 97, 50, 7f]...
🔧 AccTrie Add: keyword='patient', fid='heal_00000467' (success)
🔧 AccTrie Add: proof size=471 bytes, root_hash=[8a, a7, 6d, eb, d9, 97, 50, 7f]...
⚠️ AccTrie Delete: keyword='health' not found in storage
🗑️ AccTrie Delete: keyword='health', fid='heal_00000467' (removing entire key)
⚠️ AccTrie Delete: delete entire key failed: Key not found
🗑️ AccTrie Delete: post-delete root_hash=[8a, a7, 6d, eb, d9, 97, 50, 7f]...
🗑️ AccTrie Delete: keyword='patient', fid='heal_00000467' (removing entire key)
🗑️ AccTrie Delete: post-delete root_hash=[e6, 76, ee, ec, 7e, 3b, 9c, 77]...
🔍 AccTrie Query: keyword='technology', found 1 fids
🔍 AccTrie Query: returning proof (465 bytes)
🗑️ AccTrie Delete: keyword='technology', fid='tech_00000468' (removing entire key)
🗑️ AccTrie Delete: post-delete root_hash=[ea, 01, 06, a6, 59, cb, 3c, 06]...
⚠️ AccTrie Delete: keyword='technology' not found in storage
🗑️ AccTrie Delete: keyword='technology', fid='tech_00000468' (removing entire key)
⚠️ AccTrie Delete: delete entire key failed: Key not found
🗑️ AccTrie Delete: post-delete root_hash=[ea, 01, 06, a6, 59, cb, 3c, 06]...
🗑️ AccTrie Delete: keyword='software', fid='tech_00000468' (removing entire key)
🗑️ AccTrie Delete: post-delete root_hash=[e6, 76, ee, ec, 7e, 3b, 9c, 77]...
🔍 AccTrie Query: keyword='business', found 1 fids
🔍 AccTrie Query: returning proof (463 bytes)
🗑️ AccTrie Delete: keyword='business', fid='busi_00000469' (removing entire key)
🗑️ AccTrie Delete: post-delete root_hash=[50, 37, cd, ba, 00, 83, fb, 1a]...
🔧 AccTrie Add: keyword='analytics', fid='busi_00000469' (success)
🔧 AccTrie Add: proof size=473 bytes, root_hash=[50, 37, cd, ba, 00, 83, fb, 1a]...
🗑️ AccTrie Delete: keyword='analytics', fid='busi_00000469' (removing entire key)
🗑️ AccTrie Delete: post-delete root_hash=[e6, 76, ee, ec, 7e, 3b, 9c, 77]...
⚠️ AccTrie Delete: keyword='business' not found in storage
🗑️ AccTrie Delete: keyword='business', fid='busi_00000469' (removing entire key)
⚠️ AccTrie Delete: delete entire key failed: Key not found
🗑️ AccTrie Delete: post-delete root_hash=[e6, 76, ee, ec, 7e, 3b, 9c, 77]...
🔍 AccTrie Query: keyword='technology', found 1 fids
🔍 AccTrie Query: returning proof (565 bytes)
🗑️ AccTrie Delete: keyword='technology', fid='tech_00000470' (removing entire key)
🗑️ AccTrie Delete: post-delete root_hash=[3b, 0c, 13, a1, f9, 53, 77, 1d]...
🔧 AccTrie Add: keyword='network', fid='tech_00000470' (success)
🔧 AccTrie Add: proof size=571 bytes, root_hash=[3b, 0c, 13, a1, f9, 53, 77, 1d]...
⚠️ AccTrie Delete: keyword='technology' not found in storage
🗑️ AccTrie Delete: keyword='technology', fid='tech_00000470' (removing entire key)
⚠️ AccTrie Delete: delete entire key failed: Key not found
🗑️ AccTrie Delete: post-delete root_hash=[3b, 0c, 13, a1, f9, 53, 77, 1d]...
🗑️ AccTrie Delete: keyword='network', fid='tech_00000470' (removing entire key)
🗑️ AccTrie Delete: post-delete root_hash=[3e, 14, f4, 95, 81, c1, c3, 43]...
🗑️ AccTrie Delete: keyword='iot', fid='tech_00000470' (removing entire key)
🗑️ AccTrie Delete: post-delete root_hash=[e6, 76, ee, ec, 7e, 3b, 9c, 77]...
🔍 AccTrie Query: keyword='technology', found 1 fids
🔍 AccTrie Query: returning proof (465 bytes)
🗑️ AccTrie Delete: keyword='technology', fid='tech_00000471' (removing entire key)
🗑️ AccTrie Delete: post-delete root_hash=[d7, 28, 9f, 02, 0b, a4, cf, ec]...
⚠️ AccTrie Delete: keyword='technology' not found in storage
🗑️ AccTrie Delete: keyword='technology', fid='tech_00000471' (removing entire key)
⚠️ AccTrie Delete: delete entire key failed: Key not found
🗑️ AccTrie Delete: post-delete root_hash=[d7, 28, 9f, 02, 0b, a4, cf, ec]...
🗑️ AccTrie Delete: keyword='iot', fid='tech_00000471' (removing entire key)
🗑️ AccTrie Delete: post-delete root_hash=[e6, 76, ee, ec, 7e, 3b, 9c, 77]...
🔍 AccTrie Query: keyword='technology', found 1 fids
🔍 AccTrie Query: returning proof (365 bytes)
🗑️ AccTrie Delete: keyword='technology', fid='tech_00000472' (removing entire key)
🗑️ AccTrie Delete: post-delete root_hash=[e6, 76, ee, ec, 7e, 3b, 9c, 77]...
⚠️ AccTrie Delete: keyword='technology' not found in storage
🗑️ AccTrie Delete: keyword='technology', fid='tech_00000472' (removing entire key)
⚠️ AccTrie Delete: delete entire key failed: Key not found
🗑️ AccTrie Delete: post-delete root_hash=[e6, 76, ee, ec, 7e, 3b, 9c, 77]...
🗑️ AccTrie Delete: keyword='lecture', fid='educ_00000473' (removing entire key)
🗑️ AccTrie Delete: post-delete root_hash=[e6, 76, ee, ec, 7e, 3b, 9c, 77]...
🔍 AccTrie Query: keyword='technology', found 1 fids
🔍 AccTrie Query: returning proof (465 bytes)
🗑️ AccTrie Delete: keyword='technology', fid='tech_00000474' (removing entire key)
🗑️ AccTrie Delete: post-delete root_hash=[6d, 1e, c2, a8, f2, 69, 02, 58]...
🔧 AccTrie Add: keyword='iot', fid='tech_00000474' (success)
🔧 AccTrie Add: proof size=467 bytes, root_hash=[6d, 1e, c2, a8, f2, 69, 02, 58]...
⚠️ AccTrie Delete: keyword='technology' not found in storage
🗑️ AccTrie Delete: keyword='technology', fid='tech_00000474' (removing entire key)
⚠️ AccTrie Delete: delete entire key failed: Key not found
🗑️ AccTrie Delete: post-delete root_hash=[6d, 1e, c2, a8, f2, 69, 02, 58]...
🗑️ AccTrie Delete: keyword='iot', fid='tech_00000474' (removing entire key)
🗑️ AccTrie Delete: post-delete root_hash=[e6, 76, ee, ec, 7e, 3b, 9c, 77]...
🔧 AccTrie Add: keyword='update', fid='news_00000475' (success)
🔧 AccTrie Add: proof size=770 bytes, root_hash=[e8, 67, 40, 49, a0, 7f, 1e, 75]...
🗑️ AccTrie Delete: keyword='domestic', fid='news_00000475' (removing entire key)
🗑️ AccTrie Delete: post-delete root_hash=[86, 87, 71, 08, 04, 44, f2, 96]...
🗑️ AccTrie Delete: keyword='policy', fid='news_00000475' (removing entire key)
🗑️ AccTrie Delete: post-delete root_hash=[bb, 2e, a7, 7c, e8, 32, 6b, 59]...
🗑️ AccTrie Delete: keyword='government', fid='news_00000475' (removing entire key)
🗑️ AccTrie Delete: post-delete root_hash=[9e, 0d, 37, 7b, b7, 93, 69, df]...
🗑️ AccTrie Delete: keyword='update', fid='news_00000475' (removing entire key)
🗑️ AccTrie Delete: post-delete root_hash=[e6, 76, ee, ec, 7e, 3b, 9c, 77]...
🔧 AccTrie Add: keyword='theory', fid='scie_00000477' (success)
🔧 AccTrie Add: proof size=570 bytes, root_hash=[66, b0, 94, e2, 4f, 8c, dd, 2a]...
🗑️ AccTrie Delete: keyword='experiment', fid='scie_00000477' (removing entire key)
🗑️ AccTrie Delete: post-delete root_hash=[79, 2f, 85, b7, 33, d4, 3e, 7d]...
🗑️ AccTrie Delete: keyword='theory', fid='scie_00000477' (removing entire key)
🗑️ AccTrie Delete: post-delete root_hash=[e6, 76, ee, ec, 7e, 3b, 9c, 77]...
🔍 AccTrie Query: keyword='sports', found 1 fids
🔍 AccTrie Query: returning proof (561 bytes)
🗑️ AccTrie Delete: keyword='sports', fid='spor_00000478' (removing entire key)
🗑️ AccTrie Delete: post-delete root_hash=[9e, f5, c0, 4e, bd, 34, 0e, 1c]...
🔧 AccTrie Add: keyword='match', fid='spor_00000478' (success)
🔧 AccTrie Add: proof size=569 bytes, root_hash=[9e, f5, c0, 4e, bd, 34, 0e, 1c]...
🗑️ AccTrie Delete: keyword='coach', fid='spor_00000478' (removing entire key)
🗑️ AccTrie Delete: post-delete root_hash=[0c, 7b, 6c, a7, 82, 59, 6e, a5]...
⚠️ AccTrie Delete: keyword='sports' not found in storage
🗑️ AccTrie Delete: keyword='sports', fid='spor_00000478' (removing entire key)
⚠️ AccTrie Delete: delete entire key failed: Key not found
🗑️ AccTrie Delete: post-delete root_hash=[0c, 7b, 6c, a7, 82, 59, 6e, a5]...
🗑️ AccTrie Delete: keyword='match', fid='spor_00000478' (removing entire key)
🗑️ AccTrie Delete: post-delete root_hash=[e6, 76, ee, ec, 7e, 3b, 9c, 77]...
🔍 AccTrie Query: keyword='health', found 1 fids
🔍 AccTrie Query: returning proof (361 bytes)
🗑️ AccTrie Delete: keyword='health', fid='heal_00000479' (removing entire key)
🗑️ AccTrie Delete: post-delete root_hash=[e6, 76, ee, ec, 7e, 3b, 9c, 77]...
⚠️ AccTrie Delete: keyword='health' not found in storage
🗑️ AccTrie Delete: keyword='health', fid='heal_00000479' (removing entire key)
⚠️ AccTrie Delete: delete entire key failed: Key not found
🗑️ AccTrie Delete: post-delete root_hash=[e6, 76, ee, ec, 7e, 3b, 9c, 77]...
🔍 AccTrie Query: keyword='health', found 1 fids
🔍 AccTrie Query: returning proof (361 bytes)
🗑️ AccTrie Delete: keyword='health', fid='heal_00000481' (removing entire key)
🗑️ AccTrie Delete: post-delete root_hash=[e6, 76, ee, ec, 7e, 3b, 9c, 77]...
⚠️ AccTrie Delete: keyword='health' not found in storage
🗑️ AccTrie Delete: keyword='health', fid='heal_00000481' (removing entire key)
⚠️ AccTrie Delete: delete entire key failed: Key not found
🗑️ AccTrie Delete: post-delete root_hash=[e6, 76, ee, ec, 7e, 3b, 9c, 77]...
🗑️ AccTrie Delete: keyword='university', fid='educ_00000482' (removing entire key)
🗑️ AccTrie Delete: post-delete root_hash=[e6, 76, ee, ec, 7e, 3b, 9c, 77]...
🗑️ AccTrie Delete: keyword='government', fid='news_00000483' (removing entire key)
🗑️ AccTrie Delete: post-delete root_hash=[e6, 76, ee, ec, 7e, 3b, 9c, 77]...
🔍 AccTrie Query: keyword='sports', found 1 fids
🔍 AccTrie Query: returning proof (461 bytes)
🗑️ AccTrie Delete: keyword='sports', fid='spor_00000484' (removing entire key)
🗑️ AccTrie Delete: post-delete root_hash=[bf, e0, 44, 54, 5a, 74, 01, 04]...
🗑️ AccTrie Delete: keyword='coach', fid='spor_00000484' (removing entire key)
🗑️ AccTrie Delete: post-delete root_hash=[e6, 76, ee, ec, 7e, 3b, 9c, 77]...
⚠️ AccTrie Delete: keyword='sports' not found in storage
🗑️ AccTrie Delete: keyword='sports', fid='spor_00000484' (removing entire key)
⚠️ AccTrie Delete: delete entire key failed: Key not found
🗑️ AccTrie Delete: post-delete root_hash=[e6, 76, ee, ec, 7e, 3b, 9c, 77]...
🔍 AccTrie Query: keyword='sports', found 1 fids
🔍 AccTrie Query: returning proof (361 bytes)
🗑️ AccTrie Delete: keyword='sports', fid='spor_00000485' (removing entire key)
🗑️ AccTrie Delete: post-delete root_hash=[e6, 76, ee, ec, 7e, 3b, 9c, 77]...
⚠️ AccTrie Delete: keyword='sports' not found in storage
🗑️ AccTrie Delete: keyword='sports', fid='spor_00000485' (removing entire key)
⚠️ AccTrie Delete: delete entire key failed: Key not found
🗑️ AccTrie Delete: post-delete root_hash=[e6, 76, ee, ec, 7e, 3b, 9c, 77]...
🔍 AccTrie Query: keyword='sports', found 1 fids
🔍 AccTrie Query: returning proof (461 bytes)
🗑️ AccTrie Delete: keyword='sports', fid='spor_00000488' (removing entire key)
🗑️ AccTrie Delete: post-delete root_hash=[d0, a9, 3c, 35, 45, 97, 9b, 28]...
🔧 AccTrie Add: keyword='coach', fid='spor_00000488' (success)
🔧 AccTrie Add: proof size=469 bytes, root_hash=[d0, a9, 3c, 35, 45, 97, 9b, 28]...
⚠️ AccTrie Delete: keyword='sports' not found in storage
🗑️ AccTrie Delete: keyword='sports', fid='spor_00000488' (removing entire key)
⚠️ AccTrie Delete: delete entire key failed: Key not found
🗑️ AccTrie Delete: post-delete root_hash=[d0, a9, 3c, 35, 45, 97, 9b, 28]...
🗑️ AccTrie Delete: keyword='coach', fid='spor_00000488' (removing entire key)
🗑️ AccTrie Delete: post-delete root_hash=[e6, 76, ee, ec, 7e, 3b, 9c, 77]...
🔍 AccTrie Query: keyword='sports', found 1 fids
🔍 AccTrie Query: returning proof (361 bytes)
🗑️ AccTrie Delete: keyword='sports', fid='spor_00000489' (removing entire key)
🗑️ AccTrie Delete: post-delete root_hash=[e6, 76, ee, ec, 7e, 3b, 9c, 77]...
⚠️ AccTrie Delete: keyword='sports' not found in storage
🗑️ AccTrie Delete: keyword='sports', fid='spor_00000489' (removing entire key)
⚠️ AccTrie Delete: delete entire key failed: Key not found
🗑️ AccTrie Delete: post-delete root_hash=[e6, 76, ee, ec, 7e, 3b, 9c, 77]...
🔍 AccTrie Query: keyword='business', found 1 fids
🔍 AccTrie Query: returning proof (463 bytes)
🗑️ AccTrie Delete: keyword='business', fid='busi_00000490' (removing entire key)
🗑️ AccTrie Delete: post-delete root_hash=[c1, a8, f5, c7, b6, 34, a5, 06]...
🗑️ AccTrie Delete: keyword='analytics', fid='busi_00000490' (removing entire key)
🗑️ AccTrie Delete: post-delete root_hash=[e6, 76, ee, ec, 7e, 3b, 9c, 77]...
⚠️ AccTrie Delete: keyword='business' not found in storage
🗑️ AccTrie Delete: keyword='business', fid='busi_00000490' (removing entire key)
⚠️ AccTrie Delete: delete entire key failed: Key not found
🗑️ AccTrie Delete: post-delete root_hash=[e6, 76, ee, ec, 7e, 3b, 9c, 77]...
🔍 AccTrie Query: keyword='sports', found 1 fids
🔍 AccTrie Query: returning proof (361 bytes)
🗑️ AccTrie Delete: keyword='sports', fid='spor_00000491' (removing entire key)
🗑️ AccTrie Delete: post-delete root_hash=[e6, 76, ee, ec, 7e, 3b, 9c, 77]...
⚠️ AccTrie Delete: keyword='sports' not found in storage
🗑️ AccTrie Delete: keyword='sports', fid='spor_00000491' (removing entire key)
⚠️ AccTrie Delete: delete entire key failed: Key not found
🗑️ AccTrie Delete: post-delete root_hash=[e6, 76, ee, ec, 7e, 3b, 9c, 77]...
🔍 AccTrie Query: keyword='technology', found 1 fids
🔍 AccTrie Query: returning proof (465 bytes)
🗑️ AccTrie Delete: keyword='technology', fid='tech_00000493' (removing entire key)
🗑️ AccTrie Delete: post-delete root_hash=[28, a0, 55, c9, 9f, 9c, dc, ca]...
⚠️ AccTrie Delete: keyword='technology' not found in storage
🗑️ AccTrie Delete: keyword='technology', fid='tech_00000493' (removing entire key)
⚠️ AccTrie Delete: delete entire key failed: Key not found
🗑️ AccTrie Delete: post-delete root_hash=[28, a0, 55, c9, 9f, 9c, dc, ca]...
🗑️ AccTrie Delete: keyword='iot', fid='tech_00000493' (removing entire key)
🗑️ AccTrie Delete: post-delete root_hash=[e6, 76, ee, ec, 7e, 3b, 9c, 77]...
🗑️ AccTrie Delete: keyword='family', fid='life_00000494' (removing entire key)
🗑️ AccTrie Delete: post-delete root_hash=[78, 2c, 24, ff, 6d, 33, 1b, 07]...
🗑️ AccTrie Delete: keyword='food', fid='life_00000494' (removing entire key)
🗑️ AccTrie Delete: post-delete root_hash=[e6, 76, ee, ec, 7e, 3b, 9c, 77]...
🔍 AccTrie Query: keyword='business', found 1 fids
🔍 AccTrie Query: returning proof (463 bytes)
🗑️ AccTrie Delete: keyword='business', fid='busi_00000495' (removing entire key)
🗑️ AccTrie Delete: post-delete root_hash=[d3, 8f, 6d, ec, 42, 26, f6, 25]...
🗑️ AccTrie Delete: keyword='analytics', fid='busi_00000495' (removing entire key)
🗑️ AccTrie Delete: post-delete root_hash=[e6, 76, ee, ec, 7e, 3b, 9c, 77]...
⚠️ AccTrie Delete: keyword='business' not found in storage
🗑️ AccTrie Delete: keyword='business', fid='busi_00000495' (removing entire key)
⚠️ AccTrie Delete: delete entire key failed: Key not found
🗑️ AccTrie Delete: post-delete root_hash=[e6, 76, ee, ec, 7e, 3b, 9c, 77]...
🔧 AccTrie Add: keyword='comedy', fid='ente_00000497' (success)
🔧 AccTrie Add: proof size=570 bytes, root_hash=[5a, b7, 76, 42, 26, 9a, 67, 15]...
🗑️ AccTrie Delete: keyword='comedy', fid='ente_00000497' (removing entire key)
🗑️ AccTrie Delete: post-delete root_hash=[1b, 1f, d6, b5, b6, f8, 74, c0]...
🗑️ AccTrie Delete: keyword='movie', fid='ente_00000497' (removing entire key)
🗑️ AccTrie Delete: post-delete root_hash=[e6, 76, ee, ec, 7e, 3b, 9c, 77]...
🔍 AccTrie Query: keyword='health', found 1 fids
🔍 AccTrie Query: returning proof (361 bytes)
🗑️ AccTrie Delete: keyword='health', fid='heal_00000498' (removing entire key)
🗑️ AccTrie Delete: post-delete root_hash=[e6, 76, ee, ec, 7e, 3b, 9c, 77]...
⚠️ AccTrie Delete: keyword='health' not found in storage
🗑️ AccTrie Delete: keyword='health', fid='heal_00000498' (removing entire key)
⚠️ AccTrie Delete: delete entire key failed: Key not found
🗑️ AccTrie Delete: post-delete root_hash=[e6, 76, ee, ec, 7e, 3b, 9c, 77]...
🔍 AccTrie Query: keyword='health', found 1 fids
🔍 AccTrie Query: returning proof (361 bytes)
🗑️ AccTrie Delete: keyword='health', fid='heal_00000499' (removing entire key)
🗑️ AccTrie Delete: post-delete root_hash=[e6, 76, ee, ec, 7e, 3b, 9c, 77]...
⚠️ AccTrie Delete: keyword='health' not found in storage
🗑️ AccTrie Delete: keyword='health', fid='heal_00000499' (removing entire key)
⚠️ AccTrie Delete: delete entire key failed: Key not found
🗑️ AccTrie Delete: post-delete root_hash=[e6, 76, ee, ec, 7e, 3b, 9c, 77]...
🗑️ AccTrie Delete: keyword='politics', fid='news_00000500' (removing entire key)
🗑️ AccTrie Delete: post-delete root_hash=[c3, 04, 52, f3, f0, f7, 97, fd]...
🗑️ AccTrie Delete: keyword='crisis', fid='news_00000500' (removing entire key)
🗑️ AccTrie Delete: post-delete root_hash=[e6, 76, ee, ec, 7e, 3b, 9c, 77]...
🔍 AccTrie Query: keyword='sports', found 1 fids
🔍 AccTrie Query: returning proof (361 bytes)
🗑️ AccTrie Delete: keyword='sports', fid='spor_00000501' (removing entire key)
🗑️ AccTrie Delete: post-delete root_hash=[e6, 76, ee, ec, 7e, 3b, 9c, 77]...
⚠️ AccTrie Delete: keyword='sports' not found in storage
🗑️ AccTrie Delete: keyword='sports', fid='spor_00000501' (removing entire key)
⚠️ AccTrie Delete: delete entire key failed: Key not found
🗑️ AccTrie Delete: post-delete root_hash=[e6, 76, ee, ec, 7e, 3b, 9c, 77]...
🔧 AccTrie Add: keyword='lecture', fid='educ_00000502' (success)
🔧 AccTrie Add: proof size=471 bytes, root_hash=[ca, 83, 5f, 68, 92, 42, 58, d2]...
🗑️ AccTrie Delete: keyword='lecture', fid='educ_00000502' (removing entire key)
🗑️ AccTrie Delete: post-delete root_hash=[e6, 76, ee, ec, 7e, 3b, 9c, 77]...
🔍 AccTrie Query: keyword='environment', found 1 fids
🔍 AccTrie Query: returning proof (466 bytes)
🗑️ AccTrie Delete: keyword='environment', fid='envi_00000503' (removing entire key)
🗑️ AccTrie Delete: post-delete root_hash=[29, 0d, 8e, 0a, 1e, 22, 34, 5c]...
🔧 AccTrie Add: keyword='sustainability', fid='envi_00000503' (success)
🔧 AccTrie Add: proof size=478 bytes, root_hash=[29, 0d, 8e, 0a, 1e, 22, 34, 5c]...
🗑️ AccTrie Delete: keyword='sustainability', fid='envi_00000503' (removing entire key)
🗑️ AccTrie Delete: post-delete root_hash=[e6, 76, ee, ec, 7e, 3b, 9c, 77]...
⚠️ AccTrie Delete: keyword='environment' not found in storage
🗑️ AccTrie Delete: keyword='environment', fid='envi_00000503' (removing entire key)
⚠️ AccTrie Delete: delete entire key failed: Key not found
🗑️ AccTrie Delete: post-delete root_hash=[e6, 76, ee, ec, 7e, 3b, 9c, 77]...
🔧 AccTrie Add: keyword='crisis', fid='news_00000504' (success)
🔧 AccTrie Add: proof size=570 bytes, root_hash=[b7, ab, 75, 6e, eb, 1e, 15, 34]...
🗑️ AccTrie Delete: keyword='politics', fid='news_00000504' (removing entire key)
🗑️ AccTrie Delete: post-delete root_hash=[2d, ff, e4, 74, 2b, f6, 8b, 63]...
🗑️ AccTrie Delete: keyword='crisis', fid='news_00000504' (removing entire key)
🗑️ AccTrie Delete: post-delete root_hash=[e6, 76, ee, ec, 7e, 3b, 9c, 77]...
🔍 AccTrie Query: keyword='technology', found 1 fids
🔍 AccTrie Query: returning proof (365 bytes)
🗑️ AccTrie Delete: keyword='technology', fid='tech_00000505' (removing entire key)
🗑️ AccTrie Delete: post-delete root_hash=[e6, 76, ee, ec, 7e, 3b, 9c, 77]...
⚠️ AccTrie Delete: keyword='technology' not found in storage
🗑️ AccTrie Delete: keyword='technology', fid='tech_00000505' (removing entire key)
⚠️ AccTrie Delete: delete entire key failed: Key not found
🗑️ AccTrie Delete: post-delete root_hash=[e6, 76, ee, ec, 7e, 3b, 9c, 77]...
🔍 AccTrie Query: keyword='business', found 1 fids
🔍 AccTrie Query: returning proof (363 bytes)
🗑️ AccTrie Delete: keyword='business', fid='busi_00000506' (removing entire key)
🗑️ AccTrie Delete: post-delete root_hash=[e6, 76, ee, ec, 7e, 3b, 9c, 77]...
⚠️ AccTrie Delete: keyword='business' not found in storage
🗑️ AccTrie Delete: keyword='business', fid='busi_00000506' (removing entire key)
⚠️ AccTrie Delete: delete entire key failed: Key not found
🗑️ AccTrie Delete: post-delete root_hash=[e6, 76, ee, ec, 7e, 3b, 9c, 77]...
🔧 AccTrie Add: keyword='scholarship', fid='educ_00000507' (success)
🔧 AccTrie Add: proof size=575 bytes, root_hash=[92, a9, e5, 91, d5, 30, 4d, 34]...
🗑️ AccTrie Delete: keyword='scholarship', fid='educ_00000507' (removing entire key)
🗑️ AccTrie Delete: post-delete root_hash=[5f, 8b, 2c, 68, c5, 20, 76, 91]...
🗑️ AccTrie Delete: keyword='lecture', fid='educ_00000507' (removing entire key)
🗑️ AccTrie Delete: post-delete root_hash=[e6, 76, ee, ec, 7e, 3b, 9c, 77]...
🔧 AccTrie Add: keyword='university', fid='educ_00000508' (success)
🔧 AccTrie Add: proof size=474 bytes, root_hash=[60, dd, 45, 90, 9a, 24, dc, 64]...
🗑️ AccTrie Delete: keyword='university', fid='educ_00000508' (removing entire key)
🗑️ AccTrie Delete: post-delete root_hash=[e6, 76, ee, ec, 7e, 3b, 9c, 77]...
🔍 AccTrie Query: keyword='sports', found 1 fids
🔍 AccTrie Query: returning proof (461 bytes)
🗑️ AccTrie Delete: keyword='sports', fid='spor_00000509' (removing entire key)
🗑️ AccTrie Delete: post-delete root_hash=[3e, dd, a3, f4, cd, 59, 7a, 88]...
🔧 AccTrie Add: keyword='olympics', fid='spor_00000509' (success)
🔧 AccTrie Add: proof size=472 bytes, root_hash=[3e, dd, a3, f4, cd, 59, 7a, 88]...
⚠️ AccTrie Delete: keyword='sports' not found in storage
🗑️ AccTrie Delete: keyword='sports', fid='spor_00000509' (removing entire key)
⚠️ AccTrie Delete: delete entire key failed: Key not found
🗑️ AccTrie Delete: post-delete root_hash=[3e, dd, a3, f4, cd, 59, 7a, 88]...
🗑️ AccTrie Delete: keyword='olympics', fid='spor_00000509' (removing entire key)
🗑️ AccTrie Delete: post-delete root_hash=[e6, 76, ee, ec, 7e, 3b, 9c, 77]...
🔧 AccTrie Add: keyword='comedy', fid='ente_00000510' (success)
🔧 AccTrie Add: proof size=470 bytes, root_hash=[d8, fd, b4, a9, 9d, e8, 71, f7]...
🗑️ AccTrie Delete: keyword='comedy', fid='ente_00000510' (removing entire key)
🗑️ AccTrie Delete: post-delete root_hash=[e6, 76, ee, ec, 7e, 3b, 9c, 77]...
🗑️ AccTrie Delete: keyword='report', fid='news_00000511' (removing entire key)
🗑️ AccTrie Delete: post-delete root_hash=[e6, 76, ee, ec, 7e, 3b, 9c, 77]...
🔧 AccTrie Add: keyword='food', fid='life_00000512' (success)
🔧 AccTrie Add: proof size=568 bytes, root_hash=[49, a1, 43, 83, 4d, 8a, 77, 85]...
🗑️ AccTrie Delete: keyword='trend', fid='life_00000512' (removing entire key)
🗑️ AccTrie Delete: post-delete root_hash=[09, 95, 14, f1, 8a, 5d, 66, e7]...
🗑️ AccTrie Delete: keyword='food', fid='life_00000512' (removing entire key)
🗑️ AccTrie Delete: post-delete root_hash=[e6, 76, ee, ec, 7e, 3b, 9c, 77]...
🔍 AccTrie Query: keyword='health', found 1 fids
🔍 AccTrie Query: returning proof (361 bytes)
🗑️ AccTrie Delete: keyword='health', fid='heal_00000513' (removing entire key)
🗑️ AccTrie Delete: post-delete root_hash=[e6, 76, ee, ec, 7e, 3b, 9c, 77]...
⚠️ AccTrie Delete: keyword='health' not found in storage
🗑️ AccTrie Delete: keyword='health', fid='heal_00000513' (removing entire key)
⚠️ AccTrie Delete: delete entire key failed: Key not found
🗑️ AccTrie Delete: post-delete root_hash=[e6, 76, ee, ec, 7e, 3b, 9c, 77]...
🔧 AccTrie Add: keyword='trend', fid='life_00000514' (success)
🔧 AccTrie Add: proof size=469 bytes, root_hash=[9a, 09, 3e, 49, 73, 9e, 14, b2]...
🗑️ AccTrie Delete: keyword='trend', fid='life_00000514' (removing entire key)
🗑️ AccTrie Delete: post-delete root_hash=[e6, 76, ee, ec, 7e, 3b, 9c, 77]...
🔍 AccTrie Query: keyword='sports', found 1 fids
🔍 AccTrie Query: returning proof (361 bytes)
🗑️ AccTrie Delete: keyword='sports', fid='spor_00000515' (removing entire key)
🗑️ AccTrie Delete: post-delete root_hash=[e6, 76, ee, ec, 7e, 3b, 9c, 77]...
⚠️ AccTrie Delete: keyword='sports' not found in storage
🗑️ AccTrie Delete: keyword='sports', fid='spor_00000515' (removing entire key)
⚠️ AccTrie Delete: delete entire key failed: Key not found
🗑️ AccTrie Delete: post-delete root_hash=[e6, 76, ee, ec, 7e, 3b, 9c, 77]...
🔍 AccTrie Query: keyword='environment', found 1 fids
🔍 AccTrie Query: returning proof (466 bytes)
🗑️ AccTrie Delete: keyword='environment', fid='envi_00000516' (removing entire key)
🗑️ AccTrie Delete: post-delete root_hash=[2d, f6, 1e, 88, 14, 96, 8e, 21]...
⚠️ AccTrie Delete: keyword='environment' not found in storage
🗑️ AccTrie Delete: keyword='environment', fid='envi_00000516' (removing entire key)
⚠️ AccTrie Delete: delete entire key failed: Key not found
🗑️ AccTrie Delete: post-delete root_hash=[2d, f6, 1e, 88, 14, 96, 8e, 21]...
🗑️ AccTrie Delete: keyword='green', fid='envi_00000516' (removing entire key)
🗑️ AccTrie Delete: post-delete root_hash=[e6, 76, ee, ec, 7e, 3b, 9c, 77]...
🔧 AccTrie Add: keyword='movie', fid='ente_00000517' (success)
🔧 AccTrie Add: proof size=669 bytes, root_hash=[15, 7c, d1, 95, 7e, a4, c6, 6e]...
🗑️ AccTrie Delete: keyword='performance', fid='ente_00000517' (removing entire key)
🗑️ AccTrie Delete: post-delete root_hash=[8c, 97, 9c, 92, ca, fc, 4b, d7]...
🗑️ AccTrie Delete: keyword='comedy', fid='ente_00000517' (removing entire key)
🗑️ AccTrie Delete: post-delete root_hash=[ba, ce, 18, 8b, 7c, 5f, 9e, c4]...
🗑️ AccTrie Delete: keyword='movie', fid='ente_00000517' (removing entire key)
🗑️ AccTrie Delete: post-delete root_hash=[e6, 76, ee, ec, 7e, 3b, 9c, 77]...
🔍 AccTrie Query: keyword='business', found 1 fids
🔍 AccTrie Query: returning proof (363 bytes)
🗑️ AccTrie Delete: keyword='business', fid='busi_00000518' (removing entire key)
🗑️ AccTrie Delete: post-delete root_hash=[e6, 76, ee, ec, 7e, 3b, 9c, 77]...
⚠️ AccTrie Delete: keyword='business' not found in storage
🗑️ AccTrie Delete: keyword='business', fid='busi_00000518' (removing entire key)
⚠️ AccTrie Delete: delete entire key failed: Key not found
🗑️ AccTrie Delete: post-delete root_hash=[e6, 76, ee, ec, 7e, 3b, 9c, 77]...
🔍 AccTrie Query: keyword='technology', found 1 fids
🔍 AccTrie Query: returning proof (465 bytes)
🗑️ AccTrie Delete: keyword='technology', fid='tech_00000519' (removing entire key)
🗑️ AccTrie Delete: post-delete root_hash=[f4, e4, b4, 22, f1, 2b, c5, 34]...
⚠️ AccTrie Delete: keyword='technology' not found in storage
🗑️ AccTrie Delete: keyword='technology', fid='tech_00000519' (removing entire key)
⚠️ AccTrie Delete: delete entire key failed: Key not found
🗑️ AccTrie Delete: post-delete root_hash=[f4, e4, b4, 22, f1, 2b, c5, 34]...
🗑️ AccTrie Delete: keyword='network', fid='tech_00000519' (removing entire key)
🗑️ AccTrie Delete: post-delete root_hash=[e6, 76, ee, ec, 7e, 3b, 9c, 77]...
🔍 AccTrie Query: keyword='business', found 1 fids
🔍 AccTrie Query: returning proof (463 bytes)
🗑️ AccTrie Delete: keyword='business', fid='busi_00000520' (removing entire key)
🗑️ AccTrie Delete: post-delete root_hash=[c0, 7c, ab, 72, 01, 7f, e2, 87]...
🔧 AccTrie Add: keyword='strategy', fid='busi_00000520' (success)
🔧 AccTrie Add: proof size=472 bytes, root_hash=[c0, 7c, ab, 72, 01, 7f, e2, 87]...
🗑️ AccTrie Delete: keyword='strategy', fid='busi_00000520' (removing entire key)
🗑️ AccTrie Delete: post-delete root_hash=[e6, 76, ee, ec, 7e, 3b, 9c, 77]...
⚠️ AccTrie Delete: keyword='business' not found in storage
🗑️ AccTrie Delete: keyword='business', fid='busi_00000520' (removing entire key)
⚠️ AccTrie Delete: delete entire key failed: Key not found
🗑️ AccTrie Delete: post-delete root_hash=[e6, 76, ee, ec, 7e, 3b, 9c, 77]...
🔧 AccTrie Add: keyword='family', fid='life_00000521' (success)
🔧 AccTrie Add: proof size=670 bytes, root_hash=[f6, 65, 08, 2c, 15, 82, e5, bf]...
🗑️ AccTrie Delete: keyword='recipe', fid='life_00000521' (removing entire key)
🗑️ AccTrie Delete: post-delete root_hash=[7a, 3e, b9, 1d, ab, a9, 83, 9b]...
🗑️ AccTrie Delete: keyword='trend', fid='life_00000521' (removing entire key)
🗑️ AccTrie Delete: post-delete root_hash=[2c, 90, f7, 4f, 86, 3f, 1c, 3a]...
🗑️ AccTrie Delete: keyword='family', fid='life_00000521' (removing entire key)
🗑️ AccTrie Delete: post-delete root_hash=[e6, 76, ee, ec, 7e, 3b, 9c, 77]...
🔧 AccTrie Add: keyword='show', fid='ente_00000522' (success)
🔧 AccTrie Add: proof size=468 bytes, root_hash=[19, ab, f2, 1e, 62, 13, 0e, 68]...
🗑️ AccTrie Delete: keyword='show', fid='ente_00000522' (removing entire key)
🗑️ AccTrie Delete: post-delete root_hash=[e6, 76, ee, ec, 7e, 3b, 9c, 77]...
🗑️ AccTrie Delete: keyword='politics', fid='news_00000524' (removing entire key)
🗑️ AccTrie Delete: post-delete root_hash=[e6, 76, ee, ec, 7e, 3b, 9c, 77]...
🔍 AccTrie Query: keyword='business', found 1 fids
🔍 AccTrie Query: returning proof (363 bytes)
🗑️ AccTrie Delete: keyword='business', fid='busi_00000525' (removing entire key)
🗑️ AccTrie Delete: post-delete root_hash=[e6, 76, ee, ec, 7e, 3b, 9c, 77]...
⚠️ AccTrie Delete: keyword='business' not found in storage
🗑️ AccTrie Delete: keyword='business', fid='busi_00000525' (removing entire key)
⚠️ AccTrie Delete: delete entire key failed: Key not found
🗑️ AccTrie Delete: post-delete root_hash=[e6, 76, ee, ec, 7e, 3b, 9c, 77]...
🔧 AccTrie Add: keyword='policy', fid='news_00000526' (success)
🔧 AccTrie Add: proof size=470 bytes, root_hash=[8f, df, be, 3b, ca, 21, 32, 70]...
🗑️ AccTrie Delete: keyword='policy', fid='news_00000526' (removing entire key)
🗑️ AccTrie Delete: post-delete root_hash=[e6, 76, ee, ec, 7e, 3b, 9c, 77]...
🔍 AccTrie Query: keyword='health', found 1 fids
🔍 AccTrie Query: returning proof (361 bytes)
🗑️ AccTrie Delete: keyword='health', fid='heal_00000527' (removing entire key)
🗑️ AccTrie Delete: post-delete root_hash=[e6, 76, ee, ec, 7e, 3b, 9c, 77]...
⚠️ AccTrie Delete: keyword='health' not found in storage
🗑️ AccTrie Delete: keyword='health', fid='heal_00000527' (removing entire key)
⚠️ AccTrie Delete: delete entire key failed: Key not found
🗑️ AccTrie Delete: post-delete root_hash=[e6, 76, ee, ec, 7e, 3b, 9c, 77]...
🔍 AccTrie Query: keyword='business', found 1 fids
🔍 AccTrie Query: returning proof (363 bytes)
🗑️ AccTrie Delete: keyword='business', fid='busi_00000528' (removing entire key)
🗑️ AccTrie Delete: post-delete root_hash=[e6, 76, ee, ec, 7e, 3b, 9c, 77]...
⚠️ AccTrie Delete: keyword='business' not found in storage
🗑️ AccTrie Delete: keyword='business', fid='busi_00000528' (removing entire key)
⚠️ AccTrie Delete: delete entire key failed: Key not found
🗑️ AccTrie Delete: post-delete root_hash=[e6, 76, ee, ec, 7e, 3b, 9c, 77]...
🔍 AccTrie Query: keyword='technology', found 1 fids
🔍 AccTrie Query: returning proof (465 bytes)
🗑️ AccTrie Delete: keyword='technology', fid='tech_00000529' (removing entire key)
🗑️ AccTrie Delete: post-delete root_hash=[8d, 30, 66, cd, f4, a1, 3f, f4]...
🗑️ AccTrie Delete: keyword='network', fid='tech_00000529' (removing entire key)
🗑️ AccTrie Delete: post-delete root_hash=[e6, 76, ee, ec, 7e, 3b, 9c, 77]...
⚠️ AccTrie Delete: keyword='technology' not found in storage
🗑️ AccTrie Delete: keyword='technology', fid='tech_00000529' (removing entire key)
⚠️ AccTrie Delete: delete entire key failed: Key not found
🗑️ AccTrie Delete: post-delete root_hash=[e6, 76, ee, ec, 7e, 3b, 9c, 77]...
🔧 AccTrie Add: keyword='beauty', fid='life_00000530' (success)
🔧 AccTrie Add: proof size=770 bytes, root_hash=[82, a4, 5e, d0, 1a, e5, 36, 57]...
🗑️ AccTrie Delete: keyword='family', fid='life_00000530' (removing entire key)
🗑️ AccTrie Delete: post-delete root_hash=[50, a7, 3f, 9b, ca, a6, 50, 5d]...
🗑️ AccTrie Delete: keyword='recipe', fid='life_00000530' (removing entire key)
🗑️ AccTrie Delete: post-delete root_hash=[c9, 0b, 49, 78, 69, 8d, 0b, 9c]...
🗑️ AccTrie Delete: keyword='decoration', fid='life_00000530' (removing entire key)
🗑️ AccTrie Delete: post-delete root_hash=[f8, 0f, ff, 3b, 1d, 63, 37, d6]...
🗑️ AccTrie Delete: keyword='beauty', fid='life_00000530' (removing entire key)
🗑️ AccTrie Delete: post-delete root_hash=[e6, 76, ee, ec, 7e, 3b, 9c, 77]...
🗑️ AccTrie Delete: keyword='laboratory', fid='scie_00000531' (removing entire key)
🗑️ AccTrie Delete: post-delete root_hash=[e6, 76, ee, ec, 7e, 3b, 9c, 77]...
🗑️ AccTrie Delete: keyword='show', fid='ente_00000532' (removing entire key)
🗑️ AccTrie Delete: post-delete root_hash=[e6, 76, ee, ec, 7e, 3b, 9c, 77]...
🔍 AccTrie Query: keyword='environment', found 1 fids
🔍 AccTrie Query: returning proof (466 bytes)
🗑️ AccTrie Delete: keyword='environment', fid='envi_00000533' (removing entire key)
🗑️ AccTrie Delete: post-delete root_hash=[56, 7f, ec, c4, 16, d2, 8c, 4b]...
🔧 AccTrie Add: keyword='sustainability', fid='envi_00000533' (success)
🔧 AccTrie Add: proof size=478 bytes, root_hash=[56, 7f, ec, c4, 16, d2, 8c, 4b]...
🗑️ AccTrie Delete: keyword='sustainability', fid='envi_00000533' (removing entire key)
🗑️ AccTrie Delete: post-delete root_hash=[e6, 76, ee, ec, 7e, 3b, 9c, 77]...
⚠️ AccTrie Delete: keyword='environment' not found in storage
🗑️ AccTrie Delete: keyword='environment', fid='envi_00000533' (removing entire key)
⚠️ AccTrie Delete: delete entire key failed: Key not found
🗑️ AccTrie Delete: post-delete root_hash=[e6, 76, ee, ec, 7e, 3b, 9c, 77]...
🔍 AccTrie Query: keyword='business', found 1 fids
🔍 AccTrie Query: returning proof (463 bytes)
🗑️ AccTrie Delete: keyword='business', fid='busi_00000534' (removing entire key)
🗑️ AccTrie Delete: post-delete root_hash=[eb, f0, 2d, 97, 41, e4, 0a, ab]...
🔧 AccTrie Add: keyword='analytics', fid='busi_00000534' (success)
🔧 AccTrie Add: proof size=473 bytes, root_hash=[eb, f0, 2d, 97, 41, e4, 0a, ab]...
🗑️ AccTrie Delete: keyword='analytics', fid='busi_00000534' (removing entire key)
🗑️ AccTrie Delete: post-delete root_hash=[e6, 76, ee, ec, 7e, 3b, 9c, 77]...
⚠️ AccTrie Delete: keyword='business' not found in storage
🗑️ AccTrie Delete: keyword='business', fid='busi_00000534' (removing entire key)
⚠️ AccTrie Delete: delete entire key failed: Key not found
🗑️ AccTrie Delete: post-delete root_hash=[e6, 76, ee, ec, 7e, 3b, 9c, 77]...
🔧 AccTrie Add: keyword='scholarship', fid='educ_00000535' (success)
🔧 AccTrie Add: proof size=475 bytes, root_hash=[6e, 32, 16, 13, 5a, 0f, 08, 6d]...
🗑️ AccTrie Delete: keyword='scholarship', fid='educ_00000535' (removing entire key)
🗑️ AccTrie Delete: post-delete root_hash=[e6, 76, ee, ec, 7e, 3b, 9c, 77]...
🗑️ AccTrie Delete: keyword='decoration', fid='life_00000537' (removing entire key)
🗑️ AccTrie Delete: post-delete root_hash=[e6, 76, ee, ec, 7e, 3b, 9c, 77]...
🔍 AccTrie Query: keyword='technology', found 1 fids
🔍 AccTrie Query: returning proof (465 bytes)
🗑️ AccTrie Delete: keyword='technology', fid='tech_00000538' (removing entire key)
🗑️ AccTrie Delete: post-delete root_hash=[53, 08, 4d, 43, c6, 49, f6, 29]...
🔧 AccTrie Add: keyword='network', fid='tech_00000538' (success)
🔧 AccTrie Add: proof size=471 bytes, root_hash=[53, 08, 4d, 43, c6, 49, f6, 29]...
🗑️ AccTrie Delete: keyword='network', fid='tech_00000538' (removing entire key)
🗑️ AccTrie Delete: post-delete root_hash=[e6, 76, ee, ec, 7e, 3b, 9c, 77]...
⚠️ AccTrie Delete: keyword='technology' not found in storage
🗑️ AccTrie Delete: keyword='technology', fid='tech_00000538' (removing entire key)
⚠️ AccTrie Delete: delete entire key failed: Key not found
🗑️ AccTrie Delete: post-delete root_hash=[e6, 76, ee, ec, 7e, 3b, 9c, 77]...
🗑️ AccTrie Delete: keyword='course', fid='educ_00000539' (removing entire key)
🗑️ AccTrie Delete: post-delete root_hash=[e6, 76, ee, ec, 7e, 3b, 9c, 77]...
🔍 AccTrie Query: keyword='health', found 1 fids
🔍 AccTrie Query: returning proof (361 bytes)
🗑️ AccTrie Delete: keyword='health', fid='heal_00000540' (removing entire key)
🗑️ AccTrie Delete: post-delete root_hash=[e6, 76, ee, ec, 7e, 3b, 9c, 77]...
⚠️ AccTrie Delete: keyword='health' not found in storage
🗑️ AccTrie Delete: keyword='health', fid='heal_00000540' (removing entire key)
⚠️ AccTrie Delete: delete entire key failed: Key not found
🗑️ AccTrie Delete: post-delete root_hash=[e6, 76, ee, ec, 7e, 3b, 9c, 77]...
🔍 AccTrie Query: keyword='environment', found 1 fids
🔍 AccTrie Query: returning proof (566 bytes)
🗑️ AccTrie Delete: keyword='environment', fid='envi_00000541' (removing entire key)
🗑️ AccTrie Delete: post-delete root_hash=[40, b1, 15, 9b, 16, 69, 39, 81]...
🔧 AccTrie Add: keyword='pollution', fid='envi_00000541' (success)
🔧 AccTrie Add: proof size=573 bytes, root_hash=[40, b1, 15, 9b, 16, 69, 39, 81]...
🗑️ AccTrie Delete: keyword='pollution', fid='envi_00000541' (removing entire key)
🗑️ AccTrie Delete: post-delete root_hash=[2e, 04, b6, b4, de, 8c, 0e, 54]...
⚠️ AccTrie Delete: keyword='environment' not found in storage
🗑️ AccTrie Delete: keyword='environment', fid='envi_00000541' (removing entire key)
⚠️ AccTrie Delete: delete entire key failed: Key not found
🗑️ AccTrie Delete: post-delete root_hash=[2e, 04, b6, b4, de, 8c, 0e, 54]...
🗑️ AccTrie Delete: keyword='ecology', fid='envi_00000541' (removing entire key)
🗑️ AccTrie Delete: post-delete root_hash=[e6, 76, ee, ec, 7e, 3b, 9c, 77]...
🔧 AccTrie Add: keyword='experiment', fid='scie_00000542' (success)
🔧 AccTrie Add: proof size=574 bytes, root_hash=[b1, 57, 79, 8f, bd, 83, 40, f7]...
🗑️ AccTrie Delete: keyword='laboratory', fid='scie_00000542' (removing entire key)
🗑️ AccTrie Delete: post-delete root_hash=[85, a0, 7e, 03, b5, 2c, ed, a7]...
🗑️ AccTrie Delete: keyword='experiment', fid='scie_00000542' (removing entire key)
🗑️ AccTrie Delete: post-delete root_hash=[e6, 76, ee, ec, 7e, 3b, 9c, 77]...
🗑️ AccTrie Delete: keyword='genetics', fid='scie_00000543' (removing entire key)
🗑️ AccTrie Delete: post-delete root_hash=[c1, 22, 7e, 48, 59, c4, ee, be]...
🗑️ AccTrie Delete: keyword='research', fid='scie_00000543' (removing entire key)
🗑️ AccTrie Delete: post-delete root_hash=[33, d8, 27, 4d, c6, 44, 9b, 2d]...
🗑️ AccTrie Delete: keyword='experiment', fid='scie_00000543' (removing entire key)
🗑️ AccTrie Delete: post-delete root_hash=[e6, 76, ee, ec, 7e, 3b, 9c, 77]...
🔍 AccTrie Query: keyword='health', found 1 fids
🔍 AccTrie Query: returning proof (361 bytes)
🗑️ AccTrie Delete: keyword='health', fid='heal_00000544' (removing entire key)
🗑️ AccTrie Delete: post-delete root_hash=[e6, 76, ee, ec, 7e, 3b, 9c, 77]...
⚠️ AccTrie Delete: keyword='health' not found in storage
🗑️ AccTrie Delete: keyword='health', fid='heal_00000544' (removing entire key)
⚠️ AccTrie Delete: delete entire key failed: Key not found
🗑️ AccTrie Delete: post-delete root_hash=[e6, 76, ee, ec, 7e, 3b, 9c, 77]...
🔍 AccTrie Query: keyword='health', found 1 fids
🔍 AccTrie Query: returning proof (361 bytes)
🗑️ AccTrie Delete: keyword='health', fid='heal_00000546' (removing entire key)
🗑️ AccTrie Delete: post-delete root_hash=[e6, 76, ee, ec, 7e, 3b, 9c, 77]...
⚠️ AccTrie Delete: keyword='health' not found in storage
🗑️ AccTrie Delete: keyword='health', fid='heal_00000546' (removing entire key)
⚠️ AccTrie Delete: delete entire key failed: Key not found
🗑️ AccTrie Delete: post-delete root_hash=[e6, 76, ee, ec, 7e, 3b, 9c, 77]...
🔧 AccTrie Add: keyword='experiment', fid='scie_00000549' (success)
🔧 AccTrie Add: proof size=674 bytes, root_hash=[b2, fe, a7, 6a, d8, 39, 80, b3]...
🗑️ AccTrie Delete: keyword='physics', fid='scie_00000549' (removing entire key)
🗑️ AccTrie Delete: post-delete root_hash=[bb, 3c, 1a, 87, eb, 94, 00, c0]...
🗑️ AccTrie Delete: keyword='theory', fid='scie_00000549' (removing entire key)
🗑️ AccTrie Delete: post-delete root_hash=[d5, 0a, b2, 5e, e1, b0, e6, a5]...
🗑️ AccTrie Delete: keyword='experiment', fid='scie_00000549' (removing entire key)
🗑️ AccTrie Delete: post-delete root_hash=[e6, 76, ee, ec, 7e, 3b, 9c, 77]...
🔍 AccTrie Query: keyword='technology', found 1 fids
🔍 AccTrie Query: returning proof (465 bytes)
🗑️ AccTrie Delete: keyword='technology', fid='tech_00000550' (removing entire key)
🗑️ AccTrie Delete: post-delete root_hash=[8d, 07, 6d, 13, e9, 94, 11, 5d]...
⚠️ AccTrie Delete: keyword='technology' not found in storage
🗑️ AccTrie Delete: keyword='technology', fid='tech_00000550' (removing entire key)
⚠️ AccTrie Delete: delete entire key failed: Key not found
🗑️ AccTrie Delete: post-delete root_hash=[8d, 07, 6d, 13, e9, 94, 11, 5d]...
🗑️ AccTrie Delete: keyword='quantum', fid='tech_00000550' (removing entire key)
🗑️ AccTrie Delete: post-delete root_hash=[e6, 76, ee, ec, 7e, 3b, 9c, 77]...
🔧 AccTrie Add: keyword='trend', fid='life_00000551' (success)
🔧 AccTrie Add: proof size=469 bytes, root_hash=[55, f1, e7, 5b, eb, cb, 1f, d8]...
🗑️ AccTrie Delete: keyword='trend', fid='life_00000551' (removing entire key)
🗑️ AccTrie Delete: post-delete root_hash=[e6, 76, ee, ec, 7e, 3b, 9c, 77]...
🔍 AccTrie Query: keyword='business', found 1 fids
🔍 AccTrie Query: returning proof (463 bytes)
🗑️ AccTrie Delete: keyword='business', fid='busi_00000553' (removing entire key)
🗑️ AccTrie Delete: post-delete root_hash=[97, 86, 6b, d1, 15, 27, 0e, 9d]...
🗑️ AccTrie Delete: keyword='strategy', fid='busi_00000553' (removing entire key)
🗑️ AccTrie Delete: post-delete root_hash=[e6, 76, ee, ec, 7e, 3b, 9c, 77]...
⚠️ AccTrie Delete: keyword='business' not found in storage
🗑️ AccTrie Delete: keyword='business', fid='busi_00000553' (removing entire key)
⚠️ AccTrie Delete: delete entire key failed: Key not found
🗑️ AccTrie Delete: post-delete root_hash=[e6, 76, ee, ec, 7e, 3b, 9c, 77]...
🔍 AccTrie Query: keyword='health', found 1 fids
🔍 AccTrie Query: returning proof (361 bytes)
🗑️ AccTrie Delete: keyword='health', fid='heal_00000554' (removing entire key)
🗑️ AccTrie Delete: post-delete root_hash=[e6, 76, ee, ec, 7e, 3b, 9c, 77]...
⚠️ AccTrie Delete: keyword='health' not found in storage
🗑️ AccTrie Delete: keyword='health', fid='heal_00000554' (removing entire key)
⚠️ AccTrie Delete: delete entire key failed: Key not found
🗑️ AccTrie Delete: post-delete root_hash=[e6, 76, ee, ec, 7e, 3b, 9c, 77]...
🔧 AccTrie Add: keyword='experiment', fid='scie_00000555' (success)
🔧 AccTrie Add: proof size=474 bytes, root_hash=[10, 68, 7d, 2f, 1a, d9, ca, 9d]...
🗑️ AccTrie Delete: keyword='experiment', fid='scie_00000555' (removing entire key)
🗑️ AccTrie Delete: post-delete root_hash=[e6, 76, ee, ec, 7e, 3b, 9c, 77]...
🔍 AccTrie Query: keyword='technology', found 1 fids
🔍 AccTrie Query: returning proof (465 bytes)
🗑️ AccTrie Delete: keyword='technology', fid='tech_00000557' (removing entire key)
🗑️ AccTrie Delete: post-delete root_hash=[13, 45, 12, f3, 9e, aa, 2f, 85]...
🔧 AccTrie Add: keyword='software', fid='tech_00000557' (success)
🔧 AccTrie Add: proof size=472 bytes, root_hash=[13, 45, 12, f3, 9e, aa, 2f, 85]...
🗑️ AccTrie Delete: keyword='software', fid='tech_00000557' (removing entire key)
🗑️ AccTrie Delete: post-delete root_hash=[e6, 76, ee, ec, 7e, 3b, 9c, 77]...
⚠️ AccTrie Delete: keyword='technology' not found in storage
🗑️ AccTrie Delete: keyword='technology', fid='tech_00000557' (removing entire key)
⚠️ AccTrie Delete: delete entire key failed: Key not found
🗑️ AccTrie Delete: post-delete root_hash=[e6, 76, ee, ec, 7e, 3b, 9c, 77]...
🔧 AccTrie Add: keyword='scholarship', fid='educ_00000558' (success)
🔧 AccTrie Add: proof size=575 bytes, root_hash=[c8, f5, df, 86, a7, 99, 17, c3]...
🗑️ AccTrie Delete: keyword='university', fid='educ_00000558' (removing entire key)
🗑️ AccTrie Delete: post-delete root_hash=[7e, 8b, 1f, 1a, 3e, 2c, d2, 45]...
🗑️ AccTrie Delete: keyword='scholarship', fid='educ_00000558' (removing entire key)
🗑️ AccTrie Delete: post-delete root_hash=[e6, 76, ee, ec, 7e, 3b, 9c, 77]...
🔍 AccTrie Query: keyword='sports', found 1 fids
🔍 AccTrie Query: returning proof (361 bytes)
🗑️ AccTrie Delete: keyword='sports', fid='spor_00000560' (removing entire key)
🗑️ AccTrie Delete: post-delete root_hash=[e6, 76, ee, ec, 7e, 3b, 9c, 77]...
⚠️ AccTrie Delete: keyword='sports' not found in storage
🗑️ AccTrie Delete: keyword='sports', fid='spor_00000560' (removing entire key)
⚠️ AccTrie Delete: delete entire key failed: Key not found
🗑️ AccTrie Delete: post-delete root_hash=[e6, 76, ee, ec, 7e, 3b, 9c, 77]...
🔍 AccTrie Query: keyword='environment', found 1 fids
🔍 AccTrie Query: returning proof (466 bytes)
🗑️ AccTrie Delete: keyword='environment', fid='envi_00000562' (removing entire key)
🗑️ AccTrie Delete: post-delete root_hash=[a0, 8f, de, a9, 84, 88, a7, ce]...
🗑️ AccTrie Delete: keyword='green', fid='envi_00000562' (removing entire key)
🗑️ AccTrie Delete: post-delete root_hash=[e6, 76, ee, ec, 7e, 3b, 9c, 77]...
⚠️ AccTrie Delete: keyword='environment' not found in storage
🗑️ AccTrie Delete: keyword='environment', fid='envi_00000562' (removing entire key)
⚠️ AccTrie Delete: delete entire key failed: Key not found
🗑️ AccTrie Delete: post-delete root_hash=[e6, 76, ee, ec, 7e, 3b, 9c, 77]...
🔍 AccTrie Query: keyword='health', found 1 fids
🔍 AccTrie Query: returning proof (461 bytes)
🗑️ AccTrie Delete: keyword='health', fid='heal_00000563' (removing entire key)
🗑️ AccTrie Delete: post-delete root_hash=[5b, 87, 1d, 5c, a7, 75, 06, f1]...
⚠️ AccTrie Delete: keyword='health' not found in storage
🗑️ AccTrie Delete: keyword='health', fid='heal_00000563' (removing entire key)
⚠️ AccTrie Delete: delete entire key failed: Key not found
🗑️ AccTrie Delete: post-delete root_hash=[5b, 87, 1d, 5c, a7, 75, 06, f1]...
🗑️ AccTrie Delete: keyword='wellness', fid='heal_00000563' (removing entire key)
🗑️ AccTrie Delete: post-delete root_hash=[e6, 76, ee, ec, 7e, 3b, 9c, 77]...
🔍 AccTrie Query: keyword='health', found 1 fids
🔍 AccTrie Query: returning proof (361 bytes)
🗑️ AccTrie Delete: keyword='health', fid='heal_00000565' (removing entire key)
🗑️ AccTrie Delete: post-delete root_hash=[e6, 76, ee, ec, 7e, 3b, 9c, 77]...
⚠️ AccTrie Delete: keyword='health' not found in storage
🗑️ AccTrie Delete: keyword='health', fid='heal_00000565' (removing entire key)
⚠️ AccTrie Delete: delete entire key failed: Key not found
🗑️ AccTrie Delete: post-delete root_hash=[e6, 76, ee, ec, 7e, 3b, 9c, 77]...
🔧 AccTrie Add: keyword='trend', fid='life_00000566' (success)
🔧 AccTrie Add: proof size=469 bytes, root_hash=[92, 86, 8f, 10, 9b, f3, 5e, 05]...
🗑️ AccTrie Delete: keyword='trend', fid='life_00000566' (removing entire key)
🗑️ AccTrie Delete: post-delete root_hash=[e6, 76, ee, ec, 7e, 3b, 9c, 77]...
🔧 AccTrie Add: keyword='politics', fid='news_00000567' (success)
🔧 AccTrie Add: proof size=472 bytes, root_hash=[ce, e0, 79, 13, 14, df, ce, eb]...
🗑️ AccTrie Delete: keyword='politics', fid='news_00000567' (removing entire key)
🗑️ AccTrie Delete: post-delete root_hash=[e6, 76, ee, ec, 7e, 3b, 9c, 77]...
🔍 AccTrie Query: keyword='health', found 1 fids
🔍 AccTrie Query: returning proof (361 bytes)
🗑️ AccTrie Delete: keyword='health', fid='heal_00000568' (removing entire key)
🗑️ AccTrie Delete: post-delete root_hash=[e6, 76, ee, ec, 7e, 3b, 9c, 77]...
⚠️ AccTrie Delete: keyword='health' not found in storage
🗑️ AccTrie Delete: keyword='health', fid='heal_00000568' (removing entire key)
⚠️ AccTrie Delete: delete entire key failed: Key not found
🗑️ AccTrie Delete: post-delete root_hash=[e6, 76, ee, ec, 7e, 3b, 9c, 77]...
🔧 AccTrie Add: keyword='theory', fid='scie_00000569' (success)
🔧 AccTrie Add: proof size=570 bytes, root_hash=[4c, 8c, 61, 2b, 71, fb, 68, 04]...
🗑️ AccTrie Delete: keyword='physics', fid='scie_00000569' (removing entire key)
🗑️ AccTrie Delete: post-delete root_hash=[67, 17, c1, 40, 32, 8d, 91, db]...
🗑️ AccTrie Delete: keyword='theory', fid='scie_00000569' (removing entire key)
🗑️ AccTrie Delete: post-delete root_hash=[e6, 76, ee, ec, 7e, 3b, 9c, 77]...
🔍 AccTrie Query: keyword='environment', found 1 fids
🔍 AccTrie Query: returning proof (566 bytes)
🗑️ AccTrie Delete: keyword='environment', fid='envi_00000570' (removing entire key)
🗑️ AccTrie Delete: post-delete root_hash=[7a, e4, 02, 6b, 09, 15, e3, 89]...
🗑️ AccTrie Delete: keyword='green', fid='envi_00000570' (removing entire key)
🗑️ AccTrie Delete: post-delete root_hash=[f0, 09, 3b, 6d, 54, fb, 54, dd]...
🗑️ AccTrie Delete: keyword='climate', fid='envi_00000570' (removing entire key)
🗑️ AccTrie Delete: post-delete root_hash=[e6, 76, ee, ec, 7e, 3b, 9c, 77]...
⚠️ AccTrie Delete: keyword='environment' not found in storage
🗑️ AccTrie Delete: keyword='environment', fid='envi_00000570' (removing entire key)
⚠️ AccTrie Delete: delete entire key failed: Key not found
🗑️ AccTrie Delete: post-delete root_hash=[e6, 76, ee, ec, 7e, 3b, 9c, 77]...
🔍 AccTrie Query: keyword='health', found 1 fids
🔍 AccTrie Query: returning proof (461 bytes)
🗑️ AccTrie Delete: keyword='health', fid='heal_00000572' (removing entire key)
🗑️ AccTrie Delete: post-delete root_hash=[96, 10, ab, 1c, cc, 9a, 17, c1]...
🗑️ AccTrie Delete: keyword='wellness', fid='heal_00000572' (removing entire key)
🗑️ AccTrie Delete: post-delete root_hash=[e6, 76, ee, ec, 7e, 3b, 9c, 77]...
⚠️ AccTrie Delete: keyword='health' not found in storage
🗑️ AccTrie Delete: keyword='health', fid='heal_00000572' (removing entire key)
⚠️ AccTrie Delete: delete entire key failed: Key not found
🗑️ AccTrie Delete: post-delete root_hash=[e6, 76, ee, ec, 7e, 3b, 9c, 77]...
🔍 AccTrie Query: keyword='sports', found 1 fids
🔍 AccTrie Query: returning proof (461 bytes)
🗑️ AccTrie Delete: keyword='sports', fid='spor_00000573' (removing entire key)
🗑️ AccTrie Delete: post-delete root_hash=[9e, cd, 8b, cf, 99, 3b, 80, 12]...
🔧 AccTrie Add: keyword='olympics', fid='spor_00000573' (success)
🔧 AccTrie Add: proof size=472 bytes, root_hash=[9e, cd, 8b, cf, 99, 3b, 80, 12]...
⚠️ AccTrie Delete: keyword='sports' not found in storage
🗑️ AccTrie Delete: keyword='sports', fid='spor_00000573' (removing entire key)
⚠️ AccTrie Delete: delete entire key failed: Key not found
🗑️ AccTrie Delete: post-delete root_hash=[9e, cd, 8b, cf, 99, 3b, 80, 12]...
🗑️ AccTrie Delete: keyword='olympics', fid='spor_00000573' (removing entire key)
🗑️ AccTrie Delete: post-delete root_hash=[e6, 76, ee, ec, 7e, 3b, 9c, 77]...
🔍 AccTrie Query: keyword='health', found 1 fids
🔍 AccTrie Query: returning proof (361 bytes)
🗑️ AccTrie Delete: keyword='health', fid='heal_00000574' (removing entire key)
🗑️ AccTrie Delete: post-delete root_hash=[e6, 76, ee, ec, 7e, 3b, 9c, 77]...
⚠️ AccTrie Delete: keyword='health' not found in storage
🗑️ AccTrie Delete: keyword='health', fid='heal_00000574' (removing entire key)
⚠️ AccTrie Delete: delete entire key failed: Key not found
🗑️ AccTrie Delete: post-delete root_hash=[e6, 76, ee, ec, 7e, 3b, 9c, 77]...
🔧 AccTrie Add: keyword='update', fid='news_00000575' (success)
🔧 AccTrie Add: proof size=470 bytes, root_hash=[fb, 27, 87, 09, ea, a3, bb, 0e]...
🗑️ AccTrie Delete: keyword='update', fid='news_00000575' (removing entire key)
🗑️ AccTrie Delete: post-delete root_hash=[e6, 76, ee, ec, 7e, 3b, 9c, 77]...
🔍 AccTrie Query: keyword='technology', found 1 fids
🔍 AccTrie Query: returning proof (465 bytes)
🗑️ AccTrie Delete: keyword='technology', fid='tech_00000577' (removing entire key)
🗑️ AccTrie Delete: post-delete root_hash=[c5, f0, 2d, 24, 86, cc, 1f, f4]...
🔧 AccTrie Add: keyword='network', fid='tech_00000577' (success)
🔧 AccTrie Add: proof size=471 bytes, root_hash=[c5, f0, 2d, 24, 86, cc, 1f, f4]...
🗑️ AccTrie Delete: keyword='network', fid='tech_00000577' (removing entire key)
🗑️ AccTrie Delete: post-delete root_hash=[e6, 76, ee, ec, 7e, 3b, 9c, 77]...
⚠️ AccTrie Delete: keyword='technology' not found in storage
🗑️ AccTrie Delete: keyword='technology', fid='tech_00000577' (removing entire key)
⚠️ AccTrie Delete: delete entire key failed: Key not found
🗑️ AccTrie Delete: post-delete root_hash=[e6, 76, ee, ec, 7e, 3b, 9c, 77]...
🔍 AccTrie Query: keyword='business', found 1 fids
🔍 AccTrie Query: returning proof (463 bytes)
🗑️ AccTrie Delete: keyword='business', fid='busi_00000578' (removing entire key)
🗑️ AccTrie Delete: post-delete root_hash=[b5, 84, 43, 46, db, 15, 1b, e3]...
🔧 AccTrie Add: keyword='strategy', fid='busi_00000578' (success)
🔧 AccTrie Add: proof size=472 bytes, root_hash=[b5, 84, 43, 46, db, 15, 1b, e3]...
🗑️ AccTrie Delete: keyword='strategy', fid='busi_00000578' (removing entire key)
🗑️ AccTrie Delete: post-delete root_hash=[e6, 76, ee, ec, 7e, 3b, 9c, 77]...
⚠️ AccTrie Delete: keyword='business' not found in storage
🗑️ AccTrie Delete: keyword='business', fid='busi_00000578' (removing entire key)
⚠️ AccTrie Delete: delete entire key failed: Key not found
🗑️ AccTrie Delete: post-delete root_hash=[e6, 76, ee, ec, 7e, 3b, 9c, 77]...
🔧 AccTrie Add: keyword='scholarship', fid='educ_00000579' (success)
🔧 AccTrie Add: proof size=475 bytes, root_hash=[46, 5d, 30, 66, fb, 4f, 15, b4]...
🗑️ AccTrie Delete: keyword='scholarship', fid='educ_00000579' (removing entire key)
🗑️ AccTrie Delete: post-delete root_hash=[e6, 76, ee, ec, 7e, 3b, 9c, 77]...
🗑️ AccTrie Delete: keyword='beauty', fid='life_00000580' (removing entire key)
🗑️ AccTrie Delete: post-delete root_hash=[e6, 76, ee, ec, 7e, 3b, 9c, 77]...
🔍 AccTrie Query: keyword='technology', found 1 fids
🔍 AccTrie Query: returning proof (465 bytes)
🗑️ AccTrie Delete: keyword='technology', fid='tech_00000581' (removing entire key)
🗑️ AccTrie Delete: post-delete root_hash=[be, 53, db, 42, 36, bd, fe, bd]...
🔧 AccTrie Add: keyword='iot', fid='tech_00000581' (success)
🔧 AccTrie Add: proof size=467 bytes, root_hash=[be, 53, db, 42, 36, bd, fe, bd]...
🗑️ AccTrie Delete: keyword='iot', fid='tech_00000581' (removing entire key)
🗑️ AccTrie Delete: post-delete root_hash=[e6, 76, ee, ec, 7e, 3b, 9c, 77]...
⚠️ AccTrie Delete: keyword='technology' not found in storage
🗑️ AccTrie Delete: keyword='technology', fid='tech_00000581' (removing entire key)
⚠️ AccTrie Delete: delete entire key failed: Key not found
🗑️ AccTrie Delete: post-delete root_hash=[e6, 76, ee, ec, 7e, 3b, 9c, 77]...
🗑️ AccTrie Delete: keyword='beauty', fid='life_00000583' (removing entire key)
🗑️ AccTrie Delete: post-delete root_hash=[e6, 76, ee, ec, 7e, 3b, 9c, 77]...
🔧 AccTrie Add: keyword='lecture', fid='educ_00000584' (success)
🔧 AccTrie Add: proof size=471 bytes, root_hash=[c6, e8, 47, 6e, 8a, 4d, 33, e6]...
🗑️ AccTrie Delete: keyword='lecture', fid='educ_00000584' (removing entire key)
🗑️ AccTrie Delete: post-delete root_hash=[e6, 76, ee, ec, 7e, 3b, 9c, 77]...
🔍 AccTrie Query: keyword='health', found 1 fids
🔍 AccTrie Query: returning proof (461 bytes)
🗑️ AccTrie Delete: keyword='health', fid='heal_00000586' (removing entire key)
🗑️ AccTrie Delete: post-delete root_hash=[e5, 7a, 8c, f7, a5, f9, 8c, a0]...
🔧 AccTrie Add: keyword='patient', fid='heal_00000586' (success)
🔧 AccTrie Add: proof size=471 bytes, root_hash=[e5, 7a, 8c, f7, a5, f9, 8c, a0]...
⚠️ AccTrie Delete: keyword='health' not found in storage
🗑️ AccTrie Delete: keyword='health', fid='heal_00000586' (removing entire key)
⚠️ AccTrie Delete: delete entire key failed: Key not found
🗑️ AccTrie Delete: post-delete root_hash=[e5, 7a, 8c, f7, a5, f9, 8c, a0]...
🗑️ AccTrie Delete: keyword='patient', fid='heal_00000586' (removing entire key)
🗑️ AccTrie Delete: post-delete root_hash=[e6, 76, ee, ec, 7e, 3b, 9c, 77]...
🔧 AccTrie Add: keyword='theory', fid='scie_00000587' (success)
🔧 AccTrie Add: proof size=470 bytes, root_hash=[f9, b5, ac, 2e, 1d, 28, f5, 01]...
🗑️ AccTrie Delete: keyword='theory', fid='scie_00000587' (removing entire key)
🗑️ AccTrie Delete: post-delete root_hash=[e6, 76, ee, ec, 7e, 3b, 9c, 77]...
🔍 AccTrie Query: keyword='sports', found 1 fids
🔍 AccTrie Query: returning proof (461 bytes)
🗑️ AccTrie Delete: keyword='sports', fid='spor_00000588' (removing entire key)
🗑️ AccTrie Delete: post-delete root_hash=[92, 0a, 89, da, 58, 5f, 99, 07]...
🔧 AccTrie Add: keyword='coach', fid='spor_00000588' (success)
🔧 AccTrie Add: proof size=469 bytes, root_hash=[92, 0a, 89, da, 58, 5f, 99, 07]...
⚠️ AccTrie Delete: keyword='sports' not found in storage
🗑️ AccTrie Delete: keyword='sports', fid='spor_00000588' (removing entire key)
⚠️ AccTrie Delete: delete entire key failed: Key not found
🗑️ AccTrie Delete: post-delete root_hash=[92, 0a, 89, da, 58, 5f, 99, 07]...
🗑️ AccTrie Delete: keyword='coach', fid='spor_00000588' (removing entire key)
🗑️ AccTrie Delete: post-delete root_hash=[e6, 76, ee, ec, 7e, 3b, 9c, 77]...
🔍 AccTrie Query: keyword='business', found 1 fids
🔍 AccTrie Query: returning proof (363 bytes)
🗑️ AccTrie Delete: keyword='business', fid='busi_00000590' (removing entire key)
🗑️ AccTrie Delete: post-delete root_hash=[e6, 76, ee, ec, 7e, 3b, 9c, 77]...
⚠️ AccTrie Delete: keyword='business' not found in storage
🗑️ AccTrie Delete: keyword='business', fid='busi_00000590' (removing entire key)
⚠️ AccTrie Delete: delete entire key failed: Key not found
🗑️ AccTrie Delete: post-delete root_hash=[e6, 76, ee, ec, 7e, 3b, 9c, 77]...
🔍 AccTrie Query: keyword='sports', found 1 fids
🔍 AccTrie Query: returning proof (461 bytes)
🗑️ AccTrie Delete: keyword='sports', fid='spor_00000592' (removing entire key)
🗑️ AccTrie Delete: post-delete root_hash=[9a, ef, 50, 0e, 2a, 2f, e8, 5d]...
🔧 AccTrie Add: keyword='olympics', fid='spor_00000592' (success)
🔧 AccTrie Add: proof size=472 bytes, root_hash=[9a, ef, 50, 0e, 2a, 2f, e8, 5d]...
⚠️ AccTrie Delete: keyword='sports' not found in storage
🗑️ AccTrie Delete: keyword='sports', fid='spor_00000592' (removing entire key)
⚠️ AccTrie Delete: delete entire key failed: Key not found
🗑️ AccTrie Delete: post-delete root_hash=[9a, ef, 50, 0e, 2a, 2f, e8, 5d]...
🗑️ AccTrie Delete: keyword='olympics', fid='spor_00000592' (removing entire key)
🗑️ AccTrie Delete: post-delete root_hash=[e6, 76, ee, ec, 7e, 3b, 9c, 77]...
🔍 AccTrie Query: keyword='health', found 1 fids
🔍 AccTrie Query: returning proof (361 bytes)
🗑️ AccTrie Delete: keyword='health', fid='heal_00000593' (removing entire key)
🗑️ AccTrie Delete: post-delete root_hash=[e6, 76, ee, ec, 7e, 3b, 9c, 77]...
⚠️ AccTrie Delete: keyword='health' not found in storage
🗑️ AccTrie Delete: keyword='health', fid='heal_00000593' (removing entire key)
⚠️ AccTrie Delete: delete entire key failed: Key not found
🗑️ AccTrie Delete: post-delete root_hash=[e6, 76, ee, ec, 7e, 3b, 9c, 77]...
🔍 AccTrie Query: keyword='environment', found 1 fids
🔍 AccTrie Query: returning proof (466 bytes)
🗑️ AccTrie Delete: keyword='environment', fid='envi_00000594' (removing entire key)
🗑️ AccTrie Delete: post-delete root_hash=[75, 15, 6c, 37, 11, bf, 13, f6]...
🔧 AccTrie Add: keyword='green', fid='envi_00000594' (success)
🔧 AccTrie Add: proof size=469 bytes, root_hash=[75, 15, 6c, 37, 11, bf, 13, f6]...
🗑️ AccTrie Delete: keyword='green', fid='envi_00000594' (removing entire key)
🗑️ AccTrie Delete: post-delete root_hash=[e6, 76, ee, ec, 7e, 3b, 9c, 77]...
⚠️ AccTrie Delete: keyword='environment' not found in storage
🗑️ AccTrie Delete: keyword='environment', fid='envi_00000594' (removing entire key)
⚠️ AccTrie Delete: delete entire key failed: Key not found
🗑️ AccTrie Delete: post-delete root_hash=[e6, 76, ee, ec, 7e, 3b, 9c, 77]...
🔧 AccTrie Add: keyword='decoration', fid='life_00000595' (success)
🔧 AccTrie Add: proof size=474 bytes, root_hash=[b7, 50, c8, 83, fa, b9, 81, bd]...
🗑️ AccTrie Delete: keyword='decoration', fid='life_00000595' (removing entire key)
🗑️ AccTrie Delete: post-delete root_hash=[e6, 76, ee, ec, 7e, 3b, 9c, 77]...
🔧 AccTrie Add: keyword='domestic', fid='news_00000596' (success)
🔧 AccTrie Add: proof size=572 bytes, root_hash=[54, e9, e0, 24, ca, 9a, 63, 68]...
🗑️ AccTrie Delete: keyword='domestic', fid='news_00000596' (removing entire key)
🗑️ AccTrie Delete: post-delete root_hash=[f2, 05, 34, e1, 54, 22, 96, c1]...
🗑️ AccTrie Delete: keyword='report', fid='news_00000596' (removing entire key)
🗑️ AccTrie Delete: post-delete root_hash=[e6, 76, ee, ec, 7e, 3b, 9c, 77]...
🗑️ AccTrie Delete: keyword='politics', fid='news_00000597' (removing entire key)
🗑️ AccTrie Delete: post-delete root_hash=[e6, 76, ee, ec, 7e, 3b, 9c, 77]...
🗑️ AccTrie Delete: keyword='physics', fid='scie_00000598' (removing entire key)
🗑️ AccTrie Delete: post-delete root_hash=[ba, 3d, 3d, 45, 84, f6, 7d, 82]...
🗑️ AccTrie Delete: keyword='theory', fid='scie_00000598' (removing entire key)
🗑️ AccTrie Delete: post-delete root_hash=[e6, 76, ee, ec, 7e, 3b, 9c, 77]...
🔍 AccTrie Query: keyword='technology', found 1 fids
🔍 AccTrie Query: returning proof (465 bytes)
🗑️ AccTrie Delete: keyword='technology', fid='tech_00000599' (removing entire key)
🗑️ AccTrie Delete: post-delete root_hash=[e6, 5d, 06, 33, 38, da, a8, 01]...
⚠️ AccTrie Delete: keyword='technology' not found in storage
🗑️ AccTrie Delete: keyword='technology', fid='tech_00000599' (removing entire key)
⚠️ AccTrie Delete: delete entire key failed: Key not found
🗑️ AccTrie Delete: post-delete root_hash=[e6, 5d, 06, 33, 38, da, a8, 01]...
🗑️ AccTrie Delete: keyword='software', fid='tech_00000599' (removing entire key)
🗑️ AccTrie Delete: post-delete root_hash=[e6, 76, ee, ec, 7e, 3b, 9c, 77]...
🔍 AccTrie Query: keyword='business', found 1 fids
🔍 AccTrie Query: returning proof (363 bytes)
🗑️ AccTrie Delete: keyword='business', fid='busi_00000600' (removing entire key)
🗑️ AccTrie Delete: post-delete root_hash=[e6, 76, ee, ec, 7e, 3b, 9c, 77]...
⚠️ AccTrie Delete: keyword='business' not found in storage
🗑️ AccTrie Delete: keyword='business', fid='busi_00000600' (removing entire key)
⚠️ AccTrie Delete: delete entire key failed: Key not found
🗑️ AccTrie Delete: post-delete root_hash=[e6, 76, ee, ec, 7e, 3b, 9c, 77]...
🔍 AccTrie Query: keyword='environment', found 1 fids
🔍 AccTrie Query: returning proof (466 bytes)
🗑️ AccTrie Delete: keyword='environment', fid='envi_00000601' (removing entire key)
🗑️ AccTrie Delete: post-delete root_hash=[20, 1f, c3, d1, 45, 22, 8a, 4a]...
🔧 AccTrie Add: keyword='climate', fid='envi_00000601' (success)
🔧 AccTrie Add: proof size=471 bytes, root_hash=[20, 1f, c3, d1, 45, 22, 8a, 4a]...
🗑️ AccTrie Delete: keyword='climate', fid='envi_00000601' (removing entire key)
🗑️ AccTrie Delete: post-delete root_hash=[e6, 76, ee, ec, 7e, 3b, 9c, 77]...
⚠️ AccTrie Delete: keyword='environment' not found in storage
🗑️ AccTrie Delete: keyword='environment', fid='envi_00000601' (removing entire key)
⚠️ AccTrie Delete: delete entire key failed: Key not found
🗑️ AccTrie Delete: post-delete root_hash=[e6, 76, ee, ec, 7e, 3b, 9c, 77]...
🔧 AccTrie Add: keyword='crisis', fid='news_00000602' (success)
🔧 AccTrie Add: proof size=670 bytes, root_hash=[26, 85, f8, 02, 73, a1, 32, a0]...
🗑️ AccTrie Delete: keyword='crisis', fid='news_00000602' (removing entire key)
🗑️ AccTrie Delete: post-delete root_hash=[d1, 1c, 56, 0a, d1, 00, b9, 35]...
🗑️ AccTrie Delete: keyword='policy', fid='news_00000602' (removing entire key)
🗑️ AccTrie Delete: post-delete root_hash=[0b, 4b, 5c, 0e, bf, 99, 12, 2c]...
🗑️ AccTrie Delete: keyword='domestic', fid='news_00000602' (removing entire key)
🗑️ AccTrie Delete: post-delete root_hash=[e6, 76, ee, ec, 7e, 3b, 9c, 77]...
🔍 AccTrie Query: keyword='sports', found 1 fids
🔍 AccTrie Query: returning proof (461 bytes)
🗑️ AccTrie Delete: keyword='sports', fid='spor_00000603' (removing entire key)
🗑️ AccTrie Delete: post-delete root_hash=[d4, fd, b2, b4, 5b, 0d, bb, 93]...
🔧 AccTrie Add: keyword='coach', fid='spor_00000603' (success)
🔧 AccTrie Add: proof size=469 bytes, root_hash=[d4, fd, b2, b4, 5b, 0d, bb, 93]...
🗑️ AccTrie Delete: keyword='coach', fid='spor_00000603' (removing entire key)
🗑️ AccTrie Delete: post-delete root_hash=[e6, 76, ee, ec, 7e, 3b, 9c, 77]...
⚠️ AccTrie Delete: keyword='sports' not found in storage
🗑️ AccTrie Delete: keyword='sports', fid='spor_00000603' (removing entire key)
⚠️ AccTrie Delete: delete entire key failed: Key not found
🗑️ AccTrie Delete: post-delete root_hash=[e6, 76, ee, ec, 7e, 3b, 9c, 77]...
🔍 AccTrie Query: keyword='sports', found 1 fids
🔍 AccTrie Query: returning proof (361 bytes)
🗑️ AccTrie Delete: keyword='sports', fid='spor_00000604' (removing entire key)
🗑️ AccTrie Delete: post-delete root_hash=[e6, 76, ee, ec, 7e, 3b, 9c, 77]...
⚠️ AccTrie Delete: keyword='sports' not found in storage
🗑️ AccTrie Delete: keyword='sports', fid='spor_00000604' (removing entire key)
⚠️ AccTrie Delete: delete entire key failed: Key not found
🗑️ AccTrie Delete: post-delete root_hash=[e6, 76, ee, ec, 7e, 3b, 9c, 77]...
🔧 AccTrie Add: keyword='family', fid='life_00000605' (success)
🔧 AccTrie Add: proof size=470 bytes, root_hash=[b1, f1, 98, de, 90, 20, 99, 48]...
🗑️ AccTrie Delete: keyword='family', fid='life_00000605' (removing entire key)
🗑️ AccTrie Delete: post-delete root_hash=[e6, 76, ee, ec, 7e, 3b, 9c, 77]...
🔍 AccTrie Query: keyword='business', found 1 fids
🔍 AccTrie Query: returning proof (363 bytes)
🗑️ AccTrie Delete: keyword='business', fid='busi_00000606' (removing entire key)
🗑️ AccTrie Delete: post-delete root_hash=[e6, 76, ee, ec, 7e, 3b, 9c, 77]...
⚠️ AccTrie Delete: keyword='business' not found in storage
🗑️ AccTrie Delete: keyword='business', fid='busi_00000606' (removing entire key)
⚠️ AccTrie Delete: delete entire key failed: Key not found
🗑️ AccTrie Delete: post-delete root_hash=[e6, 76, ee, ec, 7e, 3b, 9c, 77]...
🔍 AccTrie Query: keyword='technology', found 1 fids
🔍 AccTrie Query: returning proof (365 bytes)
🗑️ AccTrie Delete: keyword='technology', fid='tech_00000607' (removing entire key)
🗑️ AccTrie Delete: post-delete root_hash=[e6, 76, ee, ec, 7e, 3b, 9c, 77]...
⚠️ AccTrie Delete: keyword='technology' not found in storage
🗑️ AccTrie Delete: keyword='technology', fid='tech_00000607' (removing entire key)
⚠️ AccTrie Delete: delete entire key failed: Key not found
🗑️ AccTrie Delete: post-delete root_hash=[e6, 76, ee, ec, 7e, 3b, 9c, 77]...
🔍 AccTrie Query: keyword='sports', found 1 fids
🔍 AccTrie Query: returning proof (461 bytes)
🗑️ AccTrie Delete: keyword='sports', fid='spor_00000608' (removing entire key)
🗑️ AccTrie Delete: post-delete root_hash=[f0, bf, 94, 8d, 8b, 94, 67, da]...
⚠️ AccTrie Delete: keyword='sports' not found in storage
🗑️ AccTrie Delete: keyword='sports', fid='spor_00000608' (removing entire key)
⚠️ AccTrie Delete: delete entire key failed: Key not found
🗑️ AccTrie Delete: post-delete root_hash=[f0, bf, 94, 8d, 8b, 94, 67, da]...
🗑️ AccTrie Delete: keyword='coach', fid='spor_00000608' (removing entire key)
🗑️ AccTrie Delete: post-delete root_hash=[e6, 76, ee, ec, 7e, 3b, 9c, 77]...
🔍 AccTrie Query: keyword='health', found 1 fids
🔍 AccTrie Query: returning proof (461 bytes)
🗑️ AccTrie Delete: keyword='health', fid='heal_00000609' (removing entire key)
🗑️ AccTrie Delete: post-delete root_hash=[b4, 0c, 54, 60, 70, 80, 0e, 47]...
🔧 AccTrie Add: keyword='patient', fid='heal_00000609' (success)
🔧 AccTrie Add: proof size=471 bytes, root_hash=[b4, 0c, 54, 60, 70, 80, 0e, 47]...
⚠️ AccTrie Delete: keyword='health' not found in storage
🗑️ AccTrie Delete: keyword='health', fid='heal_00000609' (removing entire key)
⚠️ AccTrie Delete: delete entire key failed: Key not found
🗑️ AccTrie Delete: post-delete root_hash=[b4, 0c, 54, 60, 70, 80, 0e, 47]...
🗑️ AccTrie Delete: keyword='patient', fid='heal_00000609' (removing entire key)
🗑️ AccTrie Delete: post-delete root_hash=[e6, 76, ee, ec, 7e, 3b, 9c, 77]...
🗑️ AccTrie Delete: keyword='experiment', fid='scie_00000610' (removing entire key)
🗑️ AccTrie Delete: post-delete root_hash=[e6, 76, ee, ec, 7e, 3b, 9c, 77]...
🔍 AccTrie Query: keyword='technology', found 1 fids
🔍 AccTrie Query: returning proof (465 bytes)
🗑️ AccTrie Delete: keyword='technology', fid='tech_00000611' (removing entire key)
🗑️ AccTrie Delete: post-delete root_hash=[89, 22, 51, 53, 52, a1, d8, 3f]...
⚠️ AccTrie Delete: keyword='technology' not found in storage
🗑️ AccTrie Delete: keyword='technology', fid='tech_00000611' (removing entire key)
⚠️ AccTrie Delete: delete entire key failed: Key not found
🗑️ AccTrie Delete: post-delete root_hash=[89, 22, 51, 53, 52, a1, d8, 3f]...
🗑️ AccTrie Delete: keyword='network', fid='tech_00000611' (removing entire key)
🗑️ AccTrie Delete: post-delete root_hash=[e6, 76, ee, ec, 7e, 3b, 9c, 77]...
🔍 AccTrie Query: keyword='health', found 1 fids
🔍 AccTrie Query: returning proof (461 bytes)
🗑️ AccTrie Delete: keyword='health', fid='heal_00000612' (removing entire key)
🗑️ AccTrie Delete: post-delete root_hash=[73, 0b, 23, a5, 90, 83, da, 19]...
🗑️ AccTrie Delete: keyword='patient', fid='heal_00000612' (removing entire key)
🗑️ AccTrie Delete: post-delete root_hash=[e6, 76, ee, ec, 7e, 3b, 9c, 77]...
⚠️ AccTrie Delete: keyword='health' not found in storage
🗑️ AccTrie Delete: keyword='health', fid='heal_00000612' (removing entire key)
⚠️ AccTrie Delete: delete entire key failed: Key not found
🗑️ AccTrie Delete: post-delete root_hash=[e6, 76, ee, ec, 7e, 3b, 9c, 77]...
🔍 AccTrie Query: keyword='business', found 1 fids
🔍 AccTrie Query: returning proof (363 bytes)
🗑️ AccTrie Delete: keyword='business', fid='busi_00000614' (removing entire key)
🗑️ AccTrie Delete: post-delete root_hash=[e6, 76, ee, ec, 7e, 3b, 9c, 77]...
⚠️ AccTrie Delete: keyword='business' not found in storage
🗑️ AccTrie Delete: keyword='business', fid='busi_00000614' (removing entire key)
⚠️ AccTrie Delete: delete entire key failed: Key not found
🗑️ AccTrie Delete: post-delete root_hash=[e6, 76, ee, ec, 7e, 3b, 9c, 77]...
🔍 AccTrie Query: keyword='technology', found 1 fids
🔍 AccTrie Query: returning proof (465 bytes)
🗑️ AccTrie Delete: keyword='technology', fid='tech_00000615' (removing entire key)
🗑️ AccTrie Delete: post-delete root_hash=[ca, 16, 83, c4, e3, 3c, 27, 0b]...
⚠️ AccTrie Delete: keyword='technology' not found in storage
🗑️ AccTrie Delete: keyword='technology', fid='tech_00000615' (removing entire key)
⚠️ AccTrie Delete: delete entire key failed: Key not found
🗑️ AccTrie Delete: post-delete root_hash=[ca, 16, 83, c4, e3, 3c, 27, 0b]...
🗑️ AccTrie Delete: keyword='iot', fid='tech_00000615' (removing entire key)
🗑️ AccTrie Delete: post-delete root_hash=[e6, 76, ee, ec, 7e, 3b, 9c, 77]...
🔍 AccTrie Query: keyword='sports', found 1 fids
🔍 AccTrie Query: returning proof (461 bytes)
🗑️ AccTrie Delete: keyword='sports', fid='spor_00000616' (removing entire key)
🗑️ AccTrie Delete: post-delete root_hash=[25, a5, 80, 82, 3f, 75, cb, c6]...
🔧 AccTrie Add: keyword='coach', fid='spor_00000616' (success)
🔧 AccTrie Add: proof size=469 bytes, root_hash=[25, a5, 80, 82, 3f, 75, cb, c6]...
🗑️ AccTrie Delete: keyword='coach', fid='spor_00000616' (removing entire key)
🗑️ AccTrie Delete: post-delete root_hash=[e6, 76, ee, ec, 7e, 3b, 9c, 77]...
⚠️ AccTrie Delete: keyword='sports' not found in storage
🗑️ AccTrie Delete: keyword='sports', fid='spor_00000616' (removing entire key)
⚠️ AccTrie Delete: delete entire key failed: Key not found
🗑️ AccTrie Delete: post-delete root_hash=[e6, 76, ee, ec, 7e, 3b, 9c, 77]...
🔍 AccTrie Query: keyword='sports', found 1 fids
🔍 AccTrie Query: returning proof (461 bytes)
🗑️ AccTrie Delete: keyword='sports', fid='spor_00000617' (removing entire key)
🗑️ AccTrie Delete: post-delete root_hash=[6b, 7b, 7a, 01, e2, ef, 41, 2e]...
🗑️ AccTrie Delete: keyword='coach', fid='spor_00000617' (removing entire key)
🗑️ AccTrie Delete: post-delete root_hash=[e6, 76, ee, ec, 7e, 3b, 9c, 77]...
⚠️ AccTrie Delete: keyword='sports' not found in storage
🗑️ AccTrie Delete: keyword='sports', fid='spor_00000617' (removing entire key)
⚠️ AccTrie Delete: delete entire key failed: Key not found
🗑️ AccTrie Delete: post-delete root_hash=[e6, 76, ee, ec, 7e, 3b, 9c, 77]...
🔍 AccTrie Query: keyword='health', found 1 fids
🔍 AccTrie Query: returning proof (461 bytes)
🗑️ AccTrie Delete: keyword='health', fid='heal_00000618' (removing entire key)
🗑️ AccTrie Delete: post-delete root_hash=[f1, a4, aa, 1f, b0, dd, 04, 6b]...
🔧 AccTrie Add: keyword='wellness', fid='heal_00000618' (success)
🔧 AccTrie Add: proof size=472 bytes, root_hash=[f1, a4, aa, 1f, b0, dd, 04, 6b]...
⚠️ AccTrie Delete: keyword='health' not found in storage
🗑️ AccTrie Delete: keyword='health', fid='heal_00000618' (removing entire key)
⚠️ AccTrie Delete: delete entire key failed: Key not found
🗑️ AccTrie Delete: post-delete root_hash=[f1, a4, aa, 1f, b0, dd, 04, 6b]...
🗑️ AccTrie Delete: keyword='wellness', fid='heal_00000618' (removing entire key)
🗑️ AccTrie Delete: post-delete root_hash=[e6, 76, ee, ec, 7e, 3b, 9c, 77]...
🔍 AccTrie Query: keyword='health', found 1 fids
🔍 AccTrie Query: returning proof (461 bytes)
🗑️ AccTrie Delete: keyword='health', fid='heal_00000619' (removing entire key)
🗑️ AccTrie Delete: post-delete root_hash=[25, ec, be, c4, 38, c3, 34, 03]...
🔧 AccTrie Add: keyword='patient', fid='heal_00000619' (success)
🔧 AccTrie Add: proof size=471 bytes, root_hash=[25, ec, be, c4, 38, c3, 34, 03]...
⚠️ AccTrie Delete: keyword='health' not found in storage
🗑️ AccTrie Delete: keyword='health', fid='heal_00000619' (removing entire key)
⚠️ AccTrie Delete: delete entire key failed: Key not found
🗑️ AccTrie Delete: post-delete root_hash=[25, ec, be, c4, 38, c3, 34, 03]...
🗑️ AccTrie Delete: keyword='patient', fid='heal_00000619' (removing entire key)
🗑️ AccTrie Delete: post-delete root_hash=[e6, 76, ee, ec, 7e, 3b, 9c, 77]...
🔍 AccTrie Query: keyword='environment', found 1 fids
🔍 AccTrie Query: returning proof (566 bytes)
🗑️ AccTrie Delete: keyword='environment', fid='envi_00000620' (removing entire key)
🗑️ AccTrie Delete: post-delete root_hash=[b7, 01, 64, c7, 0e, 8b, 31, 75]...
🔧 AccTrie Add: keyword='wildlife', fid='envi_00000620' (success)
🔧 AccTrie Add: proof size=572 bytes, root_hash=[b7, 01, 64, c7, 0e, 8b, 31, 75]...
⚠️ AccTrie Delete: keyword='environment' not found in storage
🗑️ AccTrie Delete: keyword='environment', fid='envi_00000620' (removing entire key)
⚠️ AccTrie Delete: delete entire key failed: Key not found
🗑️ AccTrie Delete: post-delete root_hash=[b7, 01, 64, c7, 0e, 8b, 31, 75]...
🗑️ AccTrie Delete: keyword='wildlife', fid='envi_00000620' (removing entire key)
🗑️ AccTrie Delete: post-delete root_hash=[41, 57, f2, e9, fe, 20, ec, 9d]...
🗑️ AccTrie Delete: keyword='pollution', fid='envi_00000620' (removing entire key)
🗑️ AccTrie Delete: post-delete root_hash=[e6, 76, ee, ec, 7e, 3b, 9c, 77]...
🔍 AccTrie Query: keyword='environment', found 1 fids
🔍 AccTrie Query: returning proof (566 bytes)
🗑️ AccTrie Delete: keyword='environment', fid='envi_00000621' (removing entire key)
🗑️ AccTrie Delete: post-delete root_hash=[12, df, 55, 92, d7, 6d, 46, 9d]...
🔧 AccTrie Add: keyword='ecology', fid='envi_00000621' (success)
🔧 AccTrie Add: proof size=571 bytes, root_hash=[12, df, 55, 92, d7, 6d, 46, 9d]...
🗑️ AccTrie Delete: keyword='green', fid='envi_00000621' (removing entire key)
🗑️ AccTrie Delete: post-delete root_hash=[d6, f8, 1c, c1, d4, 40, 9d, c5]...
🗑️ AccTrie Delete: keyword='ecology', fid='envi_00000621' (removing entire key)
🗑️ AccTrie Delete: post-delete root_hash=[e6, 76, ee, ec, 7e, 3b, 9c, 77]...
⚠️ AccTrie Delete: keyword='environment' not found in storage
🗑️ AccTrie Delete: keyword='environment', fid='envi_00000621' (removing entire key)
⚠️ AccTrie Delete: delete entire key failed: Key not found
🗑️ AccTrie Delete: post-delete root_hash=[e6, 76, ee, ec, 7e, 3b, 9c, 77]...
🔍 AccTrie Query: keyword='sports', found 1 fids
🔍 AccTrie Query: returning proof (461 bytes)
🗑️ AccTrie Delete: keyword='sports', fid='spor_00000622' (removing entire key)
🗑️ AccTrie Delete: post-delete root_hash=[41, d4, 88, 59, 9d, a5, 66, 96]...
🗑️ AccTrie Delete: keyword='olympics', fid='spor_00000622' (removing entire key)
🗑️ AccTrie Delete: post-delete root_hash=[e6, 76, ee, ec, 7e, 3b, 9c, 77]...
⚠️ AccTrie Delete: keyword='sports' not found in storage
🗑️ AccTrie Delete: keyword='sports', fid='spor_00000622' (removing entire key)
⚠️ AccTrie Delete: delete entire key failed: Key not found
🗑️ AccTrie Delete: post-delete root_hash=[e6, 76, ee, ec, 7e, 3b, 9c, 77]...
🔍 AccTrie Query: keyword='health', found 1 fids
🔍 AccTrie Query: returning proof (361 bytes)
🗑️ AccTrie Delete: keyword='health', fid='heal_00000623' (removing entire key)
🗑️ AccTrie Delete: post-delete root_hash=[e6, 76, ee, ec, 7e, 3b, 9c, 77]...
⚠️ AccTrie Delete: keyword='health' not found in storage
🗑️ AccTrie Delete: keyword='health', fid='heal_00000623' (removing entire key)
⚠️ AccTrie Delete: delete entire key failed: Key not found
🗑️ AccTrie Delete: post-delete root_hash=[e6, 76, ee, ec, 7e, 3b, 9c, 77]...
🔧 AccTrie Add: keyword='course', fid='educ_00000624' (success)
🔧 AccTrie Add: proof size=470 bytes, root_hash=[6a, f9, 70, ee, 06, 1b, 7c, 3a]...
🗑️ AccTrie Delete: keyword='course', fid='educ_00000624' (removing entire key)
🗑️ AccTrie Delete: post-delete root_hash=[e6, 76, ee, ec, 7e, 3b, 9c, 77]...
🔧 AccTrie Add: keyword='crisis', fid='news_00000625' (success)
🔧 AccTrie Add: proof size=570 bytes, root_hash=[b7, 09, 76, aa, e4, d6, db, 5d]...
🗑️ AccTrie Delete: keyword='crisis', fid='news_00000625' (removing entire key)
🗑️ AccTrie Delete: post-delete root_hash=[27, df, 40, 6d, 66, 96, f0, 9c]...
🗑️ AccTrie Delete: keyword='politics', fid='news_00000625' (removing entire key)
🗑️ AccTrie Delete: post-delete root_hash=[e6, 76, ee, ec, 7e, 3b, 9c, 77]...
🔍 AccTrie Query: keyword='environment', found 1 fids
🔍 AccTrie Query: returning proof (366 bytes)
🗑️ AccTrie Delete: keyword='environment', fid='envi_00000626' (removing entire key)
🗑️ AccTrie Delete: post-delete root_hash=[e6, 76, ee, ec, 7e, 3b, 9c, 77]...
⚠️ AccTrie Delete: keyword='environment' not found in storage
🗑️ AccTrie Delete: keyword='environment', fid='envi_00000626' (removing entire key)
⚠️ AccTrie Delete: delete entire key failed: Key not found
🗑️ AccTrie Delete: post-delete root_hash=[e6, 76, ee, ec, 7e, 3b, 9c, 77]...
🔍 AccTrie Query: keyword='health', found 1 fids
🔍 AccTrie Query: returning proof (361 bytes)
🗑️ AccTrie Delete: keyword='health', fid='heal_00000628' (removing entire key)
🗑️ AccTrie Delete: post-delete root_hash=[e6, 76, ee, ec, 7e, 3b, 9c, 77]...
⚠️ AccTrie Delete: keyword='health' not found in storage
🗑️ AccTrie Delete: keyword='health', fid='heal_00000628' (removing entire key)
⚠️ AccTrie Delete: delete entire key failed: Key not found
🗑️ AccTrie Delete: post-delete root_hash=[e6, 76, ee, ec, 7e, 3b, 9c, 77]...
🔧 AccTrie Add: keyword='chemistry', fid='scie_00000629' (success)
🔧 AccTrie Add: proof size=473 bytes, root_hash=[af, c7, a0, 9f, ea, 22, c3, 75]...
🗑️ AccTrie Delete: keyword='chemistry', fid='scie_00000629' (removing entire key)
🗑️ AccTrie Delete: post-delete root_hash=[e6, 76, ee, ec, 7e, 3b, 9c, 77]...
🔍 AccTrie Query: keyword='health', found 1 fids
🔍 AccTrie Query: returning proof (461 bytes)
🗑️ AccTrie Delete: keyword='health', fid='heal_00000631' (removing entire key)
🗑️ AccTrie Delete: post-delete root_hash=[72, 54, 73, 2a, c9, 98, 47, 29]...
⚠️ AccTrie Delete: keyword='health' not found in storage
🗑️ AccTrie Delete: keyword='health', fid='heal_00000631' (removing entire key)
⚠️ AccTrie Delete: delete entire key failed: Key not found
🗑️ AccTrie Delete: post-delete root_hash=[72, 54, 73, 2a, c9, 98, 47, 29]...
🗑️ AccTrie Delete: keyword='wellness', fid='heal_00000631' (removing entire key)
🗑️ AccTrie Delete: post-delete root_hash=[e6, 76, ee, ec, 7e, 3b, 9c, 77]...
🔧 AccTrie Add: keyword='chemistry', fid='scie_00000632' (success)
🔧 AccTrie Add: proof size=573 bytes, root_hash=[8d, 05, 83, 30, 0f, ca, 8b, 50]...
🗑️ AccTrie Delete: keyword='chemistry', fid='scie_00000632' (removing entire key)
🗑️ AccTrie Delete: post-delete root_hash=[28, 2a, ad, ce, 4b, ac, b7, e5]...
🗑️ AccTrie Delete: keyword='research', fid='scie_00000632' (removing entire key)
🗑️ AccTrie Delete: post-delete root_hash=[e6, 76, ee, ec, 7e, 3b, 9c, 77]...
🔧 AccTrie Add: keyword='performance', fid='ente_00000633' (success)
🔧 AccTrie Add: proof size=475 bytes, root_hash=[9e, ce, fc, 8b, 42, 80, 69, 58]...
🗑️ AccTrie Delete: keyword='performance', fid='ente_00000633' (removing entire key)
🗑️ AccTrie Delete: post-delete root_hash=[e6, 76, ee, ec, 7e, 3b, 9c, 77]...
🔍 AccTrie Query: keyword='technology', found 1 fids
🔍 AccTrie Query: returning proof (365 bytes)
🗑️ AccTrie Delete: keyword='technology', fid='tech_00000634' (removing entire key)
🗑️ AccTrie Delete: post-delete root_hash=[e6, 76, ee, ec, 7e, 3b, 9c, 77]...
⚠️ AccTrie Delete: keyword='technology' not found in storage
🗑️ AccTrie Delete: keyword='technology', fid='tech_00000634' (removing entire key)
⚠️ AccTrie Delete: delete entire key failed: Key not found
🗑️ AccTrie Delete: post-delete root_hash=[e6, 76, ee, ec, 7e, 3b, 9c, 77]...
🔍 AccTrie Query: keyword='technology', found 1 fids
🔍 AccTrie Query: returning proof (365 bytes)
🗑️ AccTrie Delete: keyword='technology', fid='tech_00000635' (removing entire key)
🗑️ AccTrie Delete: post-delete root_hash=[e6, 76, ee, ec, 7e, 3b, 9c, 77]...
⚠️ AccTrie Delete: keyword='technology' not found in storage
🗑️ AccTrie Delete: keyword='technology', fid='tech_00000635' (removing entire key)
⚠️ AccTrie Delete: delete entire key failed: Key not found
🗑️ AccTrie Delete: post-delete root_hash=[e6, 76, ee, ec, 7e, 3b, 9c, 77]...
🗑️ AccTrie Delete: keyword='recipe', fid='life_00000636' (removing entire key)
🗑️ AccTrie Delete: post-delete root_hash=[40, 08, 3d, 6a, 79, 8a, 2b, 1c]...
🗑️ AccTrie Delete: keyword='trend', fid='life_00000636' (removing entire key)
🗑️ AccTrie Delete: post-delete root_hash=[e6, 76, ee, ec, 7e, 3b, 9c, 77]...
🔍 AccTrie Query: keyword='environment', found 1 fids
🔍 AccTrie Query: returning proof (366 bytes)
🗑️ AccTrie Delete: keyword='environment', fid='envi_00000637' (removing entire key)
🗑️ AccTrie Delete: post-delete root_hash=[e6, 76, ee, ec, 7e, 3b, 9c, 77]...
⚠️ AccTrie Delete: keyword='environment' not found in storage
🗑️ AccTrie Delete: keyword='environment', fid='envi_00000637' (removing entire key)
⚠️ AccTrie Delete: delete entire key failed: Key not found
🗑️ AccTrie Delete: post-delete root_hash=[e6, 76, ee, ec, 7e, 3b, 9c, 77]...
🗑️ AccTrie Delete: keyword='politics', fid='news_00000639' (removing entire key)
🗑️ AccTrie Delete: post-delete root_hash=[e6, 76, ee, ec, 7e, 3b, 9c, 77]...
🔍 AccTrie Query: keyword='health', found 1 fids
🔍 AccTrie Query: returning proof (361 bytes)
🗑️ AccTrie Delete: keyword='health', fid='heal_00000640' (removing entire key)
🗑️ AccTrie Delete: post-delete root_hash=[e6, 76, ee, ec, 7e, 3b, 9c, 77]...
⚠️ AccTrie Delete: keyword='health' not found in storage
🗑️ AccTrie Delete: keyword='health', fid='heal_00000640' (removing entire key)
⚠️ AccTrie Delete: delete entire key failed: Key not found
🗑️ AccTrie Delete: post-delete root_hash=[e6, 76, ee, ec, 7e, 3b, 9c, 77]...
🔍 AccTrie Query: keyword='environment', found 1 fids
🔍 AccTrie Query: returning proof (566 bytes)
🗑️ AccTrie Delete: keyword='environment', fid='envi_00000641' (removing entire key)
🗑️ AccTrie Delete: post-delete root_hash=[47, 82, 6f, f7, 0b, 98, 1a, 01]...
🔧 AccTrie Add: keyword='wildlife', fid='envi_00000641' (success)
🔧 AccTrie Add: proof size=572 bytes, root_hash=[47, 82, 6f, f7, 0b, 98, 1a, 01]...
🗑️ AccTrie Delete: keyword='wildlife', fid='envi_00000641' (removing entire key)
🗑️ AccTrie Delete: post-delete root_hash=[44, a8, 58, 0b, 05, 84, 04, c2]...
⚠️ AccTrie Delete: keyword='environment' not found in storage
🗑️ AccTrie Delete: keyword='environment', fid='envi_00000641' (removing entire key)
⚠️ AccTrie Delete: delete entire key failed: Key not found
🗑️ AccTrie Delete: post-delete root_hash=[44, a8, 58, 0b, 05, 84, 04, c2]...
🗑️ AccTrie Delete: keyword='ecology', fid='envi_00000641' (removing entire key)
🗑️ AccTrie Delete: post-delete root_hash=[e6, 76, ee, ec, 7e, 3b, 9c, 77]...
🔍 AccTrie Query: keyword='business', found 1 fids
🔍 AccTrie Query: returning proof (363 bytes)
🗑️ AccTrie Delete: keyword='business', fid='busi_00000642' (removing entire key)
🗑️ AccTrie Delete: post-delete root_hash=[e6, 76, ee, ec, 7e, 3b, 9c, 77]...
⚠️ AccTrie Delete: keyword='business' not found in storage
🗑️ AccTrie Delete: keyword='business', fid='busi_00000642' (removing entire key)
⚠️ AccTrie Delete: delete entire key failed: Key not found
🗑️ AccTrie Delete: post-delete root_hash=[e6, 76, ee, ec, 7e, 3b, 9c, 77]...
🔧 AccTrie Add: keyword='scholarship', fid='educ_00000645' (success)
🔧 AccTrie Add: proof size=475 bytes, root_hash=[67, 61, fd, d8, 65, b6, 23, 2d]...
🗑️ AccTrie Delete: keyword='scholarship', fid='educ_00000645' (removing entire key)
🗑️ AccTrie Delete: post-delete root_hash=[e6, 76, ee, ec, 7e, 3b, 9c, 77]...
🔧 AccTrie Add: keyword='beauty', fid='life_00000646' (success)
🔧 AccTrie Add: proof size=670 bytes, root_hash=[57, 45, 2b, 3f, 42, 04, 50, d2]...
🗑️ AccTrie Delete: keyword='food', fid='life_00000646' (removing entire key)
🗑️ AccTrie Delete: post-delete root_hash=[31, 83, 2a, 74, fc, be, 11, 3d]...
🗑️ AccTrie Delete: keyword='beauty', fid='life_00000646' (removing entire key)
🗑️ AccTrie Delete: post-delete root_hash=[74, b2, e8, 73, 5b, 9a, 1b, 2b]...
🗑️ AccTrie Delete: keyword='family', fid='life_00000646' (removing entire key)
🗑️ AccTrie Delete: post-delete root_hash=[e6, 76, ee, ec, 7e, 3b, 9c, 77]...
🔍 AccTrie Query: keyword='technology', found 1 fids
🔍 AccTrie Query: returning proof (365 bytes)
🗑️ AccTrie Delete: keyword='technology', fid='tech_00000647' (removing entire key)
🗑️ AccTrie Delete: post-delete root_hash=[e6, 76, ee, ec, 7e, 3b, 9c, 77]...
⚠️ AccTrie Delete: keyword='technology' not found in storage
🗑️ AccTrie Delete: keyword='technology', fid='tech_00000647' (removing entire key)
⚠️ AccTrie Delete: delete entire key failed: Key not found
🗑️ AccTrie Delete: post-delete root_hash=[e6, 76, ee, ec, 7e, 3b, 9c, 77]...
🔍 AccTrie Query: keyword='health', found 1 fids
🔍 AccTrie Query: returning proof (361 bytes)
🗑️ AccTrie Delete: keyword='health', fid='heal_00000648' (removing entire key)
🗑️ AccTrie Delete: post-delete root_hash=[e6, 76, ee, ec, 7e, 3b, 9c, 77]...
⚠️ AccTrie Delete: keyword='health' not found in storage
🗑️ AccTrie Delete: keyword='health', fid='heal_00000648' (removing entire key)
⚠️ AccTrie Delete: delete entire key failed: Key not found
🗑️ AccTrie Delete: post-delete root_hash=[e6, 76, ee, ec, 7e, 3b, 9c, 77]...
🔧 AccTrie Add: keyword='theory', fid='scie_00000649' (success)
🔧 AccTrie Add: proof size=570 bytes, root_hash=[6a, ff, e9, 77, fe, 32, a6, d5]...
🗑️ AccTrie Delete: keyword='research', fid='scie_00000649' (removing entire key)
🗑️ AccTrie Delete: post-delete root_hash=[31, 3a, b1, 85, 83, b1, 8c, 68]...
🗑️ AccTrie Delete: keyword='theory', fid='scie_00000649' (removing entire key)
🗑️ AccTrie Delete: post-delete root_hash=[e6, 76, ee, ec, 7e, 3b, 9c, 77]...
🔍 AccTrie Query: keyword='technology', found 1 fids
🔍 AccTrie Query: returning proof (365 bytes)
🗑️ AccTrie Delete: keyword='technology', fid='tech_00000650' (removing entire key)
🗑️ AccTrie Delete: post-delete root_hash=[e6, 76, ee, ec, 7e, 3b, 9c, 77]...
⚠️ AccTrie Delete: keyword='technology' not found in storage
🗑️ AccTrie Delete: keyword='technology', fid='tech_00000650' (removing entire key)
⚠️ AccTrie Delete: delete entire key failed: Key not found
🗑️ AccTrie Delete: post-delete root_hash=[e6, 76, ee, ec, 7e, 3b, 9c, 77]...
🔍 AccTrie Query: keyword='environment', found 1 fids
🔍 AccTrie Query: returning proof (366 bytes)
🗑️ AccTrie Delete: keyword='environment', fid='envi_00000651' (removing entire key)
🗑️ AccTrie Delete: post-delete root_hash=[e6, 76, ee, ec, 7e, 3b, 9c, 77]...
⚠️ AccTrie Delete: keyword='environment' not found in storage
🗑️ AccTrie Delete: keyword='environment', fid='envi_00000651' (removing entire key)
⚠️ AccTrie Delete: delete entire key failed: Key not found
🗑️ AccTrie Delete: post-delete root_hash=[e6, 76, ee, ec, 7e, 3b, 9c, 77]...
🔍 AccTrie Query: keyword='environment', found 1 fids
🔍 AccTrie Query: returning proof (466 bytes)
🗑️ AccTrie Delete: keyword='environment', fid='envi_00000652' (removing entire key)
🗑️ AccTrie Delete: post-delete root_hash=[82, 78, ea, 7b, 9a, 6a, 5e, aa]...
🔧 AccTrie Add: keyword='ecology', fid='envi_00000652' (success)
🔧 AccTrie Add: proof size=471 bytes, root_hash=[82, 78, ea, 7b, 9a, 6a, 5e, aa]...
🗑️ AccTrie Delete: keyword='ecology', fid='envi_00000652' (removing entire key)
🗑️ AccTrie Delete: post-delete root_hash=[e6, 76, ee, ec, 7e, 3b, 9c, 77]...
⚠️ AccTrie Delete: keyword='environment' not found in storage
🗑️ AccTrie Delete: keyword='environment', fid='envi_00000652' (removing entire key)
⚠️ AccTrie Delete: delete entire key failed: Key not found
🗑️ AccTrie Delete: post-delete root_hash=[e6, 76, ee, ec, 7e, 3b, 9c, 77]...
🔍 AccTrie Query: keyword='health', found 1 fids
🔍 AccTrie Query: returning proof (361 bytes)
🗑️ AccTrie Delete: keyword='health', fid='heal_00000653' (removing entire key)
🗑️ AccTrie Delete: post-delete root_hash=[e6, 76, ee, ec, 7e, 3b, 9c, 77]...
⚠️ AccTrie Delete: keyword='health' not found in storage
🗑️ AccTrie Delete: keyword='health', fid='heal_00000653' (removing entire key)
⚠️ AccTrie Delete: delete entire key failed: Key not found
🗑️ AccTrie Delete: post-delete root_hash=[e6, 76, ee, ec, 7e, 3b, 9c, 77]...
🔧 AccTrie Add: keyword='domestic', fid='news_00000654' (success)
🔧 AccTrie Add: proof size=472 bytes, root_hash=[0d, a7, cf, 3a, 78, 99, 16, 27]...
🗑️ AccTrie Delete: keyword='domestic', fid='news_00000654' (removing entire key)
🗑️ AccTrie Delete: post-delete root_hash=[e6, 76, ee, ec, 7e, 3b, 9c, 77]...
🔍 AccTrie Query: keyword='business', found 1 fids
🔍 AccTrie Query: returning proof (463 bytes)
🗑️ AccTrie Delete: keyword='business', fid='busi_00000656' (removing entire key)
🗑️ AccTrie Delete: post-delete root_hash=[1d, 7d, 67, b7, 6c, 8a, a8, a6]...
🔧 AccTrie Add: keyword='strategy', fid='busi_00000656' (success)
🔧 AccTrie Add: proof size=472 bytes, root_hash=[1d, 7d, 67, b7, 6c, 8a, a8, a6]...
⚠️ AccTrie Delete: keyword='business' not found in storage
🗑️ AccTrie Delete: keyword='business', fid='busi_00000656' (removing entire key)
⚠️ AccTrie Delete: delete entire key failed: Key not found
🗑️ AccTrie Delete: post-delete root_hash=[1d, 7d, 67, b7, 6c, 8a, a8, a6]...
🗑️ AccTrie Delete: keyword='strategy', fid='busi_00000656' (removing entire key)
🗑️ AccTrie Delete: post-delete root_hash=[e6, 76, ee, ec, 7e, 3b, 9c, 77]...
🔍 AccTrie Query: keyword='technology', found 1 fids
🔍 AccTrie Query: returning proof (465 bytes)
🗑️ AccTrie Delete: keyword='technology', fid='tech_00000657' (removing entire key)
🗑️ AccTrie Delete: post-delete root_hash=[33, 3a, 36, 14, f4, 13, 9e, f2]...
⚠️ AccTrie Delete: keyword='technology' not found in storage
🗑️ AccTrie Delete: keyword='technology', fid='tech_00000657' (removing entire key)
⚠️ AccTrie Delete: delete entire key failed: Key not found
🗑️ AccTrie Delete: post-delete root_hash=[33, 3a, 36, 14, f4, 13, 9e, f2]...
🗑️ AccTrie Delete: keyword='network', fid='tech_00000657' (removing entire key)
🗑️ AccTrie Delete: post-delete root_hash=[e6, 76, ee, ec, 7e, 3b, 9c, 77]...
🗑️ AccTrie Delete: keyword='government', fid='news_00000658' (removing entire key)
🗑️ AccTrie Delete: post-delete root_hash=[a9, 92, 30, 60, 35, 7b, a0, 6f]...
🗑️ AccTrie Delete: keyword='politics', fid='news_00000658' (removing entire key)
🗑️ AccTrie Delete: post-delete root_hash=[15, 58, 6c, 2c, bd, 7d, 09, 18]...
🗑️ AccTrie Delete: keyword='crisis', fid='news_00000658' (removing entire key)
🗑️ AccTrie Delete: post-delete root_hash=[e6, 76, ee, ec, 7e, 3b, 9c, 77]...
🔍 AccTrie Query: keyword='health', found 1 fids
🔍 AccTrie Query: returning proof (361 bytes)
🗑️ AccTrie Delete: keyword='health', fid='heal_00000659' (removing entire key)
🗑️ AccTrie Delete: post-delete root_hash=[e6, 76, ee, ec, 7e, 3b, 9c, 77]...
⚠️ AccTrie Delete: keyword='health' not found in storage
🗑️ AccTrie Delete: keyword='health', fid='heal_00000659' (removing entire key)
⚠️ AccTrie Delete: delete entire key failed: Key not found
🗑️ AccTrie Delete: post-delete root_hash=[e6, 76, ee, ec, 7e, 3b, 9c, 77]...
🗑️ AccTrie Delete: keyword='performance', fid='ente_00000660' (removing entire key)
🗑️ AccTrie Delete: post-delete root_hash=[e6, 76, ee, ec, 7e, 3b, 9c, 77]...
🗑️ AccTrie Delete: keyword='movie', fid='ente_00000661' (removing entire key)
🗑️ AccTrie Delete: post-delete root_hash=[e6, 76, ee, ec, 7e, 3b, 9c, 77]...
🗑️ AccTrie Delete: keyword='course', fid='educ_00000662' (removing entire key)
🗑️ AccTrie Delete: post-delete root_hash=[e6, 76, ee, ec, 7e, 3b, 9c, 77]...
🔍 AccTrie Query: keyword='environment', found 1 fids
🔍 AccTrie Query: returning proof (566 bytes)
🗑️ AccTrie Delete: keyword='environment', fid='envi_00000663' (removing entire key)
🗑️ AccTrie Delete: post-delete root_hash=[53, c1, cb, a9, eb, 00, e3, 59]...
⚠️ AccTrie Delete: keyword='environment' not found in storage
🗑️ AccTrie Delete: keyword='environment', fid='envi_00000663' (removing entire key)
⚠️ AccTrie Delete: delete entire key failed: Key not found
🗑️ AccTrie Delete: post-delete root_hash=[53, c1, cb, a9, eb, 00, e3, 59]...
🗑️ AccTrie Delete: keyword='climate', fid='envi_00000663' (removing entire key)
🗑️ AccTrie Delete: post-delete root_hash=[c3, 2b, ac, a3, 7c, 3f, 7a, a0]...
🗑️ AccTrie Delete: keyword='sustainability', fid='envi_00000663' (removing entire key)
🗑️ AccTrie Delete: post-delete root_hash=[e6, 76, ee, ec, 7e, 3b, 9c, 77]...
🔍 AccTrie Query: keyword='health', found 1 fids
🔍 AccTrie Query: returning proof (361 bytes)
🗑️ AccTrie Delete: keyword='health', fid='heal_00000664' (removing entire key)
🗑️ AccTrie Delete: post-delete root_hash=[e6, 76, ee, ec, 7e, 3b, 9c, 77]...
⚠️ AccTrie Delete: keyword='health' not found in storage
🗑️ AccTrie Delete: keyword='health', fid='heal_00000664' (removing entire key)
⚠️ AccTrie Delete: delete entire key failed: Key not found
🗑️ AccTrie Delete: post-delete root_hash=[e6, 76, ee, ec, 7e, 3b, 9c, 77]...
🔧 AccTrie Add: keyword='government', fid='news_00000665' (success)
🔧 AccTrie Add: proof size=574 bytes, root_hash=[f5, 2e, f2, aa, 68, e0, b1, 0f]...
🗑️ AccTrie Delete: keyword='domestic', fid='news_00000665' (removing entire key)
🗑️ AccTrie Delete: post-delete root_hash=[3b, 1e, 0d, 42, 77, 98, 88, b2]...
🗑️ AccTrie Delete: keyword='government', fid='news_00000665' (removing entire key)
🗑️ AccTrie Delete: post-delete root_hash=[e6, 76, ee, ec, 7e, 3b, 9c, 77]...
🔍 AccTrie Query: keyword='technology', found 1 fids
🔍 AccTrie Query: returning proof (365 bytes)
🗑️ AccTrie Delete: keyword='technology', fid='tech_00000666' (removing entire key)
🗑️ AccTrie Delete: post-delete root_hash=[e6, 76, ee, ec, 7e, 3b, 9c, 77]...
⚠️ AccTrie Delete: keyword='technology' not found in storage
🗑️ AccTrie Delete: keyword='technology', fid='tech_00000666' (removing entire key)
⚠️ AccTrie Delete: delete entire key failed: Key not found
🗑️ AccTrie Delete: post-delete root_hash=[e6, 76, ee, ec, 7e, 3b, 9c, 77]...
🔍 AccTrie Query: keyword='technology', found 1 fids
🔍 AccTrie Query: returning proof (365 bytes)
🗑️ AccTrie Delete: keyword='technology', fid='tech_00000667' (removing entire key)
🗑️ AccTrie Delete: post-delete root_hash=[e6, 76, ee, ec, 7e, 3b, 9c, 77]...
⚠️ AccTrie Delete: keyword='technology' not found in storage
🗑️ AccTrie Delete: keyword='technology', fid='tech_00000667' (removing entire key)
⚠️ AccTrie Delete: delete entire key failed: Key not found
🗑️ AccTrie Delete: post-delete root_hash=[e6, 76, ee, ec, 7e, 3b, 9c, 77]...
🔍 AccTrie Query: keyword='health', found 1 fids
🔍 AccTrie Query: returning proof (461 bytes)
🗑️ AccTrie Delete: keyword='health', fid='heal_00000669' (removing entire key)
🗑️ AccTrie Delete: post-delete root_hash=[81, 8d, 71, e7, 7c, 25, 74, 7d]...
🗑️ AccTrie Delete: keyword='wellness', fid='heal_00000669' (removing entire key)
🗑️ AccTrie Delete: post-delete root_hash=[e6, 76, ee, ec, 7e, 3b, 9c, 77]...
⚠️ AccTrie Delete: keyword='health' not found in storage
🗑️ AccTrie Delete: keyword='health', fid='heal_00000669' (removing entire key)
⚠️ AccTrie Delete: delete entire key failed: Key not found
🗑️ AccTrie Delete: post-delete root_hash=[e6, 76, ee, ec, 7e, 3b, 9c, 77]...
🗑️ AccTrie Delete: keyword='course', fid='educ_00000670' (removing entire key)
🗑️ AccTrie Delete: post-delete root_hash=[e6, 76, ee, ec, 7e, 3b, 9c, 77]...
🔍 AccTrie Query: keyword='technology', found 1 fids
🔍 AccTrie Query: returning proof (565 bytes)
🗑️ AccTrie Delete: keyword='technology', fid='tech_00000671' (removing entire key)
🗑️ AccTrie Delete: post-delete root_hash=[2a, fc, 5a, 7e, a3, 98, 78, 45]...
🔧 AccTrie Add: keyword='iot', fid='tech_00000671' (success)
🔧 AccTrie Add: proof size=567 bytes, root_hash=[2a, fc, 5a, 7e, a3, 98, 78, 45]...
🗑️ AccTrie Delete: keyword='iot', fid='tech_00000671' (removing entire key)
🗑️ AccTrie Delete: post-delete root_hash=[c2, f5, 32, 72, 5d, c2, 6d, bb]...
⚠️ AccTrie Delete: keyword='technology' not found in storage
🗑️ AccTrie Delete: keyword='technology', fid='tech_00000671' (removing entire key)
⚠️ AccTrie Delete: delete entire key failed: Key not found
🗑️ AccTrie Delete: post-delete root_hash=[c2, f5, 32, 72, 5d, c2, 6d, bb]...
🗑️ AccTrie Delete: keyword='software', fid='tech_00000671' (removing entire key)
🗑️ AccTrie Delete: post-delete root_hash=[e6, 76, ee, ec, 7e, 3b, 9c, 77]...
🔍 AccTrie Query: keyword='technology', found 1 fids
🔍 AccTrie Query: returning proof (465 bytes)
🗑️ AccTrie Delete: keyword='technology', fid='tech_00000672' (removing entire key)
🗑️ AccTrie Delete: post-delete root_hash=[6e, 63, d4, 61, dd, 0e, 8b, e7]...
🔧 AccTrie Add: keyword='iot', fid='tech_00000672' (success)
🔧 AccTrie Add: proof size=467 bytes, root_hash=[6e, 63, d4, 61, dd, 0e, 8b, e7]...
🗑️ AccTrie Delete: keyword='iot', fid='tech_00000672' (removing entire key)
🗑️ AccTrie Delete: post-delete root_hash=[e6, 76, ee, ec, 7e, 3b, 9c, 77]...
⚠️ AccTrie Delete: keyword='technology' not found in storage
🗑️ AccTrie Delete: keyword='technology', fid='tech_00000672' (removing entire key)
⚠️ AccTrie Delete: delete entire key failed: Key not found
🗑️ AccTrie Delete: post-delete root_hash=[e6, 76, ee, ec, 7e, 3b, 9c, 77]...
🔍 AccTrie Query: keyword='technology', found 1 fids
🔍 AccTrie Query: returning proof (365 bytes)
🗑️ AccTrie Delete: keyword='technology', fid='tech_00000673' (removing entire key)
🗑️ AccTrie Delete: post-delete root_hash=[e6, 76, ee, ec, 7e, 3b, 9c, 77]...
⚠️ AccTrie Delete: keyword='technology' not found in storage
🗑️ AccTrie Delete: keyword='technology', fid='tech_00000673' (removing entire key)
⚠️ AccTrie Delete: delete entire key failed: Key not found
🗑️ AccTrie Delete: post-delete root_hash=[e6, 76, ee, ec, 7e, 3b, 9c, 77]...
🔧 AccTrie Add: keyword='scholarship', fid='educ_00000674' (success)
🔧 AccTrie Add: proof size=475 bytes, root_hash=[60, f3, 96, 32, e0, c5, 33, 49]...
🗑️ AccTrie Delete: keyword='scholarship', fid='educ_00000674' (removing entire key)
🗑️ AccTrie Delete: post-delete root_hash=[e6, 76, ee, ec, 7e, 3b, 9c, 77]...
🗑️ AccTrie Delete: keyword='movie', fid='ente_00000675' (removing entire key)
🗑️ AccTrie Delete: post-delete root_hash=[e6, 76, ee, ec, 7e, 3b, 9c, 77]...
🔍 AccTrie Query: keyword='environment', found 1 fids
🔍 AccTrie Query: returning proof (466 bytes)
🗑️ AccTrie Delete: keyword='environment', fid='envi_00000676' (removing entire key)
🗑️ AccTrie Delete: post-delete root_hash=[1d, 97, 39, 9b, 08, 5b, b5, 84]...
🔧 AccTrie Add: keyword='green', fid='envi_00000676' (success)
🔧 AccTrie Add: proof size=469 bytes, root_hash=[1d, 97, 39, 9b, 08, 5b, b5, 84]...
🗑️ AccTrie Delete: keyword='green', fid='envi_00000676' (removing entire key)
🗑️ AccTrie Delete: post-delete root_hash=[e6, 76, ee, ec, 7e, 3b, 9c, 77]...
⚠️ AccTrie Delete: keyword='environment' not found in storage
🗑️ AccTrie Delete: keyword='environment', fid='envi_00000676' (removing entire key)
⚠️ AccTrie Delete: delete entire key failed: Key not found
🗑️ AccTrie Delete: post-delete root_hash=[e6, 76, ee, ec, 7e, 3b, 9c, 77]...
🔍 AccTrie Query: keyword='environment', found 1 fids
🔍 AccTrie Query: returning proof (466 bytes)
🗑️ AccTrie Delete: keyword='environment', fid='envi_00000677' (removing entire key)
🗑️ AccTrie Delete: post-delete root_hash=[db, 9b, aa, fc, 82, 35, 8c, 4c]...
🔧 AccTrie Add: keyword='wildlife', fid='envi_00000677' (success)
🔧 AccTrie Add: proof size=472 bytes, root_hash=[db, 9b, aa, fc, 82, 35, 8c, 4c]...
🗑️ AccTrie Delete: keyword='wildlife', fid='envi_00000677' (removing entire key)
🗑️ AccTrie Delete: post-delete root_hash=[e6, 76, ee, ec, 7e, 3b, 9c, 77]...
⚠️ AccTrie Delete: keyword='environment' not found in storage
🗑️ AccTrie Delete: keyword='environment', fid='envi_00000677' (removing entire key)
⚠️ AccTrie Delete: delete entire key failed: Key not found
🗑️ AccTrie Delete: post-delete root_hash=[e6, 76, ee, ec, 7e, 3b, 9c, 77]...
🔍 AccTrie Query: keyword='environment', found 1 fids
🔍 AccTrie Query: returning proof (466 bytes)
🗑️ AccTrie Delete: keyword='environment', fid='envi_00000678' (removing entire key)
🗑️ AccTrie Delete: post-delete root_hash=[74, ff, e6, 14, 3d, 20, 54, d4]...
⚠️ AccTrie Delete: keyword='environment' not found in storage
🗑️ AccTrie Delete: keyword='environment', fid='envi_00000678' (removing entire key)
⚠️ AccTrie Delete: delete entire key failed: Key not found
🗑️ AccTrie Delete: post-delete root_hash=[74, ff, e6, 14, 3d, 20, 54, d4]...
🗑️ AccTrie Delete: keyword='sustainability', fid='envi_00000678' (removing entire key)
🗑️ AccTrie Delete: post-delete root_hash=[e6, 76, ee, ec, 7e, 3b, 9c, 77]...
🔍 AccTrie Query: keyword='technology', found 1 fids
🔍 AccTrie Query: returning proof (365 bytes)
🗑️ AccTrie Delete: keyword='technology', fid='tech_00000679' (removing entire key)
🗑️ AccTrie Delete: post-delete root_hash=[e6, 76, ee, ec, 7e, 3b, 9c, 77]...
⚠️ AccTrie Delete: keyword='technology' not found in storage
🗑️ AccTrie Delete: keyword='technology', fid='tech_00000679' (removing entire key)
⚠️ AccTrie Delete: delete entire key failed: Key not found
🗑️ AccTrie Delete: post-delete root_hash=[e6, 76, ee, ec, 7e, 3b, 9c, 77]...
🔍 AccTrie Query: keyword='technology', found 1 fids
🔍 AccTrie Query: returning proof (365 bytes)
🗑️ AccTrie Delete: keyword='technology', fid='tech_00000680' (removing entire key)
🗑️ AccTrie Delete: post-delete root_hash=[e6, 76, ee, ec, 7e, 3b, 9c, 77]...
⚠️ AccTrie Delete: keyword='technology' not found in storage
🗑️ AccTrie Delete: keyword='technology', fid='tech_00000680' (removing entire key)
⚠️ AccTrie Delete: delete entire key failed: Key not found
🗑️ AccTrie Delete: post-delete root_hash=[e6, 76, ee, ec, 7e, 3b, 9c, 77]...
🔍 AccTrie Query: keyword='environment', found 1 fids
🔍 AccTrie Query: returning proof (566 bytes)
🗑️ AccTrie Delete: keyword='environment', fid='envi_00000681' (removing entire key)
🗑️ AccTrie Delete: post-delete root_hash=[6a, 3d, 87, 32, 0f, 21, 2d, f8]...
🔧 AccTrie Add: keyword='wildlife', fid='envi_00000681' (success)
🔧 AccTrie Add: proof size=572 bytes, root_hash=[6a, 3d, 87, 32, 0f, 21, 2d, f8]...
⚠️ AccTrie Delete: keyword='environment' not found in storage
🗑️ AccTrie Delete: keyword='environment', fid='envi_00000681' (removing entire key)
⚠️ AccTrie Delete: delete entire key failed: Key not found
🗑️ AccTrie Delete: post-delete root_hash=[6a, 3d, 87, 32, 0f, 21, 2d, f8]...
🗑️ AccTrie Delete: keyword='pollution', fid='envi_00000681' (removing entire key)
🗑️ AccTrie Delete: post-delete root_hash=[bf, 3a, 68, d0, 55, cf, da, e9]...
🗑️ AccTrie Delete: keyword='wildlife', fid='envi_00000681' (removing entire key)
🗑️ AccTrie Delete: post-delete root_hash=[e6, 76, ee, ec, 7e, 3b, 9c, 77]...
🔍 AccTrie Query: keyword='technology', found 1 fids
🔍 AccTrie Query: returning proof (365 bytes)
🗑️ AccTrie Delete: keyword='technology', fid='tech_00000682' (removing entire key)
🗑️ AccTrie Delete: post-delete root_hash=[e6, 76, ee, ec, 7e, 3b, 9c, 77]...
⚠️ AccTrie Delete: keyword='technology' not found in storage
🗑️ AccTrie Delete: keyword='technology', fid='tech_00000682' (removing entire key)
⚠️ AccTrie Delete: delete entire key failed: Key not found
🗑️ AccTrie Delete: post-delete root_hash=[e6, 76, ee, ec, 7e, 3b, 9c, 77]...
🔍 AccTrie Query: keyword='business', found 1 fids
🔍 AccTrie Query: returning proof (563 bytes)
🗑️ AccTrie Delete: keyword='business', fid='busi_00000683' (removing entire key)
🗑️ AccTrie Delete: post-delete root_hash=[10, 24, 41, 00, e4, 1e, ae, 82]...
🔧 AccTrie Add: keyword='startup', fid='busi_00000683' (success)
🔧 AccTrie Add: proof size=571 bytes, root_hash=[10, 24, 41, 00, e4, 1e, ae, 82]...
🗑️ AccTrie Delete: keyword='strategy', fid='busi_00000683' (removing entire key)
🗑️ AccTrie Delete: post-delete root_hash=[35, 84, d0, c6, 03, bb, a9, aa]...
🗑️ AccTrie Delete: keyword='startup', fid='busi_00000683' (removing entire key)
🗑️ AccTrie Delete: post-delete root_hash=[e6, 76, ee, ec, 7e, 3b, 9c, 77]...
⚠️ AccTrie Delete: keyword='business' not found in storage
🗑️ AccTrie Delete: keyword='business', fid='busi_00000683' (removing entire key)
⚠️ AccTrie Delete: delete entire key failed: Key not found
🗑️ AccTrie Delete: post-delete root_hash=[e6, 76, ee, ec, 7e, 3b, 9c, 77]...
🔧 AccTrie Add: keyword='experiment', fid='scie_00000684' (success)
🔧 AccTrie Add: proof size=574 bytes, root_hash=[f9, f4, c1, b0, 63, 49, ad, 90]...
🗑️ AccTrie Delete: keyword='physics', fid='scie_00000684' (removing entire key)
🗑️ AccTrie Delete: post-delete root_hash=[39, 89, 02, 05, 05, d4, 58, 56]...
🗑️ AccTrie Delete: keyword='experiment', fid='scie_00000684' (removing entire key)
🗑️ AccTrie Delete: post-delete root_hash=[e6, 76, ee, ec, 7e, 3b, 9c, 77]...
🔍 AccTrie Query: keyword='environment', found 1 fids
🔍 AccTrie Query: returning proof (466 bytes)
🗑️ AccTrie Delete: keyword='environment', fid='envi_00000685' (removing entire key)
🗑️ AccTrie Delete: post-delete root_hash=[b3, ac, 82, 2c, aa, 58, 12, 4f]...
🔧 AccTrie Add: keyword='pollution', fid='envi_00000685' (success)
🔧 AccTrie Add: proof size=473 bytes, root_hash=[b3, ac, 82, 2c, aa, 58, 12, 4f]...
⚠️ AccTrie Delete: keyword='environment' not found in storage
🗑️ AccTrie Delete: keyword='environment', fid='envi_00000685' (removing entire key)
⚠️ AccTrie Delete: delete entire key failed: Key not found
🗑️ AccTrie Delete: post-delete root_hash=[b3, ac, 82, 2c, aa, 58, 12, 4f]...
🗑️ AccTrie Delete: keyword='pollution', fid='envi_00000685' (removing entire key)
🗑️ AccTrie Delete: post-delete root_hash=[e6, 76, ee, ec, 7e, 3b, 9c, 77]...
🔍 AccTrie Query: keyword='environment', found 1 fids
🔍 AccTrie Query: returning proof (466 bytes)
🗑️ AccTrie Delete: keyword='environment', fid='envi_00000686' (removing entire key)
🗑️ AccTrie Delete: post-delete root_hash=[ef, da, 44, 4e, 39, 64, bc, 02]...
🔧 AccTrie Add: keyword='green', fid='envi_00000686' (success)
🔧 AccTrie Add: proof size=469 bytes, root_hash=[ef, da, 44, 4e, 39, 64, bc, 02]...
🗑️ AccTrie Delete: keyword='green', fid='envi_00000686' (removing entire key)
🗑️ AccTrie Delete: post-delete root_hash=[e6, 76, ee, ec, 7e, 3b, 9c, 77]...
⚠️ AccTrie Delete: keyword='environment' not found in storage
🗑️ AccTrie Delete: keyword='environment', fid='envi_00000686' (removing entire key)
⚠️ AccTrie Delete: delete entire key failed: Key not found
🗑️ AccTrie Delete: post-delete root_hash=[e6, 76, ee, ec, 7e, 3b, 9c, 77]...
🗑️ AccTrie Delete: keyword='government', fid='news_00000687' (removing entire key)
🗑️ AccTrie Delete: post-delete root_hash=[e6, 76, ee, ec, 7e, 3b, 9c, 77]...
🔍 AccTrie Query: keyword='health', found 1 fids
🔍 AccTrie Query: returning proof (461 bytes)
🗑️ AccTrie Delete: keyword='health', fid='heal_00000688' (removing entire key)
🗑️ AccTrie Delete: post-delete root_hash=[b6, cd, c9, 06, a8, 57, 7d, 85]...
⚠️ AccTrie Delete: keyword='health' not found in storage
🗑️ AccTrie Delete: keyword='health', fid='heal_00000688' (removing entire key)
⚠️ AccTrie Delete: delete entire key failed: Key not found
🗑️ AccTrie Delete: post-delete root_hash=[b6, cd, c9, 06, a8, 57, 7d, 85]...
🗑️ AccTrie Delete: keyword='patient', fid='heal_00000688' (removing entire key)
🗑️ AccTrie Delete: post-delete root_hash=[e6, 76, ee, ec, 7e, 3b, 9c, 77]...
🔍 AccTrie Query: keyword='environment', found 1 fids
🔍 AccTrie Query: returning proof (566 bytes)
🗑️ AccTrie Delete: keyword='environment', fid='envi_00000689' (removing entire key)
🗑️ AccTrie Delete: post-delete root_hash=[91, d2, 8c, 96, fb, 25, 58, 40]...
🔧 AccTrie Add: keyword='sustainability', fid='envi_00000689' (success)
🔧 AccTrie Add: proof size=578 bytes, root_hash=[91, d2, 8c, 96, fb, 25, 58, 40]...
🗑️ AccTrie Delete: keyword='sustainability', fid='envi_00000689' (removing entire key)
🗑️ AccTrie Delete: post-delete root_hash=[90, bf, b9, 52, 36, 8b, c3, fe]...
⚠️ AccTrie Delete: keyword='environment' not found in storage
🗑️ AccTrie Delete: keyword='environment', fid='envi_00000689' (removing entire key)
⚠️ AccTrie Delete: delete entire key failed: Key not found
🗑️ AccTrie Delete: post-delete root_hash=[90, bf, b9, 52, 36, 8b, c3, fe]...
🗑️ AccTrie Delete: keyword='pollution', fid='envi_00000689' (removing entire key)
🗑️ AccTrie Delete: post-delete root_hash=[e6, 76, ee, ec, 7e, 3b, 9c, 77]...
🔍 AccTrie Query: keyword='health', found 1 fids
🔍 AccTrie Query: returning proof (461 bytes)
🗑️ AccTrie Delete: keyword='health', fid='heal_00000690' (removing entire key)
🗑️ AccTrie Delete: post-delete root_hash=[4b, ba, 9b, 72, e6, 4a, ef, 97]...
🔧 AccTrie Add: keyword='patient', fid='heal_00000690' (success)
🔧 AccTrie Add: proof size=471 bytes, root_hash=[4b, ba, 9b, 72, e6, 4a, ef, 97]...
⚠️ AccTrie Delete: keyword='health' not found in storage
🗑️ AccTrie Delete: keyword='health', fid='heal_00000690' (removing entire key)
⚠️ AccTrie Delete: delete entire key failed: Key not found
🗑️ AccTrie Delete: post-delete root_hash=[4b, ba, 9b, 72, e6, 4a, ef, 97]...
🗑️ AccTrie Delete: keyword='patient', fid='heal_00000690' (removing entire key)
🗑️ AccTrie Delete: post-delete root_hash=[e6, 76, ee, ec, 7e, 3b, 9c, 77]...
🔍 AccTrie Query: keyword='technology', found 1 fids
🔍 AccTrie Query: returning proof (465 bytes)
🗑️ AccTrie Delete: keyword='technology', fid='tech_00000692' (removing entire key)
🗑️ AccTrie Delete: post-delete root_hash=[d8, cd, 32, d1, 4f, ee, 20, 7a]...
🔧 AccTrie Add: keyword='quantum', fid='tech_00000692' (success)
🔧 AccTrie Add: proof size=471 bytes, root_hash=[d8, cd, 32, d1, 4f, ee, 20, 7a]...
🗑️ AccTrie Delete: keyword='quantum', fid='tech_00000692' (removing entire key)
🗑️ AccTrie Delete: post-delete root_hash=[e6, 76, ee, ec, 7e, 3b, 9c, 77]...
⚠️ AccTrie Delete: keyword='technology' not found in storage
🗑️ AccTrie Delete: keyword='technology', fid='tech_00000692' (removing entire key)
⚠️ AccTrie Delete: delete entire key failed: Key not found
🗑️ AccTrie Delete: post-delete root_hash=[e6, 76, ee, ec, 7e, 3b, 9c, 77]...
🔍 AccTrie Query: keyword='business', found 1 fids
🔍 AccTrie Query: returning proof (563 bytes)
🗑️ AccTrie Delete: keyword='business', fid='busi_00000693' (removing entire key)
🗑️ AccTrie Delete: post-delete root_hash=[d1, 18, 79, ab, e0, f4, 80, 26]...
🗑️ AccTrie Delete: keyword='strategy', fid='busi_00000693' (removing entire key)
🗑️ AccTrie Delete: post-delete root_hash=[55, ca, d6, cc, d0, 82, b3, 38]...
⚠️ AccTrie Delete: keyword='business' not found in storage
🗑️ AccTrie Delete: keyword='business', fid='busi_00000693' (removing entire key)
⚠️ AccTrie Delete: delete entire key failed: Key not found
🗑️ AccTrie Delete: post-delete root_hash=[55, ca, d6, cc, d0, 82, b3, 38]...
🗑️ AccTrie Delete: keyword='analytics', fid='busi_00000693' (removing entire key)
🗑️ AccTrie Delete: post-delete root_hash=[e6, 76, ee, ec, 7e, 3b, 9c, 77]...
🔧 AccTrie Add: keyword='physics', fid='scie_00000694' (success)
🔧 AccTrie Add: proof size=471 bytes, root_hash=[a3, bb, ff, 8b, 82, 13, df, b0]...
🗑️ AccTrie Delete: keyword='physics', fid='scie_00000694' (removing entire key)
🗑️ AccTrie Delete: post-delete root_hash=[e6, 76, ee, ec, 7e, 3b, 9c, 77]...
🔍 AccTrie Query: keyword='health', found 1 fids
🔍 AccTrie Query: returning proof (361 bytes)
🗑️ AccTrie Delete: keyword='health', fid='heal_00000695' (removing entire key)
🗑️ AccTrie Delete: post-delete root_hash=[e6, 76, ee, ec, 7e, 3b, 9c, 77]...
⚠️ AccTrie Delete: keyword='health' not found in storage
🗑️ AccTrie Delete: keyword='health', fid='heal_00000695' (removing entire key)
⚠️ AccTrie Delete: delete entire key failed: Key not found
🗑️ AccTrie Delete: post-delete root_hash=[e6, 76, ee, ec, 7e, 3b, 9c, 77]...
🔍 AccTrie Query: keyword='sports', found 1 fids
🔍 AccTrie Query: returning proof (461 bytes)
🗑️ AccTrie Delete: keyword='sports', fid='spor_00000697' (removing entire key)
🗑️ AccTrie Delete: post-delete root_hash=[3a, 44, e3, b9, 4e, b8, cb, 93]...
🔧 AccTrie Add: keyword='coach', fid='spor_00000697' (success)
🔧 AccTrie Add: proof size=469 bytes, root_hash=[3a, 44, e3, b9, 4e, b8, cb, 93]...
⚠️ AccTrie Delete: keyword='sports' not found in storage
🗑️ AccTrie Delete: keyword='sports', fid='spor_00000697' (removing entire key)
⚠️ AccTrie Delete: delete entire key failed: Key not found
🗑️ AccTrie Delete: post-delete root_hash=[3a, 44, e3, b9, 4e, b8, cb, 93]...
🗑️ AccTrie Delete: keyword='coach', fid='spor_00000697' (removing entire key)
🗑️ AccTrie Delete: post-delete root_hash=[e6, 76, ee, ec, 7e, 3b, 9c, 77]...
🔍 AccTrie Query: keyword='environment', found 1 fids
🔍 AccTrie Query: returning proof (466 bytes)
🗑️ AccTrie Delete: keyword='environment', fid='envi_00000698' (removing entire key)
🗑️ AccTrie Delete: post-delete root_hash=[a1, 87, 2e, a5, 6d, 2e, e7, c2]...
🔧 AccTrie Add: keyword='sustainability', fid='envi_00000698' (success)
🔧 AccTrie Add: proof size=478 bytes, root_hash=[a1, 87, 2e, a5, 6d, 2e, e7, c2]...
⚠️ AccTrie Delete: keyword='environment' not found in storage
🗑️ AccTrie Delete: keyword='environment', fid='envi_00000698' (removing entire key)
⚠️ AccTrie Delete: delete entire key failed: Key not found
🗑️ AccTrie Delete: post-delete root_hash=[a1, 87, 2e, a5, 6d, 2e, e7, c2]...
🗑️ AccTrie Delete: keyword='sustainability', fid='envi_00000698' (removing entire key)
🗑️ AccTrie Delete: post-delete root_hash=[e6, 76, ee, ec, 7e, 3b, 9c, 77]...
🔍 AccTrie Query: keyword='environment', found 1 fids
🔍 AccTrie Query: returning proof (466 bytes)
🗑️ AccTrie Delete: keyword='environment', fid='envi_00000699' (removing entire key)
🗑️ AccTrie Delete: post-delete root_hash=[ab, bf, b0, 5c, 27, e8, f6, ad]...
🗑️ AccTrie Delete: keyword='wildlife', fid='envi_00000699' (removing entire key)
🗑️ AccTrie Delete: post-delete root_hash=[e6, 76, ee, ec, 7e, 3b, 9c, 77]...
⚠️ AccTrie Delete: keyword='environment' not found in storage
🗑️ AccTrie Delete: keyword='environment', fid='envi_00000699' (removing entire key)
⚠️ AccTrie Delete: delete entire key failed: Key not found
🗑️ AccTrie Delete: post-delete root_hash=[e6, 76, ee, ec, 7e, 3b, 9c, 77]...
🗑️ AccTrie Delete: keyword='crisis', fid='news_00000700' (removing entire key)
🗑️ AccTrie Delete: post-delete root_hash=[26, cc, 72, cb, 20, 3a, c7, 29]...
🗑️ AccTrie Delete: keyword='domestic', fid='news_00000700' (removing entire key)
🗑️ AccTrie Delete: post-delete root_hash=[e6, 76, ee, ec, 7e, 3b, 9c, 77]...
🔍 AccTrie Query: keyword='health', found 1 fids
🔍 AccTrie Query: returning proof (361 bytes)
🗑️ AccTrie Delete: keyword='health', fid='heal_00000701' (removing entire key)
🗑️ AccTrie Delete: post-delete root_hash=[e6, 76, ee, ec, 7e, 3b, 9c, 77]...
⚠️ AccTrie Delete: keyword='health' not found in storage
🗑️ AccTrie Delete: keyword='health', fid='heal_00000701' (removing entire key)
⚠️ AccTrie Delete: delete entire key failed: Key not found
🗑️ AccTrie Delete: post-delete root_hash=[e6, 76, ee, ec, 7e, 3b, 9c, 77]...
🔍 AccTrie Query: keyword='technology', found 1 fids
🔍 AccTrie Query: returning proof (465 bytes)
🗑️ AccTrie Delete: keyword='technology', fid='tech_00000703' (removing entire key)
🗑️ AccTrie Delete: post-delete root_hash=[2c, 65, 5c, 53, ef, b0, e3, 1c]...
🗑️ AccTrie Delete: keyword='quantum', fid='tech_00000703' (removing entire key)
🗑️ AccTrie Delete: post-delete root_hash=[e6, 76, ee, ec, 7e, 3b, 9c, 77]...
⚠️ AccTrie Delete: keyword='technology' not found in storage
🗑️ AccTrie Delete: keyword='technology', fid='tech_00000703' (removing entire key)
⚠️ AccTrie Delete: delete entire key failed: Key not found
🗑️ AccTrie Delete: post-delete root_hash=[e6, 76, ee, ec, 7e, 3b, 9c, 77]...
🔍 AccTrie Query: keyword='sports', found 1 fids
🔍 AccTrie Query: returning proof (361 bytes)
🗑️ AccTrie Delete: keyword='sports', fid='spor_00000704' (removing entire key)
🗑️ AccTrie Delete: post-delete root_hash=[e6, 76, ee, ec, 7e, 3b, 9c, 77]...
⚠️ AccTrie Delete: keyword='sports' not found in storage
🗑️ AccTrie Delete: keyword='sports', fid='spor_00000704' (removing entire key)
⚠️ AccTrie Delete: delete entire key failed: Key not found
🗑️ AccTrie Delete: post-delete root_hash=[e6, 76, ee, ec, 7e, 3b, 9c, 77]...
🗑️ AccTrie Delete: keyword='report', fid='news_00000706' (removing entire key)
🗑️ AccTrie Delete: post-delete root_hash=[f2, ab, 4a, 6a, 25, 1a, cc, 03]...
🗑️ AccTrie Delete: keyword='politics', fid='news_00000706' (removing entire key)
🗑️ AccTrie Delete: post-delete root_hash=[e6, 76, ee, ec, 7e, 3b, 9c, 77]...
🔧 AccTrie Add: keyword='physics', fid='scie_00000707' (success)
🔧 AccTrie Add: proof size=471 bytes, root_hash=[c8, 7b, 60, fe, 65, 73, 9a, 14]...
🗑️ AccTrie Delete: keyword='physics', fid='scie_00000707' (removing entire key)
🗑️ AccTrie Delete: post-delete root_hash=[e6, 76, ee, ec, 7e, 3b, 9c, 77]...
🔧 AccTrie Add: keyword='report', fid='news_00000708' (success)
🔧 AccTrie Add: proof size=670 bytes, root_hash=[d4, 08, 38, a1, bc, b1, 5f, d0]...
🗑️ AccTrie Delete: keyword='report', fid='news_00000708' (removing entire key)
🗑️ AccTrie Delete: post-delete root_hash=[87, 2f, 41, f2, 67, 5f, 5b, b2]...
🗑️ AccTrie Delete: keyword='politics', fid='news_00000708' (removing entire key)
🗑️ AccTrie Delete: post-delete root_hash=[89, 5e, 6d, a8, d4, a2, 52, 16]...
🗑️ AccTrie Delete: keyword='policy', fid='news_00000708' (removing entire key)
🗑️ AccTrie Delete: post-delete root_hash=[e6, 76, ee, ec, 7e, 3b, 9c, 77]...
🔍 AccTrie Query: keyword='health', found 1 fids
🔍 AccTrie Query: returning proof (361 bytes)
🗑️ AccTrie Delete: keyword='health', fid='heal_00000710' (removing entire key)
🗑️ AccTrie Delete: post-delete root_hash=[e6, 76, ee, ec, 7e, 3b, 9c, 77]...
⚠️ AccTrie Delete: keyword='health' not found in storage
🗑️ AccTrie Delete: keyword='health', fid='heal_00000710' (removing entire key)
⚠️ AccTrie Delete: delete entire key failed: Key not found
🗑️ AccTrie Delete: post-delete root_hash=[e6, 76, ee, ec, 7e, 3b, 9c, 77]...
🔧 AccTrie Add: keyword='family', fid='life_00000711' (success)
🔧 AccTrie Add: proof size=470 bytes, root_hash=[78, f8, 6e, da, b2, d0, d0, 04]...
🗑️ AccTrie Delete: keyword='family', fid='life_00000711' (removing entire key)
🗑️ AccTrie Delete: post-delete root_hash=[e6, 76, ee, ec, 7e, 3b, 9c, 77]...
🔧 AccTrie Add: keyword='movie', fid='ente_00000712' (success)
🔧 AccTrie Add: proof size=469 bytes, root_hash=[f7, 0e, 48, 72, f9, 24, 49, ec]...
🗑️ AccTrie Delete: keyword='movie', fid='ente_00000712' (removing entire key)
🗑️ AccTrie Delete: post-delete root_hash=[e6, 76, ee, ec, 7e, 3b, 9c, 77]...
🔍 AccTrie Query: keyword='sports', found 1 fids
🔍 AccTrie Query: returning proof (361 bytes)
🗑️ AccTrie Delete: keyword='sports', fid='spor_00000713' (removing entire key)
🗑️ AccTrie Delete: post-delete root_hash=[e6, 76, ee, ec, 7e, 3b, 9c, 77]...
⚠️ AccTrie Delete: keyword='sports' not found in storage
🗑️ AccTrie Delete: keyword='sports', fid='spor_00000713' (removing entire key)
⚠️ AccTrie Delete: delete entire key failed: Key not found
🗑️ AccTrie Delete: post-delete root_hash=[e6, 76, ee, ec, 7e, 3b, 9c, 77]...
🔍 AccTrie Query: keyword='sports', found 1 fids
🔍 AccTrie Query: returning proof (361 bytes)
🗑️ AccTrie Delete: keyword='sports', fid='spor_00000714' (removing entire key)
🗑️ AccTrie Delete: post-delete root_hash=[e6, 76, ee, ec, 7e, 3b, 9c, 77]...
⚠️ AccTrie Delete: keyword='sports' not found in storage
🗑️ AccTrie Delete: keyword='sports', fid='spor_00000714' (removing entire key)
⚠️ AccTrie Delete: delete entire key failed: Key not found
🗑️ AccTrie Delete: post-delete root_hash=[e6, 76, ee, ec, 7e, 3b, 9c, 77]...
🔍 AccTrie Query: keyword='business', found 1 fids
🔍 AccTrie Query: returning proof (363 bytes)
🗑️ AccTrie Delete: keyword='business', fid='busi_00000715' (removing entire key)
🗑️ AccTrie Delete: post-delete root_hash=[e6, 76, ee, ec, 7e, 3b, 9c, 77]...
⚠️ AccTrie Delete: keyword='business' not found in storage
🗑️ AccTrie Delete: keyword='business', fid='busi_00000715' (removing entire key)
⚠️ AccTrie Delete: delete entire key failed: Key not found
🗑️ AccTrie Delete: post-delete root_hash=[e6, 76, ee, ec, 7e, 3b, 9c, 77]...
🗑️ AccTrie Delete: keyword='beauty', fid='life_00000716' (removing entire key)
🗑️ AccTrie Delete: post-delete root_hash=[0c, 9b, 48, c6, 34, 8a, 0a, e2]...
🗑️ AccTrie Delete: keyword='recipe', fid='life_00000716' (removing entire key)
🗑️ AccTrie Delete: post-delete root_hash=[65, 10, 8a, 43, 06, 89, 69, d5]...
🗑️ AccTrie Delete: keyword='food', fid='life_00000716' (removing entire key)
🗑️ AccTrie Delete: post-delete root_hash=[e6, 76, ee, ec, 7e, 3b, 9c, 77]...
🔍 AccTrie Query: keyword='sports', found 1 fids
🔍 AccTrie Query: returning proof (361 bytes)
🗑️ AccTrie Delete: keyword='sports', fid='spor_00000717' (removing entire key)
🗑️ AccTrie Delete: post-delete root_hash=[e6, 76, ee, ec, 7e, 3b, 9c, 77]...
⚠️ AccTrie Delete: keyword='sports' not found in storage
🗑️ AccTrie Delete: keyword='sports', fid='spor_00000717' (removing entire key)
⚠️ AccTrie Delete: delete entire key failed: Key not found
🗑️ AccTrie Delete: post-delete root_hash=[e6, 76, ee, ec, 7e, 3b, 9c, 77]...
🔍 AccTrie Query: keyword='sports', found 1 fids
🔍 AccTrie Query: returning proof (361 bytes)
🗑️ AccTrie Delete: keyword='sports', fid='spor_00000718' (removing entire key)
🗑️ AccTrie Delete: post-delete root_hash=[e6, 76, ee, ec, 7e, 3b, 9c, 77]...
⚠️ AccTrie Delete: keyword='sports' not found in storage
🗑️ AccTrie Delete: keyword='sports', fid='spor_00000718' (removing entire key)
⚠️ AccTrie Delete: delete entire key failed: Key not found
🗑️ AccTrie Delete: post-delete root_hash=[e6, 76, ee, ec, 7e, 3b, 9c, 77]...
🔧 AccTrie Add: keyword='show', fid='ente_00000719' (success)
🔧 AccTrie Add: proof size=468 bytes, root_hash=[5c, 5b, ce, 84, f4, 2f, 9d, 1f]...
🗑️ AccTrie Delete: keyword='show', fid='ente_00000719' (removing entire key)
🗑️ AccTrie Delete: post-delete root_hash=[e6, 76, ee, ec, 7e, 3b, 9c, 77]...
🔧 AccTrie Add: keyword='lecture', fid='educ_00000720' (success)
🔧 AccTrie Add: proof size=471 bytes, root_hash=[13, 1b, b4, b9, cd, 50, 30, 73]...
🗑️ AccTrie Delete: keyword='lecture', fid='educ_00000720' (removing entire key)
🗑️ AccTrie Delete: post-delete root_hash=[e6, 76, ee, ec, 7e, 3b, 9c, 77]...
🔍 AccTrie Query: keyword='sports', found 1 fids
🔍 AccTrie Query: returning proof (461 bytes)
🗑️ AccTrie Delete: keyword='sports', fid='spor_00000721' (removing entire key)
🗑️ AccTrie Delete: post-delete root_hash=[72, eb, 7d, 7a, 76, 86, ec, fd]...
🔧 AccTrie Add: keyword='coach', fid='spor_00000721' (success)
🔧 AccTrie Add: proof size=469 bytes, root_hash=[72, eb, 7d, 7a, 76, 86, ec, fd]...
🗑️ AccTrie Delete: keyword='coach', fid='spor_00000721' (removing entire key)
🗑️ AccTrie Delete: post-delete root_hash=[e6, 76, ee, ec, 7e, 3b, 9c, 77]...
⚠️ AccTrie Delete: keyword='sports' not found in storage
🗑️ AccTrie Delete: keyword='sports', fid='spor_00000721' (removing entire key)
⚠️ AccTrie Delete: delete entire key failed: Key not found
🗑️ AccTrie Delete: post-delete root_hash=[e6, 76, ee, ec, 7e, 3b, 9c, 77]...
🔧 AccTrie Add: keyword='experiment', fid='scie_00000722' (success)
🔧 AccTrie Add: proof size=474 bytes, root_hash=[d1, c5, af, d0, 3c, 41, 9b, c9]...
🗑️ AccTrie Delete: keyword='experiment', fid='scie_00000722' (removing entire key)
🗑️ AccTrie Delete: post-delete root_hash=[e6, 76, ee, ec, 7e, 3b, 9c, 77]...
🔍 AccTrie Query: keyword='health', found 1 fids
🔍 AccTrie Query: returning proof (361 bytes)
🗑️ AccTrie Delete: keyword='health', fid='heal_00000723' (removing entire key)
🗑️ AccTrie Delete: post-delete root_hash=[e6, 76, ee, ec, 7e, 3b, 9c, 77]...
⚠️ AccTrie Delete: keyword='health' not found in storage
🗑️ AccTrie Delete: keyword='health', fid='heal_00000723' (removing entire key)
⚠️ AccTrie Delete: delete entire key failed: Key not found
🗑️ AccTrie Delete: post-delete root_hash=[e6, 76, ee, ec, 7e, 3b, 9c, 77]...
🔍 AccTrie Query: keyword='technology', found 1 fids
🔍 AccTrie Query: returning proof (565 bytes)
🗑️ AccTrie Delete: keyword='technology', fid='tech_00000725' (removing entire key)
🗑️ AccTrie Delete: post-delete root_hash=[e8, 8c, 8e, 1f, 82, e1, f3, e3]...
🗑️ AccTrie Delete: keyword='iot', fid='tech_00000725' (removing entire key)
🗑️ AccTrie Delete: post-delete root_hash=[d1, 84, a4, e0, 76, ea, 7d, f7]...
⚠️ AccTrie Delete: keyword='technology' not found in storage
🗑️ AccTrie Delete: keyword='technology', fid='tech_00000725' (removing entire key)
⚠️ AccTrie Delete: delete entire key failed: Key not found
🗑️ AccTrie Delete: post-delete root_hash=[d1, 84, a4, e0, 76, ea, 7d, f7]...
🗑️ AccTrie Delete: keyword='network', fid='tech_00000725' (removing entire key)
🗑️ AccTrie Delete: post-delete root_hash=[e6, 76, ee, ec, 7e, 3b, 9c, 77]...
🔧 AccTrie Add: keyword='performance', fid='ente_00000726' (success)
🔧 AccTrie Add: proof size=475 bytes, root_hash=[2a, 0b, 34, 9c, aa, 85, 65, e2]...
🗑️ AccTrie Delete: keyword='performance', fid='ente_00000726' (removing entire key)
🗑️ AccTrie Delete: post-delete root_hash=[e6, 76, ee, ec, 7e, 3b, 9c, 77]...
🔍 AccTrie Query: keyword='technology', found 1 fids
🔍 AccTrie Query: returning proof (465 bytes)
🗑️ AccTrie Delete: keyword='technology', fid='tech_00000727' (removing entire key)
🗑️ AccTrie Delete: post-delete root_hash=[a5, d0, 24, 98, 12, 0e, 81, d7]...
⚠️ AccTrie Delete: keyword='technology' not found in storage
🗑️ AccTrie Delete: keyword='technology', fid='tech_00000727' (removing entire key)
⚠️ AccTrie Delete: delete entire key failed: Key not found
🗑️ AccTrie Delete: post-delete root_hash=[a5, d0, 24, 98, 12, 0e, 81, d7]...
🗑️ AccTrie Delete: keyword='quantum', fid='tech_00000727' (removing entire key)
🗑️ AccTrie Delete: post-delete root_hash=[e6, 76, ee, ec, 7e, 3b, 9c, 77]...
🔧 AccTrie Add: keyword='course', fid='educ_00000728' (success)
🔧 AccTrie Add: proof size=470 bytes, root_hash=[44, b6, 8a, b9, 1e, 80, 2f, 83]...
🗑️ AccTrie Delete: keyword='course', fid='educ_00000728' (removing entire key)
🗑️ AccTrie Delete: post-delete root_hash=[e6, 76, ee, ec, 7e, 3b, 9c, 77]...
🔍 AccTrie Query: keyword='technology', found 1 fids
🔍 AccTrie Query: returning proof (365 bytes)
🗑️ AccTrie Delete: keyword='technology', fid='tech_00000729' (removing entire key)
🗑️ AccTrie Delete: post-delete root_hash=[e6, 76, ee, ec, 7e, 3b, 9c, 77]...
⚠️ AccTrie Delete: keyword='technology' not found in storage
🗑️ AccTrie Delete: keyword='technology', fid='tech_00000729' (removing entire key)
⚠️ AccTrie Delete: delete entire key failed: Key not found
🗑️ AccTrie Delete: post-delete root_hash=[e6, 76, ee, ec, 7e, 3b, 9c, 77]...
🔍 AccTrie Query: keyword='technology', found 1 fids
🔍 AccTrie Query: returning proof (465 bytes)
🗑️ AccTrie Delete: keyword='technology', fid='tech_00000730' (removing entire key)
🗑️ AccTrie Delete: post-delete root_hash=[b4, 7e, e7, c4, 9b, 6c, fd, 20]...
🔧 AccTrie Add: keyword='iot', fid='tech_00000730' (success)
🔧 AccTrie Add: proof size=467 bytes, root_hash=[b4, 7e, e7, c4, 9b, 6c, fd, 20]...
⚠️ AccTrie Delete: keyword='technology' not found in storage
🗑️ AccTrie Delete: keyword='technology', fid='tech_00000730' (removing entire key)
⚠️ AccTrie Delete: delete entire key failed: Key not found
🗑️ AccTrie Delete: post-delete root_hash=[b4, 7e, e7, c4, 9b, 6c, fd, 20]...
🗑️ AccTrie Delete: keyword='iot', fid='tech_00000730' (removing entire key)
🗑️ AccTrie Delete: post-delete root_hash=[e6, 76, ee, ec, 7e, 3b, 9c, 77]...
🗑️ AccTrie Delete: keyword='lecture', fid='educ_00000731' (removing entire key)
🗑️ AccTrie Delete: post-delete root_hash=[e6, 76, ee, ec, 7e, 3b, 9c, 77]...
🔍 AccTrie Query: keyword='environment', found 1 fids
🔍 AccTrie Query: returning proof (666 bytes)
🗑️ AccTrie Delete: keyword='environment', fid='envi_00000732' (removing entire key)
🗑️ AccTrie Delete: post-delete root_hash=[fd, d1, a0, 63, 86, 68, ca, fb]...
🔧 AccTrie Add: keyword='wildlife', fid='envi_00000732' (success)
🔧 AccTrie Add: proof size=672 bytes, root_hash=[fd, d1, a0, 63, 86, 68, ca, fb]...
🗑️ AccTrie Delete: keyword='wildlife', fid='envi_00000732' (removing entire key)
🗑️ AccTrie Delete: post-delete root_hash=[3c, 0c, d9, 6f, 12, e4, c0, 5d]...
⚠️ AccTrie Delete: keyword='environment' not found in storage
🗑️ AccTrie Delete: keyword='environment', fid='envi_00000732' (removing entire key)
⚠️ AccTrie Delete: delete entire key failed: Key not found
🗑️ AccTrie Delete: post-delete root_hash=[3c, 0c, d9, 6f, 12, e4, c0, 5d]...
🗑️ AccTrie Delete: keyword='climate', fid='envi_00000732' (removing entire key)
🗑️ AccTrie Delete: post-delete root_hash=[8e, a4, e8, 2e, 9f, db, 2b, 3f]...
🗑️ AccTrie Delete: keyword='green', fid='envi_00000732' (removing entire key)
🗑️ AccTrie Delete: post-delete root_hash=[e6, 76, ee, ec, 7e, 3b, 9c, 77]...
🔧 AccTrie Add: keyword='scholarship', fid='educ_00000733' (success)
🔧 AccTrie Add: proof size=475 bytes, root_hash=[54, 3a, bb, 4d, a3, 88, 32, f6]...
🗑️ AccTrie Delete: keyword='scholarship', fid='educ_00000733' (removing entire key)
🗑️ AccTrie Delete: post-delete root_hash=[e6, 76, ee, ec, 7e, 3b, 9c, 77]...
🔍 AccTrie Query: keyword='environment', found 1 fids
🔍 AccTrie Query: returning proof (666 bytes)
🗑️ AccTrie Delete: keyword='environment', fid='envi_00000735' (removing entire key)
🗑️ AccTrie Delete: post-delete root_hash=[c5, 0b, 7e, ed, b1, 54, a4, ef]...
🔧 AccTrie Add: keyword='wildlife', fid='envi_00000735' (success)
🔧 AccTrie Add: proof size=672 bytes, root_hash=[c5, 0b, 7e, ed, b1, 54, a4, ef]...
🗑️ AccTrie Delete: keyword='wildlife', fid='envi_00000735' (removing entire key)
🗑️ AccTrie Delete: post-delete root_hash=[98, a3, 61, bf, 46, 2e, b8, cd]...
🗑️ AccTrie Delete: keyword='pollution', fid='envi_00000735' (removing entire key)
🗑️ AccTrie Delete: post-delete root_hash=[b2, 75, cb, a3, 91, cb, 3a, 57]...
🗑️ AccTrie Delete: keyword='green', fid='envi_00000735' (removing entire key)
🗑️ AccTrie Delete: post-delete root_hash=[e6, 76, ee, ec, 7e, 3b, 9c, 77]...
⚠️ AccTrie Delete: keyword='environment' not found in storage
🗑️ AccTrie Delete: keyword='environment', fid='envi_00000735' (removing entire key)
⚠️ AccTrie Delete: delete entire key failed: Key not found
🗑️ AccTrie Delete: post-delete root_hash=[e6, 76, ee, ec, 7e, 3b, 9c, 77]...
🗑️ AccTrie Delete: keyword='decoration', fid='life_00000736' (removing entire key)
🗑️ AccTrie Delete: post-delete root_hash=[e6, 76, ee, ec, 7e, 3b, 9c, 77]...
🔍 AccTrie Query: keyword='technology', found 1 fids
🔍 AccTrie Query: returning proof (365 bytes)
🗑️ AccTrie Delete: keyword='technology', fid='tech_00000737' (removing entire key)
🗑️ AccTrie Delete: post-delete root_hash=[e6, 76, ee, ec, 7e, 3b, 9c, 77]...
⚠️ AccTrie Delete: keyword='technology' not found in storage
🗑️ AccTrie Delete: keyword='technology', fid='tech_00000737' (removing entire key)
⚠️ AccTrie Delete: delete entire key failed: Key not found
🗑️ AccTrie Delete: post-delete root_hash=[e6, 76, ee, ec, 7e, 3b, 9c, 77]...
🗑️ AccTrie Delete: keyword='theory', fid='scie_00000738' (removing entire key)
🗑️ AccTrie Delete: post-delete root_hash=[e6, 76, ee, ec, 7e, 3b, 9c, 77]...
🗑️ AccTrie Delete: keyword='comedy', fid='ente_00000739' (removing entire key)
🗑️ AccTrie Delete: post-delete root_hash=[e6, 76, ee, ec, 7e, 3b, 9c, 77]...
🔧 AccTrie Add: keyword='family', fid='life_00000740' (success)
🔧 AccTrie Add: proof size=470 bytes, root_hash=[57, e6, 89, d1, e0, af, 6c, b7]...
🗑️ AccTrie Delete: keyword='family', fid='life_00000740' (removing entire key)
🗑️ AccTrie Delete: post-delete root_hash=[e6, 76, ee, ec, 7e, 3b, 9c, 77]...
🔍 AccTrie Query: keyword='technology', found 1 fids
🔍 AccTrie Query: returning proof (465 bytes)
🗑️ AccTrie Delete: keyword='technology', fid='tech_00000741' (removing entire key)
🗑️ AccTrie Delete: post-delete root_hash=[2f, 92, ee, 87, 50, 69, 3c, c6]...
🔧 AccTrie Add: keyword='iot', fid='tech_00000741' (success)
🔧 AccTrie Add: proof size=467 bytes, root_hash=[2f, 92, ee, 87, 50, 69, 3c, c6]...
🗑️ AccTrie Delete: keyword='iot', fid='tech_00000741' (removing entire key)
🗑️ AccTrie Delete: post-delete root_hash=[e6, 76, ee, ec, 7e, 3b, 9c, 77]...
⚠️ AccTrie Delete: keyword='technology' not found in storage
🗑️ AccTrie Delete: keyword='technology', fid='tech_00000741' (removing entire key)
⚠️ AccTrie Delete: delete entire key failed: Key not found
🗑️ AccTrie Delete: post-delete root_hash=[e6, 76, ee, ec, 7e, 3b, 9c, 77]...
🔧 AccTrie Add: keyword='beauty', fid='life_00000742' (success)
🔧 AccTrie Add: proof size=570 bytes, root_hash=[f9, b0, 70, 0d, d2, 24, 57, c6]...
🗑️ AccTrie Delete: keyword='decoration', fid='life_00000742' (removing entire key)
🗑️ AccTrie Delete: post-delete root_hash=[03, ea, 44, 75, 5c, 77, 20, aa]...
🗑️ AccTrie Delete: keyword='beauty', fid='life_00000742' (removing entire key)
🗑️ AccTrie Delete: post-delete root_hash=[e6, 76, ee, ec, 7e, 3b, 9c, 77]...
🗑️ AccTrie Delete: keyword='physics', fid='scie_00000743' (removing entire key)
🗑️ AccTrie Delete: post-delete root_hash=[e6, 76, ee, ec, 7e, 3b, 9c, 77]...
🔍 AccTrie Query: keyword='health', found 1 fids
🔍 AccTrie Query: returning proof (361 bytes)
🗑️ AccTrie Delete: keyword='health', fid='heal_00000744' (removing entire key)
🗑️ AccTrie Delete: post-delete root_hash=[e6, 76, ee, ec, 7e, 3b, 9c, 77]...
⚠️ AccTrie Delete: keyword='health' not found in storage
🗑️ AccTrie Delete: keyword='health', fid='heal_00000744' (removing entire key)
⚠️ AccTrie Delete: delete entire key failed: Key not found
🗑️ AccTrie Delete: post-delete root_hash=[e6, 76, ee, ec, 7e, 3b, 9c, 77]...
🔧 AccTrie Add: keyword='beauty', fid='life_00000745' (success)
🔧 AccTrie Add: proof size=470 bytes, root_hash=[35, 94, ea, a0, 3c, 0d, 06, 06]...
🗑️ AccTrie Delete: keyword='beauty', fid='life_00000745' (removing entire key)
🗑️ AccTrie Delete: post-delete root_hash=[e6, 76, ee, ec, 7e, 3b, 9c, 77]...
🗑️ AccTrie Delete: keyword='lecture', fid='educ_00000746' (removing entire key)
🗑️ AccTrie Delete: post-delete root_hash=[e6, 76, ee, ec, 7e, 3b, 9c, 77]...
🔧 AccTrie Add: keyword='genetics', fid='scie_00000747' (success)
🔧 AccTrie Add: proof size=672 bytes, root_hash=[57, 77, 2a, 48, 43, cc, b9, f4]...
🗑️ AccTrie Delete: keyword='chemistry', fid='scie_00000747' (removing entire key)
🗑️ AccTrie Delete: post-delete root_hash=[26, aa, e5, e6, c4, 6f, ae, 6b]...
🗑️ AccTrie Delete: keyword='physics', fid='scie_00000747' (removing entire key)
🗑️ AccTrie Delete: post-delete root_hash=[62, 70, 3b, ab, 5b, e1, 15, 01]...
🗑️ AccTrie Delete: keyword='genetics', fid='scie_00000747' (removing entire key)
🗑️ AccTrie Delete: post-delete root_hash=[e6, 76, ee, ec, 7e, 3b, 9c, 77]...
🔍 AccTrie Query: keyword='sports', found 1 fids
🔍 AccTrie Query: returning proof (361 bytes)
🗑️ AccTrie Delete: keyword='sports', fid='spor_00000748' (removing entire key)
🗑️ AccTrie Delete: post-delete root_hash=[e6, 76, ee, ec, 7e, 3b, 9c, 77]...
⚠️ AccTrie Delete: keyword='sports' not found in storage
🗑️ AccTrie Delete: keyword='sports', fid='spor_00000748' (removing entire key)
⚠️ AccTrie Delete: delete entire key failed: Key not found
🗑️ AccTrie Delete: post-delete root_hash=[e6, 76, ee, ec, 7e, 3b, 9c, 77]...
🔧 AccTrie Add: keyword='comedy', fid='ente_00000749' (success)
🔧 AccTrie Add: proof size=470 bytes, root_hash=[7d, 63, d3, 49, 99, 8c, 00, 73]...
🗑️ AccTrie Delete: keyword='comedy', fid='ente_00000749' (removing entire key)
🗑️ AccTrie Delete: post-delete root_hash=[e6, 76, ee, ec, 7e, 3b, 9c, 77]...
🔍 AccTrie Query: keyword='technology', found 1 fids
🔍 AccTrie Query: returning proof (365 bytes)
🗑️ AccTrie Delete: keyword='technology', fid='tech_00000751' (removing entire key)
🗑️ AccTrie Delete: post-delete root_hash=[e6, 76, ee, ec, 7e, 3b, 9c, 77]...
⚠️ AccTrie Delete: keyword='technology' not found in storage
🗑️ AccTrie Delete: keyword='technology', fid='tech_00000751' (removing entire key)
⚠️ AccTrie Delete: delete entire key failed: Key not found
🗑️ AccTrie Delete: post-delete root_hash=[e6, 76, ee, ec, 7e, 3b, 9c, 77]...
🔧 AccTrie Add: keyword='policy', fid='news_00000752' (success)
🔧 AccTrie Add: proof size=470 bytes, root_hash=[93, 9b, 74, 30, b1, 8a, 30, 16]...
🗑️ AccTrie Delete: keyword='policy', fid='news_00000752' (removing entire key)
🗑️ AccTrie Delete: post-delete root_hash=[e6, 76, ee, ec, 7e, 3b, 9c, 77]...
🗑️ AccTrie Delete: keyword='food', fid='life_00000753' (removing entire key)
🗑️ AccTrie Delete: post-delete root_hash=[e6, 76, ee, ec, 7e, 3b, 9c, 77]...
🗑️ AccTrie Delete: keyword='food', fid='life_00000755' (removing entire key)
🗑️ AccTrie Delete: post-delete root_hash=[e6, 76, ee, ec, 7e, 3b, 9c, 77]...
🔍 AccTrie Query: keyword='health', found 1 fids
🔍 AccTrie Query: returning proof (461 bytes)
🗑️ AccTrie Delete: keyword='health', fid='heal_00000756' (removing entire key)
🗑️ AccTrie Delete: post-delete root_hash=[31, d1, cf, ec, 1d, 48, 48, 0d]...
🔧 AccTrie Add: keyword='wellness', fid='heal_00000756' (success)
🔧 AccTrie Add: proof size=472 bytes, root_hash=[31, d1, cf, ec, 1d, 48, 48, 0d]...
🗑️ AccTrie Delete: keyword='wellness', fid='heal_00000756' (removing entire key)
🗑️ AccTrie Delete: post-delete root_hash=[e6, 76, ee, ec, 7e, 3b, 9c, 77]...
⚠️ AccTrie Delete: keyword='health' not found in storage
🗑️ AccTrie Delete: keyword='health', fid='heal_00000756' (removing entire key)
⚠️ AccTrie Delete: delete entire key failed: Key not found
🗑️ AccTrie Delete: post-delete root_hash=[e6, 76, ee, ec, 7e, 3b, 9c, 77]...
🔍 AccTrie Query: keyword='environment', found 1 fids
🔍 AccTrie Query: returning proof (566 bytes)
🗑️ AccTrie Delete: keyword='environment', fid='envi_00000757' (removing entire key)
🗑️ AccTrie Delete: post-delete root_hash=[dd, 15, 83, a8, d8, 02, a5, 02]...
🔧 AccTrie Add: keyword='wildlife', fid='envi_00000757' (success)
🔧 AccTrie Add: proof size=572 bytes, root_hash=[dd, 15, 83, a8, d8, 02, a5, 02]...
⚠️ AccTrie Delete: keyword='environment' not found in storage
🗑️ AccTrie Delete: keyword='environment', fid='envi_00000757' (removing entire key)
⚠️ AccTrie Delete: delete entire key failed: Key not found
🗑️ AccTrie Delete: post-delete root_hash=[dd, 15, 83, a8, d8, 02, a5, 02]...
🗑️ AccTrie Delete: keyword='wildlife', fid='envi_00000757' (removing entire key)
🗑️ AccTrie Delete: post-delete root_hash=[3c, a9, c7, 3e, 2f, 8c, 90, e1]...
🗑️ AccTrie Delete: keyword='ecology', fid='envi_00000757' (removing entire key)
🗑️ AccTrie Delete: post-delete root_hash=[e6, 76, ee, ec, 7e, 3b, 9c, 77]...
🔧 AccTrie Add: keyword='physics', fid='scie_00000758' (success)
🔧 AccTrie Add: proof size=471 bytes, root_hash=[73, 8e, e1, 84, 2c, 7b, bd, 8f]...
🗑️ AccTrie Delete: keyword='physics', fid='scie_00000758' (removing entire key)
🗑️ AccTrie Delete: post-delete root_hash=[e6, 76, ee, ec, 7e, 3b, 9c, 77]...
🗑️ AccTrie Delete: keyword='movie', fid='ente_00000759' (removing entire key)
🗑️ AccTrie Delete: post-delete root_hash=[e6, 76, ee, ec, 7e, 3b, 9c, 77]...
🔍 AccTrie Query: keyword='health', found 1 fids
🔍 AccTrie Query: returning proof (361 bytes)
🗑️ AccTrie Delete: keyword='health', fid='heal_00000761' (removing entire key)
🗑️ AccTrie Delete: post-delete root_hash=[e6, 76, ee, ec, 7e, 3b, 9c, 77]...
⚠️ AccTrie Delete: keyword='health' not found in storage
🗑️ AccTrie Delete: keyword='health', fid='heal_00000761' (removing entire key)
⚠️ AccTrie Delete: delete entire key failed: Key not found
🗑️ AccTrie Delete: post-delete root_hash=[e6, 76, ee, ec, 7e, 3b, 9c, 77]...
🔍 AccTrie Query: keyword='business', found 1 fids
🔍 AccTrie Query: returning proof (463 bytes)
🗑️ AccTrie Delete: keyword='business', fid='busi_00000762' (removing entire key)
🗑️ AccTrie Delete: post-delete root_hash=[fd, f7, b6, 9a, 81, 2d, 04, 30]...
🗑️ AccTrie Delete: keyword='analytics', fid='busi_00000762' (removing entire key)
🗑️ AccTrie Delete: post-delete root_hash=[e6, 76, ee, ec, 7e, 3b, 9c, 77]...
⚠️ AccTrie Delete: keyword='business' not found in storage
🗑️ AccTrie Delete: keyword='business', fid='busi_00000762' (removing entire key)
⚠️ AccTrie Delete: delete entire key failed: Key not found
🗑️ AccTrie Delete: post-delete root_hash=[e6, 76, ee, ec, 7e, 3b, 9c, 77]...
🔍 AccTrie Query: keyword='technology', found 1 fids
🔍 AccTrie Query: returning proof (465 bytes)
🗑️ AccTrie Delete: keyword='technology', fid='tech_00000763' (removing entire key)
🗑️ AccTrie Delete: post-delete root_hash=[9b, a8, f1, 50, 68, e5, 78, eb]...
🔧 AccTrie Add: keyword='network', fid='tech_00000763' (success)
🔧 AccTrie Add: proof size=471 bytes, root_hash=[9b, a8, f1, 50, 68, e5, 78, eb]...
🗑️ AccTrie Delete: keyword='network', fid='tech_00000763' (removing entire key)
🗑️ AccTrie Delete: post-delete root_hash=[e6, 76, ee, ec, 7e, 3b, 9c, 77]...
⚠️ AccTrie Delete: keyword='technology' not found in storage
🗑️ AccTrie Delete: keyword='technology', fid='tech_00000763' (removing entire key)
⚠️ AccTrie Delete: delete entire key failed: Key not found
🗑️ AccTrie Delete: post-delete root_hash=[e6, 76, ee, ec, 7e, 3b, 9c, 77]...
🔍 AccTrie Query: keyword='sports', found 1 fids
🔍 AccTrie Query: returning proof (361 bytes)
🗑️ AccTrie Delete: keyword='sports', fid='spor_00000764' (removing entire key)
🗑️ AccTrie Delete: post-delete root_hash=[e6, 76, ee, ec, 7e, 3b, 9c, 77]...
⚠️ AccTrie Delete: keyword='sports' not found in storage
🗑️ AccTrie Delete: keyword='sports', fid='spor_00000764' (removing entire key)
⚠️ AccTrie Delete: delete entire key failed: Key not found
🗑️ AccTrie Delete: post-delete root_hash=[e6, 76, ee, ec, 7e, 3b, 9c, 77]...
🔧 AccTrie Add: keyword='family', fid='life_00000765' (success)
🔧 AccTrie Add: proof size=670 bytes, root_hash=[68, f3, fd, 32, 78, e2, 0d, 08]...
🗑️ AccTrie Delete: keyword='family', fid='life_00000765' (removing entire key)
🗑️ AccTrie Delete: post-delete root_hash=[b1, c9, fd, 79, 48, af, 3e, 39]...
🗑️ AccTrie Delete: keyword='decoration', fid='life_00000765' (removing entire key)
🗑️ AccTrie Delete: post-delete root_hash=[95, db, 47, 3c, a2, 20, 49, c8]...
🗑️ AccTrie Delete: keyword='recipe', fid='life_00000765' (removing entire key)
🗑️ AccTrie Delete: post-delete root_hash=[e6, 76, ee, ec, 7e, 3b, 9c, 77]...
🔧 AccTrie Add: keyword='policy', fid='news_00000766' (success)
🔧 AccTrie Add: proof size=470 bytes, root_hash=[34, a8, 6f, 3c, 56, c6, 58, d4]...
🗑️ AccTrie Delete: keyword='policy', fid='news_00000766' (removing entire key)
🗑️ AccTrie Delete: post-delete root_hash=[e6, 76, ee, ec, 7e, 3b, 9c, 77]...
🗑️ AccTrie Delete: keyword='laboratory', fid='scie_00000767' (removing entire key)
🗑️ AccTrie Delete: post-delete root_hash=[e6, 76, ee, ec, 7e, 3b, 9c, 77]...
🔍 AccTrie Query: keyword='health', found 1 fids
🔍 AccTrie Query: returning proof (361 bytes)
🗑️ AccTrie Delete: keyword='health', fid='heal_00000768' (removing entire key)
🗑️ AccTrie Delete: post-delete root_hash=[e6, 76, ee, ec, 7e, 3b, 9c, 77]...
⚠️ AccTrie Delete: keyword='health' not found in storage
🗑️ AccTrie Delete: keyword='health', fid='heal_00000768' (removing entire key)
⚠️ AccTrie Delete: delete entire key failed: Key not found
🗑️ AccTrie Delete: post-delete root_hash=[e6, 76, ee, ec, 7e, 3b, 9c, 77]...
🔍 AccTrie Query: keyword='technology', found 1 fids
🔍 AccTrie Query: returning proof (465 bytes)
🗑️ AccTrie Delete: keyword='technology', fid='tech_00000769' (removing entire key)
🗑️ AccTrie Delete: post-delete root_hash=[c4, 42, 8a, a8, a0, 30, 19, a3]...
🔧 AccTrie Add: keyword='iot', fid='tech_00000769' (success)
🔧 AccTrie Add: proof size=467 bytes, root_hash=[c4, 42, 8a, a8, a0, 30, 19, a3]...
🗑️ AccTrie Delete: keyword='iot', fid='tech_00000769' (removing entire key)
🗑️ AccTrie Delete: post-delete root_hash=[e6, 76, ee, ec, 7e, 3b, 9c, 77]...
⚠️ AccTrie Delete: keyword='technology' not found in storage
🗑️ AccTrie Delete: keyword='technology', fid='tech_00000769' (removing entire key)
⚠️ AccTrie Delete: delete entire key failed: Key not found
🗑️ AccTrie Delete: post-delete root_hash=[e6, 76, ee, ec, 7e, 3b, 9c, 77]...
🔍 AccTrie Query: keyword='health', found 1 fids
🔍 AccTrie Query: returning proof (361 bytes)
🗑️ AccTrie Delete: keyword='health', fid='heal_00000770' (removing entire key)
🗑️ AccTrie Delete: post-delete root_hash=[e6, 76, ee, ec, 7e, 3b, 9c, 77]...
⚠️ AccTrie Delete: keyword='health' not found in storage
🗑️ AccTrie Delete: keyword='health', fid='heal_00000770' (removing entire key)
⚠️ AccTrie Delete: delete entire key failed: Key not found
🗑️ AccTrie Delete: post-delete root_hash=[e6, 76, ee, ec, 7e, 3b, 9c, 77]...
🗑️ AccTrie Delete: keyword='research', fid='scie_00000771' (removing entire key)
🗑️ AccTrie Delete: post-delete root_hash=[e6, 76, ee, ec, 7e, 3b, 9c, 77]...
🔍 AccTrie Query: keyword='sports', found 1 fids
🔍 AccTrie Query: returning proof (461 bytes)
🗑️ AccTrie Delete: keyword='sports', fid='spor_00000772' (removing entire key)
🗑️ AccTrie Delete: post-delete root_hash=[75, 59, cf, c5, f1, 7c, 9f, b0]...
🗑️ AccTrie Delete: keyword='match', fid='spor_00000772' (removing entire key)
🗑️ AccTrie Delete: post-delete root_hash=[e6, 76, ee, ec, 7e, 3b, 9c, 77]...
⚠️ AccTrie Delete: keyword='sports' not found in storage
🗑️ AccTrie Delete: keyword='sports', fid='spor_00000772' (removing entire key)
⚠️ AccTrie Delete: delete entire key failed: Key not found
🗑️ AccTrie Delete: post-delete root_hash=[e6, 76, ee, ec, 7e, 3b, 9c, 77]...
🗑️ AccTrie Delete: keyword='politics', fid='news_00000773' (removing entire key)
🗑️ AccTrie Delete: post-delete root_hash=[e6, 76, ee, ec, 7e, 3b, 9c, 77]...
🔍 AccTrie Query: keyword='health', found 1 fids
🔍 AccTrie Query: returning proof (561 bytes)
🗑️ AccTrie Delete: keyword='health', fid='heal_00000775' (removing entire key)
🗑️ AccTrie Delete: post-delete root_hash=[a3, 2d, 03, e2, 42, 3a, 3c, 4f]...
⚠️ AccTrie Delete: keyword='health' not found in storage
🗑️ AccTrie Delete: keyword='health', fid='heal_00000775' (removing entire key)
⚠️ AccTrie Delete: delete entire key failed: Key not found
🗑️ AccTrie Delete: post-delete root_hash=[a3, 2d, 03, e2, 42, 3a, 3c, 4f]...
🗑️ AccTrie Delete: keyword='patient', fid='heal_00000775' (removing entire key)
🗑️ AccTrie Delete: post-delete root_hash=[65, 29, 39, f0, 55, 91, 6e, d8]...
🗑️ AccTrie Delete: keyword='wellness', fid='heal_00000775' (removing entire key)
🗑️ AccTrie Delete: post-delete root_hash=[e6, 76, ee, ec, 7e, 3b, 9c, 77]...
🔍 AccTrie Query: keyword='business', found 1 fids
🔍 AccTrie Query: returning proof (463 bytes)
🗑️ AccTrie Delete: keyword='business', fid='busi_00000777' (removing entire key)
🗑️ AccTrie Delete: post-delete root_hash=[95, bf, 22, a2, 08, e9, 5c, 88]...
🔧 AccTrie Add: keyword='analytics', fid='busi_00000777' (success)
🔧 AccTrie Add: proof size=473 bytes, root_hash=[95, bf, 22, a2, 08, e9, 5c, 88]...
⚠️ AccTrie Delete: keyword='business' not found in storage
🗑️ AccTrie Delete: keyword='business', fid='busi_00000777' (removing entire key)
⚠️ AccTrie Delete: delete entire key failed: Key not found
🗑️ AccTrie Delete: post-delete root_hash=[95, bf, 22, a2, 08, e9, 5c, 88]...
🗑️ AccTrie Delete: keyword='analytics', fid='busi_00000777' (removing entire key)
🗑️ AccTrie Delete: post-delete root_hash=[e6, 76, ee, ec, 7e, 3b, 9c, 77]...
🔍 AccTrie Query: keyword='sports', found 1 fids
🔍 AccTrie Query: returning proof (361 bytes)
🗑️ AccTrie Delete: keyword='sports', fid='spor_00000779' (removing entire key)
🗑️ AccTrie Delete: post-delete root_hash=[e6, 76, ee, ec, 7e, 3b, 9c, 77]...
⚠️ AccTrie Delete: keyword='sports' not found in storage
🗑️ AccTrie Delete: keyword='sports', fid='spor_00000779' (removing entire key)
⚠️ AccTrie Delete: delete entire key failed: Key not found
🗑️ AccTrie Delete: post-delete root_hash=[e6, 76, ee, ec, 7e, 3b, 9c, 77]...
🔧 AccTrie Add: keyword='politics', fid='news_00000780' (success)
🔧 AccTrie Add: proof size=672 bytes, root_hash=[28, 34, a8, 74, 2b, bb, 30, 8a]...
🗑️ AccTrie Delete: keyword='domestic', fid='news_00000780' (removing entire key)
🗑️ AccTrie Delete: post-delete root_hash=[c1, 0a, df, f5, 7a, 76, f8, 35]...
🗑️ AccTrie Delete: keyword='policy', fid='news_00000780' (removing entire key)
🗑️ AccTrie Delete: post-delete root_hash=[fd, e7, 7b, ea, aa, 42, 25, 56]...
🗑️ AccTrie Delete: keyword='politics', fid='news_00000780' (removing entire key)
🗑️ AccTrie Delete: post-delete root_hash=[e6, 76, ee, ec, 7e, 3b, 9c, 77]...
🔍 AccTrie Query: keyword='business', found 1 fids
🔍 AccTrie Query: returning proof (363 bytes)
🗑️ AccTrie Delete: keyword='business', fid='busi_00000781' (removing entire key)
🗑️ AccTrie Delete: post-delete root_hash=[e6, 76, ee, ec, 7e, 3b, 9c, 77]...
⚠️ AccTrie Delete: keyword='business' not found in storage
🗑️ AccTrie Delete: keyword='business', fid='busi_00000781' (removing entire key)
⚠️ AccTrie Delete: delete entire key failed: Key not found
🗑️ AccTrie Delete: post-delete root_hash=[e6, 76, ee, ec, 7e, 3b, 9c, 77]...
🔍 AccTrie Query: keyword='sports', found 1 fids
🔍 AccTrie Query: returning proof (361 bytes)
🗑️ AccTrie Delete: keyword='sports', fid='spor_00000782' (removing entire key)
🗑️ AccTrie Delete: post-delete root_hash=[e6, 76, ee, ec, 7e, 3b, 9c, 77]...
⚠️ AccTrie Delete: keyword='sports' not found in storage
🗑️ AccTrie Delete: keyword='sports', fid='spor_00000782' (removing entire key)
⚠️ AccTrie Delete: delete entire key failed: Key not found
🗑️ AccTrie Delete: post-delete root_hash=[e6, 76, ee, ec, 7e, 3b, 9c, 77]...
🔍 AccTrie Query: keyword='technology', found 1 fids
🔍 AccTrie Query: returning proof (365 bytes)
🗑️ AccTrie Delete: keyword='technology', fid='tech_00000783' (removing entire key)
🗑️ AccTrie Delete: post-delete root_hash=[e6, 76, ee, ec, 7e, 3b, 9c, 77]...
⚠️ AccTrie Delete: keyword='technology' not found in storage
🗑️ AccTrie Delete: keyword='technology', fid='tech_00000783' (removing entire key)
⚠️ AccTrie Delete: delete entire key failed: Key not found
🗑️ AccTrie Delete: post-delete root_hash=[e6, 76, ee, ec, 7e, 3b, 9c, 77]...
🔍 AccTrie Query: keyword='technology', found 1 fids
🔍 AccTrie Query: returning proof (565 bytes)
🗑️ AccTrie Delete: keyword='technology', fid='tech_00000784' (removing entire key)
🗑️ AccTrie Delete: post-delete root_hash=[a2, e8, b9, b8, 7e, 34, 3b, c4]...
🗑️ AccTrie Delete: keyword='iot', fid='tech_00000784' (removing entire key)
🗑️ AccTrie Delete: post-delete root_hash=[07, 4f, 2c, 52, 46, 10, 44, 8d]...
🗑️ AccTrie Delete: keyword='software', fid='tech_00000784' (removing entire key)
🗑️ AccTrie Delete: post-delete root_hash=[e6, 76, ee, ec, 7e, 3b, 9c, 77]...
⚠️ AccTrie Delete: keyword='technology' not found in storage
🗑️ AccTrie Delete: keyword='technology', fid='tech_00000784' (removing entire key)
⚠️ AccTrie Delete: delete entire key failed: Key not found
🗑️ AccTrie Delete: post-delete root_hash=[e6, 76, ee, ec, 7e, 3b, 9c, 77]...
🔍 AccTrie Query: keyword='technology', found 1 fids
🔍 AccTrie Query: returning proof (365 bytes)
🗑️ AccTrie Delete: keyword='technology', fid='tech_00000785' (removing entire key)
🗑️ AccTrie Delete: post-delete root_hash=[e6, 76, ee, ec, 7e, 3b, 9c, 77]...
⚠️ AccTrie Delete: keyword='technology' not found in storage
🗑️ AccTrie Delete: keyword='technology', fid='tech_00000785' (removing entire key)
⚠️ AccTrie Delete: delete entire key failed: Key not found
🗑️ AccTrie Delete: post-delete root_hash=[e6, 76, ee, ec, 7e, 3b, 9c, 77]...
🔍 AccTrie Query: keyword='health', found 1 fids
🔍 AccTrie Query: returning proof (461 bytes)
🗑️ AccTrie Delete: keyword='health', fid='heal_00000786' (removing entire key)
🗑️ AccTrie Delete: post-delete root_hash=[83, 0c, 9c, 9a, c8, 57, 3a, d6]...
🔧 AccTrie Add: keyword='patient', fid='heal_00000786' (success)
🔧 AccTrie Add: proof size=471 bytes, root_hash=[83, 0c, 9c, 9a, c8, 57, 3a, d6]...
⚠️ AccTrie Delete: keyword='health' not found in storage
🗑️ AccTrie Delete: keyword='health', fid='heal_00000786' (removing entire key)
⚠️ AccTrie Delete: delete entire key failed: Key not found
🗑️ AccTrie Delete: post-delete root_hash=[83, 0c, 9c, 9a, c8, 57, 3a, d6]...
🗑️ AccTrie Delete: keyword='patient', fid='heal_00000786' (removing entire key)
🗑️ AccTrie Delete: post-delete root_hash=[e6, 76, ee, ec, 7e, 3b, 9c, 77]...
🔍 AccTrie Query: keyword='technology', found 1 fids
🔍 AccTrie Query: returning proof (465 bytes)
🗑️ AccTrie Delete: keyword='technology', fid='tech_00000787' (removing entire key)
🗑️ AccTrie Delete: post-delete root_hash=[b2, b6, 9a, 9d, eb, f0, b2, 27]...
🔧 AccTrie Add: keyword='network', fid='tech_00000787' (success)
🔧 AccTrie Add: proof size=471 bytes, root_hash=[b2, b6, 9a, 9d, eb, f0, b2, 27]...
⚠️ AccTrie Delete: keyword='technology' not found in storage
🗑️ AccTrie Delete: keyword='technology', fid='tech_00000787' (removing entire key)
⚠️ AccTrie Delete: delete entire key failed: Key not found
🗑️ AccTrie Delete: post-delete root_hash=[b2, b6, 9a, 9d, eb, f0, b2, 27]...
🗑️ AccTrie Delete: keyword='network', fid='tech_00000787' (removing entire key)
🗑️ AccTrie Delete: post-delete root_hash=[e6, 76, ee, ec, 7e, 3b, 9c, 77]...
🔧 AccTrie Add: keyword='government', fid='news_00000788' (success)
🔧 AccTrie Add: proof size=574 bytes, root_hash=[51, ac, 6e, 15, 46, ff, 7c, 33]...
🗑️ AccTrie Delete: keyword='government', fid='news_00000788' (removing entire key)
🗑️ AccTrie Delete: post-delete root_hash=[dd, 24, 13, f4, 23, 64, 3e, b0]...
🗑️ AccTrie Delete: keyword='crisis', fid='news_00000788' (removing entire key)
🗑️ AccTrie Delete: post-delete root_hash=[e6, 76, ee, ec, 7e, 3b, 9c, 77]...
🔧 AccTrie Add: keyword='trend', fid='life_00000790' (success)
🔧 AccTrie Add: proof size=469 bytes, root_hash=[02, e9, 81, 09, a3, 7a, 2b, 6b]...
🗑️ AccTrie Delete: keyword='trend', fid='life_00000790' (removing entire key)
🗑️ AccTrie Delete: post-delete root_hash=[e6, 76, ee, ec, 7e, 3b, 9c, 77]...
🔍 AccTrie Query: keyword='business', found 1 fids
🔍 AccTrie Query: returning proof (463 bytes)
🗑️ AccTrie Delete: keyword='business', fid='busi_00000791' (removing entire key)
🗑️ AccTrie Delete: post-delete root_hash=[db, cf, 9f, a1, 93, b6, 44, e5]...
⚠️ AccTrie Delete: keyword='business' not found in storage
🗑️ AccTrie Delete: keyword='business', fid='busi_00000791' (removing entire key)
⚠️ AccTrie Delete: delete entire key failed: Key not found
🗑️ AccTrie Delete: post-delete root_hash=[db, cf, 9f, a1, 93, b6, 44, e5]...
🗑️ AccTrie Delete: keyword='startup', fid='busi_00000791' (removing entire key)
🗑️ AccTrie Delete: post-delete root_hash=[e6, 76, ee, ec, 7e, 3b, 9c, 77]...
🔍 AccTrie Query: keyword='technology', found 1 fids
🔍 AccTrie Query: returning proof (365 bytes)
🗑️ AccTrie Delete: keyword='technology', fid='tech_00000792' (removing entire key)
🗑️ AccTrie Delete: post-delete root_hash=[e6, 76, ee, ec, 7e, 3b, 9c, 77]...
⚠️ AccTrie Delete: keyword='technology' not found in storage
🗑️ AccTrie Delete: keyword='technology', fid='tech_00000792' (removing entire key)
⚠️ AccTrie Delete: delete entire key failed: Key not found
🗑️ AccTrie Delete: post-delete root_hash=[e6, 76, ee, ec, 7e, 3b, 9c, 77]...
🔧 AccTrie Add: keyword='beauty', fid='life_00000793' (success)
🔧 AccTrie Add: proof size=470 bytes, root_hash=[15, 0d, 72, 97, 6b, 71, 58, 7b]...
🗑️ AccTrie Delete: keyword='beauty', fid='life_00000793' (removing entire key)
🗑️ AccTrie Delete: post-delete root_hash=[e6, 76, ee, ec, 7e, 3b, 9c, 77]...
🔍 AccTrie Query: keyword='business', found 1 fids
🔍 AccTrie Query: returning proof (463 bytes)
🗑️ AccTrie Delete: keyword='business', fid='busi_00000794' (removing entire key)
🗑️ AccTrie Delete: post-delete root_hash=[83, 26, c8, 35, 10, 5a, fe, 58]...
🗑️ AccTrie Delete: keyword='startup', fid='busi_00000794' (removing entire key)
🗑️ AccTrie Delete: post-delete root_hash=[e6, 76, ee, ec, 7e, 3b, 9c, 77]...
⚠️ AccTrie Delete: keyword='business' not found in storage
🗑️ AccTrie Delete: keyword='business', fid='busi_00000794' (removing entire key)
⚠️ AccTrie Delete: delete entire key failed: Key not found
🗑️ AccTrie Delete: post-delete root_hash=[e6, 76, ee, ec, 7e, 3b, 9c, 77]...
🔧 AccTrie Add: keyword='report', fid='news_00000795' (success)
🔧 AccTrie Add: proof size=470 bytes, root_hash=[9f, 51, fc, 83, fb, 9b, 76, 44]...
🗑️ AccTrie Delete: keyword='report', fid='news_00000795' (removing entire key)
🗑️ AccTrie Delete: post-delete root_hash=[e6, 76, ee, ec, 7e, 3b, 9c, 77]...
🔍 AccTrie Query: keyword='business', found 1 fids
🔍 AccTrie Query: returning proof (363 bytes)
🗑️ AccTrie Delete: keyword='business', fid='busi_00000796' (removing entire key)
🗑️ AccTrie Delete: post-delete root_hash=[e6, 76, ee, ec, 7e, 3b, 9c, 77]...
⚠️ AccTrie Delete: keyword='business' not found in storage
🗑️ AccTrie Delete: keyword='business', fid='busi_00000796' (removing entire key)
⚠️ AccTrie Delete: delete entire key failed: Key not found
🗑️ AccTrie Delete: post-delete root_hash=[e6, 76, ee, ec, 7e, 3b, 9c, 77]...
🗑️ AccTrie Delete: keyword='decoration', fid='life_00000797' (removing entire key)
🗑️ AccTrie Delete: post-delete root_hash=[e6, 76, ee, ec, 7e, 3b, 9c, 77]...
🔍 AccTrie Query: keyword='health', found 1 fids
🔍 AccTrie Query: returning proof (361 bytes)
🗑️ AccTrie Delete: keyword='health', fid='heal_00000798' (removing entire key)
🗑️ AccTrie Delete: post-delete root_hash=[e6, 76, ee, ec, 7e, 3b, 9c, 77]...
⚠️ AccTrie Delete: keyword='health' not found in storage
🗑️ AccTrie Delete: keyword='health', fid='heal_00000798' (removing entire key)
⚠️ AccTrie Delete: delete entire key failed: Key not found
🗑️ AccTrie Delete: post-delete root_hash=[e6, 76, ee, ec, 7e, 3b, 9c, 77]...
🗑️ AccTrie Delete: keyword='recipe', fid='life_00000799' (removing entire key)
🗑️ AccTrie Delete: post-delete root_hash=[e6, 76, ee, ec, 7e, 3b, 9c, 77]...
🔍 AccTrie Query: keyword='environment', found 1 fids
🔍 AccTrie Query: returning proof (366 bytes)
🗑️ AccTrie Delete: keyword='environment', fid='envi_00000800' (removing entire key)
🗑️ AccTrie Delete: post-delete root_hash=[e6, 76, ee, ec, 7e, 3b, 9c, 77]...
⚠️ AccTrie Delete: keyword='environment' not found in storage
🗑️ AccTrie Delete: keyword='environment', fid='envi_00000800' (removing entire key)
⚠️ AccTrie Delete: delete entire key failed: Key not found
🗑️ AccTrie Delete: post-delete root_hash=[e6, 76, ee, ec, 7e, 3b, 9c, 77]...
🔧 AccTrie Add: keyword='genetics', fid='scie_00000801' (success)
🔧 AccTrie Add: proof size=572 bytes, root_hash=[e4, fd, d7, 4b, a0, 62, c1, 9e]...
🗑️ AccTrie Delete: keyword='genetics', fid='scie_00000801' (removing entire key)
🗑️ AccTrie Delete: post-delete root_hash=[de, 56, 95, d8, d5, f3, 98, f7]...
🗑️ AccTrie Delete: keyword='experiment', fid='scie_00000801' (removing entire key)
🗑️ AccTrie Delete: post-delete root_hash=[e6, 76, ee, ec, 7e, 3b, 9c, 77]...
🔍 AccTrie Query: keyword='environment', found 1 fids
🔍 AccTrie Query: returning proof (466 bytes)
🗑️ AccTrie Delete: keyword='environment', fid='envi_00000802' (removing entire key)
🗑️ AccTrie Delete: post-delete root_hash=[9d, 03, 45, 98, b1, c9, 53, fe]...
🔧 AccTrie Add: keyword='pollution', fid='envi_00000802' (success)
🔧 AccTrie Add: proof size=473 bytes, root_hash=[9d, 03, 45, 98, b1, c9, 53, fe]...
🗑️ AccTrie Delete: keyword='pollution', fid='envi_00000802' (removing entire key)
🗑️ AccTrie Delete: post-delete root_hash=[e6, 76, ee, ec, 7e, 3b, 9c, 77]...
⚠️ AccTrie Delete: keyword='environment' not found in storage
🗑️ AccTrie Delete: keyword='environment', fid='envi_00000802' (removing entire key)
⚠️ AccTrie Delete: delete entire key failed: Key not found
🗑️ AccTrie Delete: post-delete root_hash=[e6, 76, ee, ec, 7e, 3b, 9c, 77]...
🔍 AccTrie Query: keyword='sports', found 1 fids
🔍 AccTrie Query: returning proof (461 bytes)
🗑️ AccTrie Delete: keyword='sports', fid='spor_00000803' (removing entire key)
🗑️ AccTrie Delete: post-delete root_hash=[43, aa, 58, f0, f5, b9, 2d, 1c]...
🔧 AccTrie Add: keyword='coach', fid='spor_00000803' (success)
🔧 AccTrie Add: proof size=469 bytes, root_hash=[43, aa, 58, f0, f5, b9, 2d, 1c]...
🗑️ AccTrie Delete: keyword='coach', fid='spor_00000803' (removing entire key)
🗑️ AccTrie Delete: post-delete root_hash=[e6, 76, ee, ec, 7e, 3b, 9c, 77]...
⚠️ AccTrie Delete: keyword='sports' not found in storage
🗑️ AccTrie Delete: keyword='sports', fid='spor_00000803' (removing entire key)
⚠️ AccTrie Delete: delete entire key failed: Key not found
🗑️ AccTrie Delete: post-delete root_hash=[e6, 76, ee, ec, 7e, 3b, 9c, 77]...
🔍 AccTrie Query: keyword='technology', found 1 fids
🔍 AccTrie Query: returning proof (365 bytes)
🗑️ AccTrie Delete: keyword='technology', fid='tech_00000804' (removing entire key)
🗑️ AccTrie Delete: post-delete root_hash=[e6, 76, ee, ec, 7e, 3b, 9c, 77]...
⚠️ AccTrie Delete: keyword='technology' not found in storage
🗑️ AccTrie Delete: keyword='technology', fid='tech_00000804' (removing entire key)
⚠️ AccTrie Delete: delete entire key failed: Key not found
🗑️ AccTrie Delete: post-delete root_hash=[e6, 76, ee, ec, 7e, 3b, 9c, 77]...
🔍 AccTrie Query: keyword='environment', found 1 fids
🔍 AccTrie Query: returning proof (466 bytes)
🗑️ AccTrie Delete: keyword='environment', fid='envi_00000806' (removing entire key)
🗑️ AccTrie Delete: post-delete root_hash=[f0, 56, 24, 77, a8, 39, af, 51]...
⚠️ AccTrie Delete: keyword='environment' not found in storage
🗑️ AccTrie Delete: keyword='environment', fid='envi_00000806' (removing entire key)
⚠️ AccTrie Delete: delete entire key failed: Key not found
🗑️ AccTrie Delete: post-delete root_hash=[f0, 56, 24, 77, a8, 39, af, 51]...
🗑️ AccTrie Delete: keyword='sustainability', fid='envi_00000806' (removing entire key)
🗑️ AccTrie Delete: post-delete root_hash=[e6, 76, ee, ec, 7e, 3b, 9c, 77]...
🔍 AccTrie Query: keyword='health', found 1 fids
🔍 AccTrie Query: returning proof (361 bytes)
🗑️ AccTrie Delete: keyword='health', fid='heal_00000807' (removing entire key)
🗑️ AccTrie Delete: post-delete root_hash=[e6, 76, ee, ec, 7e, 3b, 9c, 77]...
⚠️ AccTrie Delete: keyword='health' not found in storage
🗑️ AccTrie Delete: keyword='health', fid='heal_00000807' (removing entire key)
⚠️ AccTrie Delete: delete entire key failed: Key not found
🗑️ AccTrie Delete: post-delete root_hash=[e6, 76, ee, ec, 7e, 3b, 9c, 77]...
🔍 AccTrie Query: keyword='business', found 1 fids
🔍 AccTrie Query: returning proof (463 bytes)
🗑️ AccTrie Delete: keyword='business', fid='busi_00000808' (removing entire key)
🗑️ AccTrie Delete: post-delete root_hash=[ab, 77, e7, 24, ce, d7, f5, 0f]...
🔧 AccTrie Add: keyword='strategy', fid='busi_00000808' (success)
🔧 AccTrie Add: proof size=472 bytes, root_hash=[ab, 77, e7, 24, ce, d7, f5, 0f]...
🗑️ AccTrie Delete: keyword='strategy', fid='busi_00000808' (removing entire key)
🗑️ AccTrie Delete: post-delete root_hash=[e6, 76, ee, ec, 7e, 3b, 9c, 77]...
⚠️ AccTrie Delete: keyword='business' not found in storage
🗑️ AccTrie Delete: keyword='business', fid='busi_00000808' (removing entire key)
⚠️ AccTrie Delete: delete entire key failed: Key not found
🗑️ AccTrie Delete: post-delete root_hash=[e6, 76, ee, ec, 7e, 3b, 9c, 77]...
🔧 AccTrie Add: keyword='chemistry', fid='scie_00000809' (success)
🔧 AccTrie Add: proof size=573 bytes, root_hash=[67, b4, 76, 8f, d9, 66, c1, 26]...
🗑️ AccTrie Delete: keyword='chemistry', fid='scie_00000809' (removing entire key)
🗑️ AccTrie Delete: post-delete root_hash=[ae, 13, 4b, 11, ef, 94, 45, 43]...
🗑️ AccTrie Delete: keyword='research', fid='scie_00000809' (removing entire key)
🗑️ AccTrie Delete: post-delete root_hash=[e6, 76, ee, ec, 7e, 3b, 9c, 77]...
🔍 AccTrie Query: keyword='environment', found 1 fids
🔍 AccTrie Query: returning proof (366 bytes)
🗑️ AccTrie Delete: keyword='environment', fid='envi_00000811' (removing entire key)
🗑️ AccTrie Delete: post-delete root_hash=[e6, 76, ee, ec, 7e, 3b, 9c, 77]...
⚠️ AccTrie Delete: keyword='environment' not found in storage
🗑️ AccTrie Delete: keyword='environment', fid='envi_00000811' (removing entire key)
⚠️ AccTrie Delete: delete entire key failed: Key not found
🗑️ AccTrie Delete: post-delete root_hash=[e6, 76, ee, ec, 7e, 3b, 9c, 77]...
🔧 AccTrie Add: keyword='research', fid='scie_00000812' (success)
🔧 AccTrie Add: proof size=472 bytes, root_hash=[bd, 25, c5, 56, d6, 40, fa, 37]...
🗑️ AccTrie Delete: keyword='research', fid='scie_00000812' (removing entire key)
🗑️ AccTrie Delete: post-delete root_hash=[e6, 76, ee, ec, 7e, 3b, 9c, 77]...
🔍 AccTrie Query: keyword='technology', found 1 fids
🔍 AccTrie Query: returning proof (365 bytes)
🗑️ AccTrie Delete: keyword='technology', fid='tech_00000814' (removing entire key)
🗑️ AccTrie Delete: post-delete root_hash=[e6, 76, ee, ec, 7e, 3b, 9c, 77]...
⚠️ AccTrie Delete: keyword='technology' not found in storage
🗑️ AccTrie Delete: keyword='technology', fid='tech_00000814' (removing entire key)
⚠️ AccTrie Delete: delete entire key failed: Key not found
🗑️ AccTrie Delete: post-delete root_hash=[e6, 76, ee, ec, 7e, 3b, 9c, 77]...
🔧 AccTrie Add: keyword='physics', fid='scie_00000815' (success)
🔧 AccTrie Add: proof size=571 bytes, root_hash=[a8, 09, 0f, 49, 9b, c9, 75, fa]...
🗑️ AccTrie Delete: keyword='physics', fid='scie_00000815' (removing entire key)
🗑️ AccTrie Delete: post-delete root_hash=[d7, 14, 8f, be, e9, 5a, bd, 56]...
🗑️ AccTrie Delete: keyword='theory', fid='scie_00000815' (removing entire key)
🗑️ AccTrie Delete: post-delete root_hash=[e6, 76, ee, ec, 7e, 3b, 9c, 77]...
🔍 AccTrie Query: keyword='technology', found 1 fids
🔍 AccTrie Query: returning proof (365 bytes)
🗑️ AccTrie Delete: keyword='technology', fid='tech_00000816' (removing entire key)
🗑️ AccTrie Delete: post-delete root_hash=[e6, 76, ee, ec, 7e, 3b, 9c, 77]...
⚠️ AccTrie Delete: keyword='technology' not found in storage
🗑️ AccTrie Delete: keyword='technology', fid='tech_00000816' (removing entire key)
⚠️ AccTrie Delete: delete entire key failed: Key not found
🗑️ AccTrie Delete: post-delete root_hash=[e6, 76, ee, ec, 7e, 3b, 9c, 77]...
🔧 AccTrie Add: keyword='beauty', fid='life_00000817' (success)
🔧 AccTrie Add: proof size=470 bytes, root_hash=[c4, 87, 5b, 6f, 32, 21, bf, f4]...
🗑️ AccTrie Delete: keyword='beauty', fid='life_00000817' (removing entire key)
🗑️ AccTrie Delete: post-delete root_hash=[e6, 76, ee, ec, 7e, 3b, 9c, 77]...
🔍 AccTrie Query: keyword='business', found 1 fids
🔍 AccTrie Query: returning proof (463 bytes)
🗑️ AccTrie Delete: keyword='business', fid='busi_00000818' (removing entire key)
🗑️ AccTrie Delete: post-delete root_hash=[e1, 2a, 06, 7c, 0e, 36, fb, aa]...
🔧 AccTrie Add: keyword='strategy', fid='busi_00000818' (success)
🔧 AccTrie Add: proof size=472 bytes, root_hash=[e1, 2a, 06, 7c, 0e, 36, fb, aa]...
🗑️ AccTrie Delete: keyword='strategy', fid='busi_00000818' (removing entire key)
🗑️ AccTrie Delete: post-delete root_hash=[e6, 76, ee, ec, 7e, 3b, 9c, 77]...
⚠️ AccTrie Delete: keyword='business' not found in storage
🗑️ AccTrie Delete: keyword='business', fid='busi_00000818' (removing entire key)
⚠️ AccTrie Delete: delete entire key failed: Key not found
🗑️ AccTrie Delete: post-delete root_hash=[e6, 76, ee, ec, 7e, 3b, 9c, 77]...
🔍 AccTrie Query: keyword='technology', found 1 fids
🔍 AccTrie Query: returning proof (365 bytes)
🗑️ AccTrie Delete: keyword='technology', fid='tech_00000819' (removing entire key)
🗑️ AccTrie Delete: post-delete root_hash=[e6, 76, ee, ec, 7e, 3b, 9c, 77]...
⚠️ AccTrie Delete: keyword='technology' not found in storage
🗑️ AccTrie Delete: keyword='technology', fid='tech_00000819' (removing entire key)
⚠️ AccTrie Delete: delete entire key failed: Key not found
🗑️ AccTrie Delete: post-delete root_hash=[e6, 76, ee, ec, 7e, 3b, 9c, 77]...
🔍 AccTrie Query: keyword='technology', found 1 fids
🔍 AccTrie Query: returning proof (465 bytes)
🗑️ AccTrie Delete: keyword='technology', fid='tech_00000820' (removing entire key)
🗑️ AccTrie Delete: post-delete root_hash=[49, ad, 68, 5f, fa, 22, 4c, 40]...
⚠️ AccTrie Delete: keyword='technology' not found in storage
🗑️ AccTrie Delete: keyword='technology', fid='tech_00000820' (removing entire key)
⚠️ AccTrie Delete: delete entire key failed: Key not found
🗑️ AccTrie Delete: post-delete root_hash=[49, ad, 68, 5f, fa, 22, 4c, 40]...
🗑️ AccTrie Delete: keyword='software', fid='tech_00000820' (removing entire key)
🗑️ AccTrie Delete: post-delete root_hash=[e6, 76, ee, ec, 7e, 3b, 9c, 77]...
🔍 AccTrie Query: keyword='technology', found 1 fids
🔍 AccTrie Query: returning proof (465 bytes)
🗑️ AccTrie Delete: keyword='technology', fid='tech_00000821' (removing entire key)
🗑️ AccTrie Delete: post-delete root_hash=[a2, cf, 46, 09, e3, ea, ff, e7]...
🔧 AccTrie Add: keyword='software', fid='tech_00000821' (success)
🔧 AccTrie Add: proof size=472 bytes, root_hash=[a2, cf, 46, 09, e3, ea, ff, e7]...
🗑️ AccTrie Delete: keyword='software', fid='tech_00000821' (removing entire key)
🗑️ AccTrie Delete: post-delete root_hash=[e6, 76, ee, ec, 7e, 3b, 9c, 77]...
⚠️ AccTrie Delete: keyword='technology' not found in storage
🗑️ AccTrie Delete: keyword='technology', fid='tech_00000821' (removing entire key)
⚠️ AccTrie Delete: delete entire key failed: Key not found
🗑️ AccTrie Delete: post-delete root_hash=[e6, 76, ee, ec, 7e, 3b, 9c, 77]...
🔍 AccTrie Query: keyword='technology', found 1 fids
🔍 AccTrie Query: returning proof (365 bytes)
🗑️ AccTrie Delete: keyword='technology', fid='tech_00000822' (removing entire key)
🗑️ AccTrie Delete: post-delete root_hash=[e6, 76, ee, ec, 7e, 3b, 9c, 77]...
⚠️ AccTrie Delete: keyword='technology' not found in storage
🗑️ AccTrie Delete: keyword='technology', fid='tech_00000822' (removing entire key)
⚠️ AccTrie Delete: delete entire key failed: Key not found
🗑️ AccTrie Delete: post-delete root_hash=[e6, 76, ee, ec, 7e, 3b, 9c, 77]...
🔧 AccTrie Add: keyword='performance', fid='ente_00000823' (success)
🔧 AccTrie Add: proof size=475 bytes, root_hash=[08, 38, 4d, 5f, 28, a7, 55, 99]...
🗑️ AccTrie Delete: keyword='performance', fid='ente_00000823' (removing entire key)
🗑️ AccTrie Delete: post-delete root_hash=[e6, 76, ee, ec, 7e, 3b, 9c, 77]...
🔧 AccTrie Add: keyword='update', fid='news_00000824' (success)
🔧 AccTrie Add: proof size=470 bytes, root_hash=[d8, a0, 96, bd, 9e, fe, 7b, 34]...
🗑️ AccTrie Delete: keyword='update', fid='news_00000824' (removing entire key)
🗑️ AccTrie Delete: post-delete root_hash=[e6, 76, ee, ec, 7e, 3b, 9c, 77]...
🔍 AccTrie Query: keyword='sports', found 1 fids
🔍 AccTrie Query: returning proof (461 bytes)
🗑️ AccTrie Delete: keyword='sports', fid='spor_00000825' (removing entire key)
🗑️ AccTrie Delete: post-delete root_hash=[c4, 8b, 52, ef, d0, 92, c0, 30]...
🔧 AccTrie Add: keyword='olympics', fid='spor_00000825' (success)
🔧 AccTrie Add: proof size=472 bytes, root_hash=[c4, 8b, 52, ef, d0, 92, c0, 30]...
🗑️ AccTrie Delete: keyword='olympics', fid='spor_00000825' (removing entire key)
🗑️ AccTrie Delete: post-delete root_hash=[e6, 76, ee, ec, 7e, 3b, 9c, 77]...
⚠️ AccTrie Delete: keyword='sports' not found in storage
🗑️ AccTrie Delete: keyword='sports', fid='spor_00000825' (removing entire key)
⚠️ AccTrie Delete: delete entire key failed: Key not found
🗑️ AccTrie Delete: post-delete root_hash=[e6, 76, ee, ec, 7e, 3b, 9c, 77]...
🔍 AccTrie Query: keyword='technology', found 1 fids
🔍 AccTrie Query: returning proof (365 bytes)
🗑️ AccTrie Delete: keyword='technology', fid='tech_00000827' (removing entire key)
🗑️ AccTrie Delete: post-delete root_hash=[e6, 76, ee, ec, 7e, 3b, 9c, 77]...
⚠️ AccTrie Delete: keyword='technology' not found in storage
🗑️ AccTrie Delete: keyword='technology', fid='tech_00000827' (removing entire key)
⚠️ AccTrie Delete: delete entire key failed: Key not found
🗑️ AccTrie Delete: post-delete root_hash=[e6, 76, ee, ec, 7e, 3b, 9c, 77]...
🔍 AccTrie Query: keyword='sports', found 1 fids
🔍 AccTrie Query: returning proof (361 bytes)
🗑️ AccTrie Delete: keyword='sports', fid='spor_00000829' (removing entire key)
🗑️ AccTrie Delete: post-delete root_hash=[e6, 76, ee, ec, 7e, 3b, 9c, 77]...
⚠️ AccTrie Delete: keyword='sports' not found in storage
🗑️ AccTrie Delete: keyword='sports', fid='spor_00000829' (removing entire key)
⚠️ AccTrie Delete: delete entire key failed: Key not found
🗑️ AccTrie Delete: post-delete root_hash=[e6, 76, ee, ec, 7e, 3b, 9c, 77]...
🗑️ AccTrie Delete: keyword='university', fid='educ_00000830' (removing entire key)
🗑️ AccTrie Delete: post-delete root_hash=[e6, 76, ee, ec, 7e, 3b, 9c, 77]...
🔧 AccTrie Add: keyword='crisis', fid='news_00000832' (success)
🔧 AccTrie Add: proof size=470 bytes, root_hash=[1b, ca, 25, b3, 6f, d2, ed, 84]...
🗑️ AccTrie Delete: keyword='crisis', fid='news_00000832' (removing entire key)
🗑️ AccTrie Delete: post-delete root_hash=[e6, 76, ee, ec, 7e, 3b, 9c, 77]...
🔍 AccTrie Query: keyword='sports', found 1 fids
🔍 AccTrie Query: returning proof (361 bytes)
🗑️ AccTrie Delete: keyword='sports', fid='spor_00000833' (removing entire key)
🗑️ AccTrie Delete: post-delete root_hash=[e6, 76, ee, ec, 7e, 3b, 9c, 77]...
⚠️ AccTrie Delete: keyword='sports' not found in storage
🗑️ AccTrie Delete: keyword='sports', fid='spor_00000833' (removing entire key)
⚠️ AccTrie Delete: delete entire key failed: Key not found
🗑️ AccTrie Delete: post-delete root_hash=[e6, 76, ee, ec, 7e, 3b, 9c, 77]...
🔍 AccTrie Query: keyword='health', found 1 fids
🔍 AccTrie Query: returning proof (361 bytes)
🗑️ AccTrie Delete: keyword='health', fid='heal_00000834' (removing entire key)
🗑️ AccTrie Delete: post-delete root_hash=[e6, 76, ee, ec, 7e, 3b, 9c, 77]...
⚠️ AccTrie Delete: keyword='health' not found in storage
🗑️ AccTrie Delete: keyword='health', fid='heal_00000834' (removing entire key)
⚠️ AccTrie Delete: delete entire key failed: Key not found
🗑️ AccTrie Delete: post-delete root_hash=[e6, 76, ee, ec, 7e, 3b, 9c, 77]...
🔍 AccTrie Query: keyword='business', found 1 fids
🔍 AccTrie Query: returning proof (463 bytes)
🗑️ AccTrie Delete: keyword='business', fid='busi_00000836' (removing entire key)
🗑️ AccTrie Delete: post-delete root_hash=[98, 4a, cc, 24, 82, 02, d7, 03]...
🔧 AccTrie Add: keyword='analytics', fid='busi_00000836' (success)
🔧 AccTrie Add: proof size=473 bytes, root_hash=[98, 4a, cc, 24, 82, 02, d7, 03]...
⚠️ AccTrie Delete: keyword='business' not found in storage
🗑️ AccTrie Delete: keyword='business', fid='busi_00000836' (removing entire key)
⚠️ AccTrie Delete: delete entire key failed: Key not found
🗑️ AccTrie Delete: post-delete root_hash=[98, 4a, cc, 24, 82, 02, d7, 03]...
🗑️ AccTrie Delete: keyword='analytics', fid='busi_00000836' (removing entire key)
🗑️ AccTrie Delete: post-delete root_hash=[e6, 76, ee, ec, 7e, 3b, 9c, 77]...
🔍 AccTrie Query: keyword='business', found 1 fids
🔍 AccTrie Query: returning proof (363 bytes)
🗑️ AccTrie Delete: keyword='business', fid='busi_00000837' (removing entire key)
🗑️ AccTrie Delete: post-delete root_hash=[e6, 76, ee, ec, 7e, 3b, 9c, 77]...
⚠️ AccTrie Delete: keyword='business' not found in storage
🗑️ AccTrie Delete: keyword='business', fid='busi_00000837' (removing entire key)
⚠️ AccTrie Delete: delete entire key failed: Key not found
🗑️ AccTrie Delete: post-delete root_hash=[e6, 76, ee, ec, 7e, 3b, 9c, 77]...
🔍 AccTrie Query: keyword='business', found 1 fids
🔍 AccTrie Query: returning proof (363 bytes)
🗑️ AccTrie Delete: keyword='business', fid='busi_00000838' (removing entire key)
🗑️ AccTrie Delete: post-delete root_hash=[e6, 76, ee, ec, 7e, 3b, 9c, 77]...
⚠️ AccTrie Delete: keyword='business' not found in storage
🗑️ AccTrie Delete: keyword='business', fid='busi_00000838' (removing entire key)
⚠️ AccTrie Delete: delete entire key failed: Key not found
🗑️ AccTrie Delete: post-delete root_hash=[e6, 76, ee, ec, 7e, 3b, 9c, 77]...
🔧 AccTrie Add: keyword='domestic', fid='news_00000839' (success)
🔧 AccTrie Add: proof size=472 bytes, root_hash=[be, 05, 04, 01, 5e, 87, 3a, dd]...
🗑️ AccTrie Delete: keyword='domestic', fid='news_00000839' (removing entire key)
🗑️ AccTrie Delete: post-delete root_hash=[e6, 76, ee, ec, 7e, 3b, 9c, 77]...
🔍 AccTrie Query: keyword='health', found 1 fids
🔍 AccTrie Query: returning proof (461 bytes)
🗑️ AccTrie Delete: keyword='health', fid='heal_00000840' (removing entire key)
🗑️ AccTrie Delete: post-delete root_hash=[f3, 12, c1, ae, a5, 99, b0, e4]...
🔧 AccTrie Add: keyword='patient', fid='heal_00000840' (success)
🔧 AccTrie Add: proof size=471 bytes, root_hash=[f3, 12, c1, ae, a5, 99, b0, e4]...
⚠️ AccTrie Delete: keyword='health' not found in storage
🗑️ AccTrie Delete: keyword='health', fid='heal_00000840' (removing entire key)
⚠️ AccTrie Delete: delete entire key failed: Key not found
🗑️ AccTrie Delete: post-delete root_hash=[f3, 12, c1, ae, a5, 99, b0, e4]...
🗑️ AccTrie Delete: keyword='patient', fid='heal_00000840' (removing entire key)
🗑️ AccTrie Delete: post-delete root_hash=[e6, 76, ee, ec, 7e, 3b, 9c, 77]...
🔍 AccTrie Query: keyword='business', found 1 fids
🔍 AccTrie Query: returning proof (463 bytes)
🗑️ AccTrie Delete: keyword='business', fid='busi_00000841' (removing entire key)
🗑️ AccTrie Delete: post-delete root_hash=[28, 60, 8a, ce, a5, 68, e7, ff]...
⚠️ AccTrie Delete: keyword='business' not found in storage
🗑️ AccTrie Delete: keyword='business', fid='busi_00000841' (removing entire key)
⚠️ AccTrie Delete: delete entire key failed: Key not found
🗑️ AccTrie Delete: post-delete root_hash=[28, 60, 8a, ce, a5, 68, e7, ff]...
🗑️ AccTrie Delete: keyword='startup', fid='busi_00000841' (removing entire key)
🗑️ AccTrie Delete: post-delete root_hash=[e6, 76, ee, ec, 7e, 3b, 9c, 77]...
🔍 AccTrie Query: keyword='technology', found 1 fids
🔍 AccTrie Query: returning proof (365 bytes)
🗑️ AccTrie Delete: keyword='technology', fid='tech_00000843' (removing entire key)
🗑️ AccTrie Delete: post-delete root_hash=[e6, 76, ee, ec, 7e, 3b, 9c, 77]...
⚠️ AccTrie Delete: keyword='technology' not found in storage
🗑️ AccTrie Delete: keyword='technology', fid='tech_00000843' (removing entire key)
⚠️ AccTrie Delete: delete entire key failed: Key not found
🗑️ AccTrie Delete: post-delete root_hash=[e6, 76, ee, ec, 7e, 3b, 9c, 77]...
🔍 AccTrie Query: keyword='health', found 1 fids
🔍 AccTrie Query: returning proof (361 bytes)
🗑️ AccTrie Delete: keyword='health', fid='heal_00000844' (removing entire key)
🗑️ AccTrie Delete: post-delete root_hash=[e6, 76, ee, ec, 7e, 3b, 9c, 77]...
⚠️ AccTrie Delete: keyword='health' not found in storage
🗑️ AccTrie Delete: keyword='health', fid='heal_00000844' (removing entire key)
⚠️ AccTrie Delete: delete entire key failed: Key not found
🗑️ AccTrie Delete: post-delete root_hash=[e6, 76, ee, ec, 7e, 3b, 9c, 77]...
🔍 AccTrie Query: keyword='health', found 1 fids
🔍 AccTrie Query: returning proof (461 bytes)
🗑️ AccTrie Delete: keyword='health', fid='heal_00000845' (removing entire key)
🗑️ AccTrie Delete: post-delete root_hash=[cc, ff, 17, 65, 80, 46, 1d, 1d]...
🗑️ AccTrie Delete: keyword='wellness', fid='heal_00000845' (removing entire key)
🗑️ AccTrie Delete: post-delete root_hash=[e6, 76, ee, ec, 7e, 3b, 9c, 77]...
⚠️ AccTrie Delete: keyword='health' not found in storage
🗑️ AccTrie Delete: keyword='health', fid='heal_00000845' (removing entire key)
⚠️ AccTrie Delete: delete entire key failed: Key not found
🗑️ AccTrie Delete: post-delete root_hash=[e6, 76, ee, ec, 7e, 3b, 9c, 77]...
🔍 AccTrie Query: keyword='environment', found 1 fids
🔍 AccTrie Query: returning proof (466 bytes)
🗑️ AccTrie Delete: keyword='environment', fid='envi_00000846' (removing entire key)
🗑️ AccTrie Delete: post-delete root_hash=[eb, 38, 25, ce, 40, 96, cb, c0]...
🔧 AccTrie Add: keyword='sustainability', fid='envi_00000846' (success)
🔧 AccTrie Add: proof size=478 bytes, root_hash=[eb, 38, 25, ce, 40, 96, cb, c0]...
🗑️ AccTrie Delete: keyword='sustainability', fid='envi_00000846' (removing entire key)
🗑️ AccTrie Delete: post-delete root_hash=[e6, 76, ee, ec, 7e, 3b, 9c, 77]...
⚠️ AccTrie Delete: keyword='environment' not found in storage
🗑️ AccTrie Delete: keyword='environment', fid='envi_00000846' (removing entire key)
⚠️ AccTrie Delete: delete entire key failed: Key not found
🗑️ AccTrie Delete: post-delete root_hash=[e6, 76, ee, ec, 7e, 3b, 9c, 77]...
🔧 AccTrie Add: keyword='scholarship', fid='educ_00000847' (success)
🔧 AccTrie Add: proof size=475 bytes, root_hash=[22, 73, 7a, ce, ed, 18, 2f, 24]...
🗑️ AccTrie Delete: keyword='scholarship', fid='educ_00000847' (removing entire key)
🗑️ AccTrie Delete: post-delete root_hash=[e6, 76, ee, ec, 7e, 3b, 9c, 77]...
🔍 AccTrie Query: keyword='business', found 1 fids
🔍 AccTrie Query: returning proof (463 bytes)
🗑️ AccTrie Delete: keyword='business', fid='busi_00000848' (removing entire key)
🗑️ AccTrie Delete: post-delete root_hash=[d1, 86, 42, fe, 41, a3, ad, 66]...
🔧 AccTrie Add: keyword='startup', fid='busi_00000848' (success)
🔧 AccTrie Add: proof size=471 bytes, root_hash=[d1, 86, 42, fe, 41, a3, ad, 66]...
🗑️ AccTrie Delete: keyword='startup', fid='busi_00000848' (removing entire key)
🗑️ AccTrie Delete: post-delete root_hash=[e6, 76, ee, ec, 7e, 3b, 9c, 77]...
⚠️ AccTrie Delete: keyword='business' not found in storage
🗑️ AccTrie Delete: keyword='business', fid='busi_00000848' (removing entire key)
⚠️ AccTrie Delete: delete entire key failed: Key not found
🗑️ AccTrie Delete: post-delete root_hash=[e6, 76, ee, ec, 7e, 3b, 9c, 77]...
🔍 AccTrie Query: keyword='technology', found 1 fids
🔍 AccTrie Query: returning proof (365 bytes)
🗑️ AccTrie Delete: keyword='technology', fid='tech_00000849' (removing entire key)
🗑️ AccTrie Delete: post-delete root_hash=[e6, 76, ee, ec, 7e, 3b, 9c, 77]...
⚠️ AccTrie Delete: keyword='technology' not found in storage
🗑️ AccTrie Delete: keyword='technology', fid='tech_00000849' (removing entire key)
⚠️ AccTrie Delete: delete entire key failed: Key not found
🗑️ AccTrie Delete: post-delete root_hash=[e6, 76, ee, ec, 7e, 3b, 9c, 77]...
🔍 AccTrie Query: keyword='technology', found 1 fids
🔍 AccTrie Query: returning proof (465 bytes)
🗑️ AccTrie Delete: keyword='technology', fid='tech_00000850' (removing entire key)
🗑️ AccTrie Delete: post-delete root_hash=[f1, 96, 16, 1a, 60, 2c, 47, 3e]...
⚠️ AccTrie Delete: keyword='technology' not found in storage
🗑️ AccTrie Delete: keyword='technology', fid='tech_00000850' (removing entire key)
⚠️ AccTrie Delete: delete entire key failed: Key not found
🗑️ AccTrie Delete: post-delete root_hash=[f1, 96, 16, 1a, 60, 2c, 47, 3e]...
🗑️ AccTrie Delete: keyword='network', fid='tech_00000850' (removing entire key)
🗑️ AccTrie Delete: post-delete root_hash=[e6, 76, ee, ec, 7e, 3b, 9c, 77]...
🔍 AccTrie Query: keyword='technology', found 1 fids
🔍 AccTrie Query: returning proof (465 bytes)
🗑️ AccTrie Delete: keyword='technology', fid='tech_00000851' (removing entire key)
🗑️ AccTrie Delete: post-delete root_hash=[e0, 83, c1, 7f, 75, a5, df, 0c]...
⚠️ AccTrie Delete: keyword='technology' not found in storage
🗑️ AccTrie Delete: keyword='technology', fid='tech_00000851' (removing entire key)
⚠️ AccTrie Delete: delete entire key failed: Key not found
🗑️ AccTrie Delete: post-delete root_hash=[e0, 83, c1, 7f, 75, a5, df, 0c]...
🗑️ AccTrie Delete: keyword='quantum', fid='tech_00000851' (removing entire key)
🗑️ AccTrie Delete: post-delete root_hash=[e6, 76, ee, ec, 7e, 3b, 9c, 77]...
🔧 AccTrie Add: keyword='recipe', fid='life_00000852' (success)
🔧 AccTrie Add: proof size=470 bytes, root_hash=[f4, ed, 3f, de, 62, a7, 12, 84]...
🗑️ AccTrie Delete: keyword='recipe', fid='life_00000852' (removing entire key)
🗑️ AccTrie Delete: post-delete root_hash=[e6, 76, ee, ec, 7e, 3b, 9c, 77]...
🗑️ AccTrie Delete: keyword='university', fid='educ_00000853' (removing entire key)
🗑️ AccTrie Delete: post-delete root_hash=[6d, 5c, a3, 44, 58, 28, 44, b9]...
🗑️ AccTrie Delete: keyword='lecture', fid='educ_00000853' (removing entire key)
🗑️ AccTrie Delete: post-delete root_hash=[e6, 76, ee, ec, 7e, 3b, 9c, 77]...
🔍 AccTrie Query: keyword='sports', found 1 fids
🔍 AccTrie Query: returning proof (361 bytes)
🗑️ AccTrie Delete: keyword='sports', fid='spor_00000854' (removing entire key)
🗑️ AccTrie Delete: post-delete root_hash=[e6, 76, ee, ec, 7e, 3b, 9c, 77]...
⚠️ AccTrie Delete: keyword='sports' not found in storage
🗑️ AccTrie Delete: keyword='sports', fid='spor_00000854' (removing entire key)
⚠️ AccTrie Delete: delete entire key failed: Key not found
🗑️ AccTrie Delete: post-delete root_hash=[e6, 76, ee, ec, 7e, 3b, 9c, 77]...
🔍 AccTrie Query: keyword='technology', found 1 fids
🔍 AccTrie Query: returning proof (365 bytes)
🗑️ AccTrie Delete: keyword='technology', fid='tech_00000856' (removing entire key)
🗑️ AccTrie Delete: post-delete root_hash=[e6, 76, ee, ec, 7e, 3b, 9c, 77]...
⚠️ AccTrie Delete: keyword='technology' not found in storage
🗑️ AccTrie Delete: keyword='technology', fid='tech_00000856' (removing entire key)
⚠️ AccTrie Delete: delete entire key failed: Key not found
🗑️ AccTrie Delete: post-delete root_hash=[e6, 76, ee, ec, 7e, 3b, 9c, 77]...
🔍 AccTrie Query: keyword='technology', found 1 fids
🔍 AccTrie Query: returning proof (465 bytes)
🗑️ AccTrie Delete: keyword='technology', fid='tech_00000859' (removing entire key)
🗑️ AccTrie Delete: post-delete root_hash=[62, 8f, 13, 77, 23, b5, 96, e2]...
🔧 AccTrie Add: keyword='iot', fid='tech_00000859' (success)
🔧 AccTrie Add: proof size=467 bytes, root_hash=[62, 8f, 13, 77, 23, b5, 96, e2]...
⚠️ AccTrie Delete: keyword='technology' not found in storage
🗑️ AccTrie Delete: keyword='technology', fid='tech_00000859' (removing entire key)
⚠️ AccTrie Delete: delete entire key failed: Key not found
🗑️ AccTrie Delete: post-delete root_hash=[62, 8f, 13, 77, 23, b5, 96, e2]...
🗑️ AccTrie Delete: keyword='iot', fid='tech_00000859' (removing entire key)
🗑️ AccTrie Delete: post-delete root_hash=[e6, 76, ee, ec, 7e, 3b, 9c, 77]...
🔧 AccTrie Add: keyword='course', fid='educ_00000860' (success)
🔧 AccTrie Add: proof size=570 bytes, root_hash=[8e, 8a, 2f, 36, 83, a6, eb, 7e]...
🗑️ AccTrie Delete: keyword='course', fid='educ_00000860' (removing entire key)
🗑️ AccTrie Delete: post-delete root_hash=[6a, 07, ed, 76, 5d, c3, bb, 76]...
🗑️ AccTrie Delete: keyword='lecture', fid='educ_00000860' (removing entire key)
🗑️ AccTrie Delete: post-delete root_hash=[e6, 76, ee, ec, 7e, 3b, 9c, 77]...
🗑️ AccTrie Delete: keyword='performance', fid='ente_00000861' (removing entire key)
🗑️ AccTrie Delete: post-delete root_hash=[b6, a8, 40, 28, fe, ac, 09, 70]...
🗑️ AccTrie Delete: keyword='movie', fid='ente_00000861' (removing entire key)
🗑️ AccTrie Delete: post-delete root_hash=[e6, 76, ee, ec, 7e, 3b, 9c, 77]...
🔍 AccTrie Query: keyword='health', found 1 fids
🔍 AccTrie Query: returning proof (361 bytes)
🗑️ AccTrie Delete: keyword='health', fid='heal_00000862' (removing entire key)
🗑️ AccTrie Delete: post-delete root_hash=[e6, 76, ee, ec, 7e, 3b, 9c, 77]...
⚠️ AccTrie Delete: keyword='health' not found in storage
🗑️ AccTrie Delete: keyword='health', fid='heal_00000862' (removing entire key)
⚠️ AccTrie Delete: delete entire key failed: Key not found
🗑️ AccTrie Delete: post-delete root_hash=[e6, 76, ee, ec, 7e, 3b, 9c, 77]...
🔍 AccTrie Query: keyword='technology', found 1 fids
🔍 AccTrie Query: returning proof (665 bytes)
🗑️ AccTrie Delete: keyword='technology', fid='tech_00000863' (removing entire key)
🗑️ AccTrie Delete: post-delete root_hash=[81, 7b, ad, 0f, 67, e3, b2, a9]...
🔧 AccTrie Add: keyword='iot', fid='tech_00000863' (success)
🔧 AccTrie Add: proof size=667 bytes, root_hash=[81, 7b, ad, 0f, 67, e3, b2, a9]...
⚠️ AccTrie Delete: keyword='technology' not found in storage
🗑️ AccTrie Delete: keyword='technology', fid='tech_00000863' (removing entire key)
⚠️ AccTrie Delete: delete entire key failed: Key not found
🗑️ AccTrie Delete: post-delete root_hash=[81, 7b, ad, 0f, 67, e3, b2, a9]...
🗑️ AccTrie Delete: keyword='iot', fid='tech_00000863' (removing entire key)
🗑️ AccTrie Delete: post-delete root_hash=[d7, 3b, f3, 12, 22, 16, 6e, b5]...
🗑️ AccTrie Delete: keyword='network', fid='tech_00000863' (removing entire key)
🗑️ AccTrie Delete: post-delete root_hash=[34, e6, 18, 21, 7d, c8, 2b, a3]...
🗑️ AccTrie Delete: keyword='quantum', fid='tech_00000863' (removing entire key)
🗑️ AccTrie Delete: post-delete root_hash=[e6, 76, ee, ec, 7e, 3b, 9c, 77]...
🗑️ AccTrie Delete: keyword='domestic', fid='news_00000864' (removing entire key)
🗑️ AccTrie Delete: post-delete root_hash=[e6, 76, ee, ec, 7e, 3b, 9c, 77]...
🔧 AccTrie Add: keyword='trend', fid='life_00000865' (success)
🔧 AccTrie Add: proof size=569 bytes, root_hash=[e5, c8, 3c, af, 47, 87, 00, a4]...
🗑️ AccTrie Delete: keyword='trend', fid='life_00000865' (removing entire key)
🗑️ AccTrie Delete: post-delete root_hash=[c0, 69, 16, 96, b8, 1f, 34, 4a]...
🗑️ AccTrie Delete: keyword='recipe', fid='life_00000865' (removing entire key)
🗑️ AccTrie Delete: post-delete root_hash=[e6, 76, ee, ec, 7e, 3b, 9c, 77]...
🗑️ AccTrie Delete: keyword='theory', fid='scie_00000866' (removing entire key)
🗑️ AccTrie Delete: post-delete root_hash=[e6, 76, ee, ec, 7e, 3b, 9c, 77]...
🔍 AccTrie Query: keyword='technology', found 1 fids
🔍 AccTrie Query: returning proof (365 bytes)
🗑️ AccTrie Delete: keyword='technology', fid='tech_00000867' (removing entire key)
🗑️ AccTrie Delete: post-delete root_hash=[e6, 76, ee, ec, 7e, 3b, 9c, 77]...
⚠️ AccTrie Delete: keyword='technology' not found in storage
🗑️ AccTrie Delete: keyword='technology', fid='tech_00000867' (removing entire key)
⚠️ AccTrie Delete: delete entire key failed: Key not found
🗑️ AccTrie Delete: post-delete root_hash=[e6, 76, ee, ec, 7e, 3b, 9c, 77]...
🔧 AccTrie Add: keyword='theory', fid='scie_00000868' (success)
🔧 AccTrie Add: proof size=670 bytes, root_hash=[ef, c3, c5, 78, fc, 53, 0f, 8f]...
🗑️ AccTrie Delete: keyword='chemistry', fid='scie_00000868' (removing entire key)
🗑️ AccTrie Delete: post-delete root_hash=[76, ed, 46, f0, ff, 65, f1, 83]...
🗑️ AccTrie Delete: keyword='theory', fid='scie_00000868' (removing entire key)
🗑️ AccTrie Delete: post-delete root_hash=[a3, 8d, f9, 17, f2, 15, a1, 1c]...
🗑️ AccTrie Delete: keyword='research', fid='scie_00000868' (removing entire key)
🗑️ AccTrie Delete: post-delete root_hash=[e6, 76, ee, ec, 7e, 3b, 9c, 77]...
🔍 AccTrie Query: keyword='business', found 1 fids
🔍 AccTrie Query: returning proof (363 bytes)
🗑️ AccTrie Delete: keyword='business', fid='busi_00000869' (removing entire key)
🗑️ AccTrie Delete: post-delete root_hash=[e6, 76, ee, ec, 7e, 3b, 9c, 77]...
⚠️ AccTrie Delete: keyword='business' not found in storage
🗑️ AccTrie Delete: keyword='business', fid='busi_00000869' (removing entire key)
⚠️ AccTrie Delete: delete entire key failed: Key not found
🗑️ AccTrie Delete: post-delete root_hash=[e6, 76, ee, ec, 7e, 3b, 9c, 77]...
🔍 AccTrie Query: keyword='health', found 1 fids
🔍 AccTrie Query: returning proof (361 bytes)
🗑️ AccTrie Delete: keyword='health', fid='heal_00000870' (removing entire key)
🗑️ AccTrie Delete: post-delete root_hash=[e6, 76, ee, ec, 7e, 3b, 9c, 77]...
⚠️ AccTrie Delete: keyword='health' not found in storage
🗑️ AccTrie Delete: keyword='health', fid='heal_00000870' (removing entire key)
⚠️ AccTrie Delete: delete entire key failed: Key not found
🗑️ AccTrie Delete: post-delete root_hash=[e6, 76, ee, ec, 7e, 3b, 9c, 77]...
🔍 AccTrie Query: keyword='business', found 1 fids
🔍 AccTrie Query: returning proof (463 bytes)
🗑️ AccTrie Delete: keyword='business', fid='busi_00000871' (removing entire key)
🗑️ AccTrie Delete: post-delete root_hash=[19, 3b, b2, 5c, c9, 9a, 1b, bb]...
🗑️ AccTrie Delete: keyword='startup', fid='busi_00000871' (removing entire key)
🗑️ AccTrie Delete: post-delete root_hash=[e6, 76, ee, ec, 7e, 3b, 9c, 77]...
⚠️ AccTrie Delete: keyword='business' not found in storage
🗑️ AccTrie Delete: keyword='business', fid='busi_00000871' (removing entire key)
⚠️ AccTrie Delete: delete entire key failed: Key not found
🗑️ AccTrie Delete: post-delete root_hash=[e6, 76, ee, ec, 7e, 3b, 9c, 77]...
🔧 AccTrie Add: keyword='update', fid='news_00000872' (success)
🔧 AccTrie Add: proof size=570 bytes, root_hash=[6f, b5, e2, 2d, 34, dc, 5f, e7]...
🗑️ AccTrie Delete: keyword='update', fid='news_00000872' (removing entire key)
🗑️ AccTrie Delete: post-delete root_hash=[0f, 66, a8, 63, 7e, 2f, f3, 57]...
🗑️ AccTrie Delete: keyword='report', fid='news_00000872' (removing entire key)
🗑️ AccTrie Delete: post-delete root_hash=[e6, 76, ee, ec, 7e, 3b, 9c, 77]...
🔍 AccTrie Query: keyword='business', found 1 fids
🔍 AccTrie Query: returning proof (363 bytes)
🗑️ AccTrie Delete: keyword='business', fid='busi_00000874' (removing entire key)
🗑️ AccTrie Delete: post-delete root_hash=[e6, 76, ee, ec, 7e, 3b, 9c, 77]...
⚠️ AccTrie Delete: keyword='business' not found in storage
🗑️ AccTrie Delete: keyword='business', fid='busi_00000874' (removing entire key)
⚠️ AccTrie Delete: delete entire key failed: Key not found
🗑️ AccTrie Delete: post-delete root_hash=[e6, 76, ee, ec, 7e, 3b, 9c, 77]...
🔧 AccTrie Add: keyword='policy', fid='news_00000875' (success)
🔧 AccTrie Add: proof size=470 bytes, root_hash=[72, 5d, 1c, bb, 30, 2a, 8a, 48]...
🗑️ AccTrie Delete: keyword='policy', fid='news_00000875' (removing entire key)
🗑️ AccTrie Delete: post-delete root_hash=[e6, 76, ee, ec, 7e, 3b, 9c, 77]...
🔧 AccTrie Add: keyword='genetics', fid='scie_00000878' (success)
🔧 AccTrie Add: proof size=572 bytes, root_hash=[9f, a7, 96, b9, 35, c9, 0e, a2]...
🗑️ AccTrie Delete: keyword='research', fid='scie_00000878' (removing entire key)
🗑️ AccTrie Delete: post-delete root_hash=[2a, b1, c1, e5, 22, 3a, af, f6]...
🗑️ AccTrie Delete: keyword='genetics', fid='scie_00000878' (removing entire key)
🗑️ AccTrie Delete: post-delete root_hash=[e6, 76, ee, ec, 7e, 3b, 9c, 77]...
🔍 AccTrie Query: keyword='technology', found 1 fids
🔍 AccTrie Query: returning proof (365 bytes)
🗑️ AccTrie Delete: keyword='technology', fid='tech_00000880' (removing entire key)
🗑️ AccTrie Delete: post-delete root_hash=[e6, 76, ee, ec, 7e, 3b, 9c, 77]...
⚠️ AccTrie Delete: keyword='technology' not found in storage
🗑️ AccTrie Delete: keyword='technology', fid='tech_00000880' (removing entire key)
⚠️ AccTrie Delete: delete entire key failed: Key not found
🗑️ AccTrie Delete: post-delete root_hash=[e6, 76, ee, ec, 7e, 3b, 9c, 77]...
🔍 AccTrie Query: keyword='technology', found 1 fids
🔍 AccTrie Query: returning proof (565 bytes)
🗑️ AccTrie Delete: keyword='technology', fid='tech_00000881' (removing entire key)
🗑️ AccTrie Delete: post-delete root_hash=[8c, fb, 56, ee, 8f, 20, 1d, 18]...
🔧 AccTrie Add: keyword='iot', fid='tech_00000881' (success)
🔧 AccTrie Add: proof size=567 bytes, root_hash=[8c, fb, 56, ee, 8f, 20, 1d, 18]...
⚠️ AccTrie Delete: keyword='technology' not found in storage
🗑️ AccTrie Delete: keyword='technology', fid='tech_00000881' (removing entire key)
⚠️ AccTrie Delete: delete entire key failed: Key not found
🗑️ AccTrie Delete: post-delete root_hash=[8c, fb, 56, ee, 8f, 20, 1d, 18]...
🗑️ AccTrie Delete: keyword='iot', fid='tech_00000881' (removing entire key)
🗑️ AccTrie Delete: post-delete root_hash=[b9, fb, 02, 0f, b0, d4, f1, 52]...
🗑️ AccTrie Delete: keyword='quantum', fid='tech_00000881' (removing entire key)
🗑️ AccTrie Delete: post-delete root_hash=[e6, 76, ee, ec, 7e, 3b, 9c, 77]...
🔧 AccTrie Add: keyword='food', fid='life_00000882' (success)
🔧 AccTrie Add: proof size=468 bytes, root_hash=[a7, 4a, 8f, 07, 93, cf, b1, 7e]...
🗑️ AccTrie Delete: keyword='food', fid='life_00000882' (removing entire key)
🗑️ AccTrie Delete: post-delete root_hash=[e6, 76, ee, ec, 7e, 3b, 9c, 77]...
🔍 AccTrie Query: keyword='sports', found 1 fids
🔍 AccTrie Query: returning proof (461 bytes)
🗑️ AccTrie Delete: keyword='sports', fid='spor_00000883' (removing entire key)
🗑️ AccTrie Delete: post-delete root_hash=[5f, e6, c6, 13, 76, 26, c7, 9a]...
🔧 AccTrie Add: keyword='olympics', fid='spor_00000883' (success)
🔧 AccTrie Add: proof size=472 bytes, root_hash=[5f, e6, c6, 13, 76, 26, c7, 9a]...
⚠️ AccTrie Delete: keyword='sports' not found in storage
🗑️ AccTrie Delete: keyword='sports', fid='spor_00000883' (removing entire key)
⚠️ AccTrie Delete: delete entire key failed: Key not found
🗑️ AccTrie Delete: post-delete root_hash=[5f, e6, c6, 13, 76, 26, c7, 9a]...
🗑️ AccTrie Delete: keyword='olympics', fid='spor_00000883' (removing entire key)
🗑️ AccTrie Delete: post-delete root_hash=[e6, 76, ee, ec, 7e, 3b, 9c, 77]...
🔍 AccTrie Query: keyword='business', found 1 fids
🔍 AccTrie Query: returning proof (363 bytes)
🗑️ AccTrie Delete: keyword='business', fid='busi_00000884' (removing entire key)
🗑️ AccTrie Delete: post-delete root_hash=[e6, 76, ee, ec, 7e, 3b, 9c, 77]...
⚠️ AccTrie Delete: keyword='business' not found in storage
🗑️ AccTrie Delete: keyword='business', fid='busi_00000884' (removing entire key)
⚠️ AccTrie Delete: delete entire key failed: Key not found
🗑️ AccTrie Delete: post-delete root_hash=[e6, 76, ee, ec, 7e, 3b, 9c, 77]...
🔍 AccTrie Query: keyword='sports', found 1 fids
🔍 AccTrie Query: returning proof (361 bytes)
🗑️ AccTrie Delete: keyword='sports', fid='spor_00000885' (removing entire key)
🗑️ AccTrie Delete: post-delete root_hash=[e6, 76, ee, ec, 7e, 3b, 9c, 77]...
⚠️ AccTrie Delete: keyword='sports' not found in storage
🗑️ AccTrie Delete: keyword='sports', fid='spor_00000885' (removing entire key)
⚠️ AccTrie Delete: delete entire key failed: Key not found
🗑️ AccTrie Delete: post-delete root_hash=[e6, 76, ee, ec, 7e, 3b, 9c, 77]...
🔍 AccTrie Query: keyword='environment', found 1 fids
🔍 AccTrie Query: returning proof (566 bytes)
🗑️ AccTrie Delete: keyword='environment', fid='envi_00000886' (removing entire key)
🗑️ AccTrie Delete: post-delete root_hash=[9b, da, 11, 73, ab, 17, f2, 38]...
🗑️ AccTrie Delete: keyword='sustainability', fid='envi_00000886' (removing entire key)
🗑️ AccTrie Delete: post-delete root_hash=[37, 7a, 84, 0b, b1, bd, 50, 6b]...
⚠️ AccTrie Delete: keyword='environment' not found in storage
🗑️ AccTrie Delete: keyword='environment', fid='envi_00000886' (removing entire key)
⚠️ AccTrie Delete: delete entire key failed: Key not found
🗑️ AccTrie Delete: post-delete root_hash=[37, 7a, 84, 0b, b1, bd, 50, 6b]...
🗑️ AccTrie Delete: keyword='pollution', fid='envi_00000886' (removing entire key)
🗑️ AccTrie Delete: post-delete root_hash=[e6, 76, ee, ec, 7e, 3b, 9c, 77]...
🔍 AccTrie Query: keyword='environment', found 1 fids
🔍 AccTrie Query: returning proof (566 bytes)
🗑️ AccTrie Delete: keyword='environment', fid='envi_00000887' (removing entire key)
🗑️ AccTrie Delete: post-delete root_hash=[5f, 5e, c7, f7, b5, dc, 89, e9]...
🔧 AccTrie Add: keyword='sustainability', fid='envi_00000887' (success)
🔧 AccTrie Add: proof size=578 bytes, root_hash=[5f, 5e, c7, f7, b5, dc, 89, e9]...
🗑️ AccTrie Delete: keyword='sustainability', fid='envi_00000887' (removing entire key)
🗑️ AccTrie Delete: post-delete root_hash=[93, 6f, 32, 52, d7, d5, fa, df]...
🗑️ AccTrie Delete: keyword='climate', fid='envi_00000887' (removing entire key)
🗑️ AccTrie Delete: post-delete root_hash=[e6, 76, ee, ec, 7e, 3b, 9c, 77]...
⚠️ AccTrie Delete: keyword='environment' not found in storage
🗑️ AccTrie Delete: keyword='environment', fid='envi_00000887' (removing entire key)
⚠️ AccTrie Delete: delete entire key failed: Key not found
🗑️ AccTrie Delete: post-delete root_hash=[e6, 76, ee, ec, 7e, 3b, 9c, 77]...
🔍 AccTrie Query: keyword='environment', found 1 fids
🔍 AccTrie Query: returning proof (466 bytes)
🗑️ AccTrie Delete: keyword='environment', fid='envi_00000888' (removing entire key)
🗑️ AccTrie Delete: post-delete root_hash=[b0, cb, 8c, 17, ae, 1b, 03, ea]...
🔧 AccTrie Add: keyword='green', fid='envi_00000888' (success)
🔧 AccTrie Add: proof size=469 bytes, root_hash=[b0, cb, 8c, 17, ae, 1b, 03, ea]...
⚠️ AccTrie Delete: keyword='environment' not found in storage
🗑️ AccTrie Delete: keyword='environment', fid='envi_00000888' (removing entire key)
⚠️ AccTrie Delete: delete entire key failed: Key not found
🗑️ AccTrie Delete: post-delete root_hash=[b0, cb, 8c, 17, ae, 1b, 03, ea]...
🗑️ AccTrie Delete: keyword='green', fid='envi_00000888' (removing entire key)
🗑️ AccTrie Delete: post-delete root_hash=[e6, 76, ee, ec, 7e, 3b, 9c, 77]...
🔍 AccTrie Query: keyword='environment', found 1 fids
🔍 AccTrie Query: returning proof (366 bytes)
🗑️ AccTrie Delete: keyword='environment', fid='envi_00000889' (removing entire key)
🗑️ AccTrie Delete: post-delete root_hash=[e6, 76, ee, ec, 7e, 3b, 9c, 77]...
⚠️ AccTrie Delete: keyword='environment' not found in storage
🗑️ AccTrie Delete: keyword='environment', fid='envi_00000889' (removing entire key)
⚠️ AccTrie Delete: delete entire key failed: Key not found
🗑️ AccTrie Delete: post-delete root_hash=[e6, 76, ee, ec, 7e, 3b, 9c, 77]...
🔍 AccTrie Query: keyword='sports', found 1 fids
🔍 AccTrie Query: returning proof (361 bytes)
🗑️ AccTrie Delete: keyword='sports', fid='spor_00000891' (removing entire key)
🗑️ AccTrie Delete: post-delete root_hash=[e6, 76, ee, ec, 7e, 3b, 9c, 77]...
⚠️ AccTrie Delete: keyword='sports' not found in storage
🗑️ AccTrie Delete: keyword='sports', fid='spor_00000891' (removing entire key)
⚠️ AccTrie Delete: delete entire key failed: Key not found
🗑️ AccTrie Delete: post-delete root_hash=[e6, 76, ee, ec, 7e, 3b, 9c, 77]...
🔧 AccTrie Add: keyword='genetics', fid='scie_00000892' (success)
🔧 AccTrie Add: proof size=472 bytes, root_hash=[50, 76, 3a, c4, 68, 97, 16, e0]...
🗑️ AccTrie Delete: keyword='genetics', fid='scie_00000892' (removing entire key)
🗑️ AccTrie Delete: post-delete root_hash=[e6, 76, ee, ec, 7e, 3b, 9c, 77]...
🔍 AccTrie Query: keyword='technology', found 1 fids
🔍 AccTrie Query: returning proof (365 bytes)
🗑️ AccTrie Delete: keyword='technology', fid='tech_00000893' (removing entire key)
🗑️ AccTrie Delete: post-delete root_hash=[e6, 76, ee, ec, 7e, 3b, 9c, 77]...
⚠️ AccTrie Delete: keyword='technology' not found in storage
🗑️ AccTrie Delete: keyword='technology', fid='tech_00000893' (removing entire key)
⚠️ AccTrie Delete: delete entire key failed: Key not found
🗑️ AccTrie Delete: post-delete root_hash=[e6, 76, ee, ec, 7e, 3b, 9c, 77]...
🔍 AccTrie Query: keyword='business', found 1 fids
🔍 AccTrie Query: returning proof (463 bytes)
🗑️ AccTrie Delete: keyword='business', fid='busi_00000894' (removing entire key)
🗑️ AccTrie Delete: post-delete root_hash=[49, d1, 9d, b7, c9, 8f, ca, 57]...
🔧 AccTrie Add: keyword='analytics', fid='busi_00000894' (success)
🔧 AccTrie Add: proof size=473 bytes, root_hash=[49, d1, 9d, b7, c9, 8f, ca, 57]...
🗑️ AccTrie Delete: keyword='analytics', fid='busi_00000894' (removing entire key)
🗑️ AccTrie Delete: post-delete root_hash=[e6, 76, ee, ec, 7e, 3b, 9c, 77]...
⚠️ AccTrie Delete: keyword='business' not found in storage
🗑️ AccTrie Delete: keyword='business', fid='busi_00000894' (removing entire key)
⚠️ AccTrie Delete: delete entire key failed: Key not found
🗑️ AccTrie Delete: post-delete root_hash=[e6, 76, ee, ec, 7e, 3b, 9c, 77]...
🔧 AccTrie Add: keyword='domestic', fid='news_00000897' (success)
🔧 AccTrie Add: proof size=472 bytes, root_hash=[26, e0, 88, 38, 32, d5, 81, 29]...
🗑️ AccTrie Delete: keyword='domestic', fid='news_00000897' (removing entire key)
🗑️ AccTrie Delete: post-delete root_hash=[e6, 76, ee, ec, 7e, 3b, 9c, 77]...
🔍 AccTrie Query: keyword='business', found 1 fids
🔍 AccTrie Query: returning proof (363 bytes)
🗑️ AccTrie Delete: keyword='business', fid='busi_00000899' (removing entire key)
🗑️ AccTrie Delete: post-delete root_hash=[e6, 76, ee, ec, 7e, 3b, 9c, 77]...
⚠️ AccTrie Delete: keyword='business' not found in storage
🗑️ AccTrie Delete: keyword='business', fid='busi_00000899' (removing entire key)
⚠️ AccTrie Delete: delete entire key failed: Key not found
🗑️ AccTrie Delete: post-delete root_hash=[e6, 76, ee, ec, 7e, 3b, 9c, 77]...
🔧 AccTrie Add: keyword='research', fid='scie_00000900' (success)
🔧 AccTrie Add: proof size=572 bytes, root_hash=[61, b0, 60, 03, 84, 81, 67, 9d]...
🗑️ AccTrie Delete: keyword='research', fid='scie_00000900' (removing entire key)
🗑️ AccTrie Delete: post-delete root_hash=[c2, 6c, 83, 3a, 35, 82, 22, ed]...
🗑️ AccTrie Delete: keyword='genetics', fid='scie_00000900' (removing entire key)
🗑️ AccTrie Delete: post-delete root_hash=[e6, 76, ee, ec, 7e, 3b, 9c, 77]...
🔧 AccTrie Add: keyword='university', fid='educ_00000901' (success)
🔧 AccTrie Add: proof size=674 bytes, root_hash=[89, a0, 0a, fe, 6e, 15, af, 86]...
🗑️ AccTrie Delete: keyword='lecture', fid='educ_00000901' (removing entire key)
🗑️ AccTrie Delete: post-delete root_hash=[0b, a1, fa, 15, a1, 28, e4, 9f]...
🗑️ AccTrie Delete: keyword='university', fid='educ_00000901' (removing entire key)
🗑️ AccTrie Delete: post-delete root_hash=[2b, 87, 8d, 8b, e2, fc, 9a, 1b]...
🗑️ AccTrie Delete: keyword='course', fid='educ_00000901' (removing entire key)
🗑️ AccTrie Delete: post-delete root_hash=[e6, 76, ee, ec, 7e, 3b, 9c, 77]...
🔍 AccTrie Query: keyword='business', found 1 fids
🔍 AccTrie Query: returning proof (563 bytes)
🗑️ AccTrie Delete: keyword='business', fid='busi_00000902' (removing entire key)
🗑️ AccTrie Delete: post-delete root_hash=[aa, 79, c8, f8, 2c, 2f, a6, 2f]...
🔧 AccTrie Add: keyword='strategy', fid='busi_00000902' (success)
🔧 AccTrie Add: proof size=572 bytes, root_hash=[aa, 79, c8, f8, 2c, 2f, a6, 2f]...
🗑️ AccTrie Delete: keyword='analytics', fid='busi_00000902' (removing entire key)
🗑️ AccTrie Delete: post-delete root_hash=[42, 31, 09, 4c, 7b, 8d, ff, 04]...
🗑️ AccTrie Delete: keyword='strategy', fid='busi_00000902' (removing entire key)
🗑️ AccTrie Delete: post-delete root_hash=[e6, 76, ee, ec, 7e, 3b, 9c, 77]...
⚠️ AccTrie Delete: keyword='business' not found in storage
🗑️ AccTrie Delete: keyword='business', fid='busi_00000902' (removing entire key)
⚠️ AccTrie Delete: delete entire key failed: Key not found
🗑️ AccTrie Delete: post-delete root_hash=[e6, 76, ee, ec, 7e, 3b, 9c, 77]...
🔍 AccTrie Query: keyword='environment', found 1 fids
🔍 AccTrie Query: returning proof (366 bytes)
🗑️ AccTrie Delete: keyword='environment', fid='envi_00000904' (removing entire key)
🗑️ AccTrie Delete: post-delete root_hash=[e6, 76, ee, ec, 7e, 3b, 9c, 77]...
⚠️ AccTrie Delete: keyword='environment' not found in storage
🗑️ AccTrie Delete: keyword='environment', fid='envi_00000904' (removing entire key)
⚠️ AccTrie Delete: delete entire key failed: Key not found
🗑️ AccTrie Delete: post-delete root_hash=[e6, 76, ee, ec, 7e, 3b, 9c, 77]...
🔍 AccTrie Query: keyword='technology', found 1 fids
🔍 AccTrie Query: returning proof (365 bytes)
🗑️ AccTrie Delete: keyword='technology', fid='tech_00000905' (removing entire key)
🗑️ AccTrie Delete: post-delete root_hash=[e6, 76, ee, ec, 7e, 3b, 9c, 77]...
⚠️ AccTrie Delete: keyword='technology' not found in storage
🗑️ AccTrie Delete: keyword='technology', fid='tech_00000905' (removing entire key)
⚠️ AccTrie Delete: delete entire key failed: Key not found
🗑️ AccTrie Delete: post-delete root_hash=[e6, 76, ee, ec, 7e, 3b, 9c, 77]...
🔍 AccTrie Query: keyword='health', found 1 fids
🔍 AccTrie Query: returning proof (361 bytes)
🗑️ AccTrie Delete: keyword='health', fid='heal_00000907' (removing entire key)
🗑️ AccTrie Delete: post-delete root_hash=[e6, 76, ee, ec, 7e, 3b, 9c, 77]...
⚠️ AccTrie Delete: keyword='health' not found in storage
🗑️ AccTrie Delete: keyword='health', fid='heal_00000907' (removing entire key)
⚠️ AccTrie Delete: delete entire key failed: Key not found
🗑️ AccTrie Delete: post-delete root_hash=[e6, 76, ee, ec, 7e, 3b, 9c, 77]...
🔍 AccTrie Query: keyword='environment', found 1 fids
🔍 AccTrie Query: returning proof (366 bytes)
🗑️ AccTrie Delete: keyword='environment', fid='envi_00000908' (removing entire key)
🗑️ AccTrie Delete: post-delete root_hash=[e6, 76, ee, ec, 7e, 3b, 9c, 77]...
⚠️ AccTrie Delete: keyword='environment' not found in storage
🗑️ AccTrie Delete: keyword='environment', fid='envi_00000908' (removing entire key)
⚠️ AccTrie Delete: delete entire key failed: Key not found
🗑️ AccTrie Delete: post-delete root_hash=[e6, 76, ee, ec, 7e, 3b, 9c, 77]...
🗑️ AccTrie Delete: keyword='university', fid='educ_00000909' (removing entire key)
🗑️ AccTrie Delete: post-delete root_hash=[79, 80, dd, 68, 87, cf, 8f, 18]...
🗑️ AccTrie Delete: keyword='course', fid='educ_00000909' (removing entire key)
🗑️ AccTrie Delete: post-delete root_hash=[e6, 76, ee, ec, 7e, 3b, 9c, 77]...
🔍 AccTrie Query: keyword='technology', found 1 fids
🔍 AccTrie Query: returning proof (565 bytes)
🗑️ AccTrie Delete: keyword='technology', fid='tech_00000910' (removing entire key)
🗑️ AccTrie Delete: post-delete root_hash=[db, e4, 4f, df, 16, 6e, bf, c9]...
🗑️ AccTrie Delete: keyword='iot', fid='tech_00000910' (removing entire key)
🗑️ AccTrie Delete: post-delete root_hash=[65, 27, 25, 0f, 2f, 53, 39, 1f]...
🗑️ AccTrie Delete: keyword='software', fid='tech_00000910' (removing entire key)
🗑️ AccTrie Delete: post-delete root_hash=[e6, 76, ee, ec, 7e, 3b, 9c, 77]...
⚠️ AccTrie Delete: keyword='technology' not found in storage
🗑️ AccTrie Delete: keyword='technology', fid='tech_00000910' (removing entire key)
⚠️ AccTrie Delete: delete entire key failed: Key not found
🗑️ AccTrie Delete: post-delete root_hash=[e6, 76, ee, ec, 7e, 3b, 9c, 77]...
🔍 AccTrie Query: keyword='business', found 1 fids
🔍 AccTrie Query: returning proof (363 bytes)
🗑️ AccTrie Delete: keyword='business', fid='busi_00000912' (removing entire key)
🗑️ AccTrie Delete: post-delete root_hash=[e6, 76, ee, ec, 7e, 3b, 9c, 77]...
⚠️ AccTrie Delete: keyword='business' not found in storage
🗑️ AccTrie Delete: keyword='business', fid='busi_00000912' (removing entire key)
⚠️ AccTrie Delete: delete entire key failed: Key not found
🗑️ AccTrie Delete: post-delete root_hash=[e6, 76, ee, ec, 7e, 3b, 9c, 77]...
🗑️ AccTrie Delete: keyword='university', fid='educ_00000913' (removing entire key)
🗑️ AccTrie Delete: post-delete root_hash=[e6, 76, ee, ec, 7e, 3b, 9c, 77]...
🔍 AccTrie Query: keyword='technology', found 1 fids
🔍 AccTrie Query: returning proof (665 bytes)
🗑️ AccTrie Delete: keyword='technology', fid='tech_00000914' (removing entire key)
🗑️ AccTrie Delete: post-delete root_hash=[c6, 96, 66, 36, 47, e5, 8a, 41]...
🔧 AccTrie Add: keyword='iot', fid='tech_00000914' (success)
🔧 AccTrie Add: proof size=667 bytes, root_hash=[c6, 96, 66, 36, 47, e5, 8a, 41]...
🗑️ AccTrie Delete: keyword='quantum', fid='tech_00000914' (removing entire key)
🗑️ AccTrie Delete: post-delete root_hash=[97, bc, 1f, 23, d5, 13, dc, f6]...
🗑️ AccTrie Delete: keyword='iot', fid='tech_00000914' (removing entire key)
🗑️ AccTrie Delete: post-delete root_hash=[3c, b6, ce, ae, bb, ba, 28, 4b]...
🗑️ AccTrie Delete: keyword='software', fid='tech_00000914' (removing entire key)
🗑️ AccTrie Delete: post-delete root_hash=[e6, 76, ee, ec, 7e, 3b, 9c, 77]...
⚠️ AccTrie Delete: keyword='technology' not found in storage
🗑️ AccTrie Delete: keyword='technology', fid='tech_00000914' (removing entire key)
⚠️ AccTrie Delete: delete entire key failed: Key not found
🗑️ AccTrie Delete: post-delete root_hash=[e6, 76, ee, ec, 7e, 3b, 9c, 77]...
🔍 AccTrie Query: keyword='technology', found 1 fids
🔍 AccTrie Query: returning proof (565 bytes)
🗑️ AccTrie Delete: keyword='technology', fid='tech_00000915' (removing entire key)
🗑️ AccTrie Delete: post-delete root_hash=[ab, bf, 9e, e8, 6e, ef, c7, 51]...
🔧 AccTrie Add: keyword='software', fid='tech_00000915' (success)
🔧 AccTrie Add: proof size=572 bytes, root_hash=[ab, bf, 9e, e8, 6e, ef, c7, 51]...
🗑️ AccTrie Delete: keyword='software', fid='tech_00000915' (removing entire key)
🗑️ AccTrie Delete: post-delete root_hash=[3a, ef, 53, f7, 54, f2, 32, 48]...
🗑️ AccTrie Delete: keyword='quantum', fid='tech_00000915' (removing entire key)
🗑️ AccTrie Delete: post-delete root_hash=[e6, 76, ee, ec, 7e, 3b, 9c, 77]...
⚠️ AccTrie Delete: keyword='technology' not found in storage
🗑️ AccTrie Delete: keyword='technology', fid='tech_00000915' (removing entire key)
⚠️ AccTrie Delete: delete entire key failed: Key not found
🗑️ AccTrie Delete: post-delete root_hash=[e6, 76, ee, ec, 7e, 3b, 9c, 77]...
🔍 AccTrie Query: keyword='technology', found 1 fids
🔍 AccTrie Query: returning proof (465 bytes)
🗑️ AccTrie Delete: keyword='technology', fid='tech_00000916' (removing entire key)
🗑️ AccTrie Delete: post-delete root_hash=[05, e4, 5a, 37, 4d, 99, 1d, ec]...
🔧 AccTrie Add: keyword='network', fid='tech_00000916' (success)
🔧 AccTrie Add: proof size=471 bytes, root_hash=[05, e4, 5a, 37, 4d, 99, 1d, ec]...
⚠️ AccTrie Delete: keyword='technology' not found in storage
🗑️ AccTrie Delete: keyword='technology', fid='tech_00000916' (removing entire key)
⚠️ AccTrie Delete: delete entire key failed: Key not found
🗑️ AccTrie Delete: post-delete root_hash=[05, e4, 5a, 37, 4d, 99, 1d, ec]...
🗑️ AccTrie Delete: keyword='network', fid='tech_00000916' (removing entire key)
🗑️ AccTrie Delete: post-delete root_hash=[e6, 76, ee, ec, 7e, 3b, 9c, 77]...
🔍 AccTrie Query: keyword='health', found 1 fids
🔍 AccTrie Query: returning proof (461 bytes)
🗑️ AccTrie Delete: keyword='health', fid='heal_00000917' (removing entire key)
🗑️ AccTrie Delete: post-delete root_hash=[ad, b2, 10, 8a, 25, 89, 5d, df]...
🗑️ AccTrie Delete: keyword='patient', fid='heal_00000917' (removing entire key)
🗑️ AccTrie Delete: post-delete root_hash=[e6, 76, ee, ec, 7e, 3b, 9c, 77]...
⚠️ AccTrie Delete: keyword='health' not found in storage
🗑️ AccTrie Delete: keyword='health', fid='heal_00000917' (removing entire key)
⚠️ AccTrie Delete: delete entire key failed: Key not found
🗑️ AccTrie Delete: post-delete root_hash=[e6, 76, ee, ec, 7e, 3b, 9c, 77]...
🔍 AccTrie Query: keyword='business', found 1 fids
🔍 AccTrie Query: returning proof (363 bytes)
🗑️ AccTrie Delete: keyword='business', fid='busi_00000918' (removing entire key)
🗑️ AccTrie Delete: post-delete root_hash=[e6, 76, ee, ec, 7e, 3b, 9c, 77]...
⚠️ AccTrie Delete: keyword='business' not found in storage
🗑️ AccTrie Delete: keyword='business', fid='busi_00000918' (removing entire key)
⚠️ AccTrie Delete: delete entire key failed: Key not found
🗑️ AccTrie Delete: post-delete root_hash=[e6, 76, ee, ec, 7e, 3b, 9c, 77]...
🔍 AccTrie Query: keyword='health', found 1 fids
🔍 AccTrie Query: returning proof (361 bytes)
🗑️ AccTrie Delete: keyword='health', fid='heal_00000919' (removing entire key)
🗑️ AccTrie Delete: post-delete root_hash=[e6, 76, ee, ec, 7e, 3b, 9c, 77]...
⚠️ AccTrie Delete: keyword='health' not found in storage
🗑️ AccTrie Delete: keyword='health', fid='heal_00000919' (removing entire key)
⚠️ AccTrie Delete: delete entire key failed: Key not found
🗑️ AccTrie Delete: post-delete root_hash=[e6, 76, ee, ec, 7e, 3b, 9c, 77]...
🔧 AccTrie Add: keyword='course', fid='educ_00000920' (success)
🔧 AccTrie Add: proof size=670 bytes, root_hash=[99, 79, d4, d7, 89, 4b, b4, 2d]...
🗑️ AccTrie Delete: keyword='course', fid='educ_00000920' (removing entire key)
🗑️ AccTrie Delete: post-delete root_hash=[be, e7, 70, 44, ed, 27, e2, 07]...
🗑️ AccTrie Delete: keyword='scholarship', fid='educ_00000920' (removing entire key)
🗑️ AccTrie Delete: post-delete root_hash=[38, a8, 19, e2, 69, c1, 26, 51]...
🗑️ AccTrie Delete: keyword='university', fid='educ_00000920' (removing entire key)
🗑️ AccTrie Delete: post-delete root_hash=[e6, 76, ee, ec, 7e, 3b, 9c, 77]...
🔍 AccTrie Query: keyword='business', found 1 fids
🔍 AccTrie Query: returning proof (463 bytes)
🗑️ AccTrie Delete: keyword='business', fid='busi_00000921' (removing entire key)
🗑️ AccTrie Delete: post-delete root_hash=[9a, cb, 57, 42, af, 19, 72, 12]...
🔧 AccTrie Add: keyword='startup', fid='busi_00000921' (success)
🔧 AccTrie Add: proof size=471 bytes, root_hash=[9a, cb, 57, 42, af, 19, 72, 12]...
⚠️ AccTrie Delete: keyword='business' not found in storage
🗑️ AccTrie Delete: keyword='business', fid='busi_00000921' (removing entire key)
⚠️ AccTrie Delete: delete entire key failed: Key not found
🗑️ AccTrie Delete: post-delete root_hash=[9a, cb, 57, 42, af, 19, 72, 12]...
🗑️ AccTrie Delete: keyword='startup', fid='busi_00000921' (removing entire key)
🗑️ AccTrie Delete: post-delete root_hash=[e6, 76, ee, ec, 7e, 3b, 9c, 77]...
🔧 AccTrie Add: keyword='crisis', fid='news_00000922' (success)
🔧 AccTrie Add: proof size=570 bytes, root_hash=[3e, 9a, e5, ed, 5e, 10, da, ac]...
🗑️ AccTrie Delete: keyword='crisis', fid='news_00000922' (removing entire key)
🗑️ AccTrie Delete: post-delete root_hash=[3f, 0a, 08, 00, 1c, ee, 0b, 25]...
🗑️ AccTrie Delete: keyword='report', fid='news_00000922' (removing entire key)
🗑️ AccTrie Delete: post-delete root_hash=[e6, 76, ee, ec, 7e, 3b, 9c, 77]...
🔍 AccTrie Query: keyword='health', found 1 fids
🔍 AccTrie Query: returning proof (361 bytes)
🗑️ AccTrie Delete: keyword='health', fid='heal_00000924' (removing entire key)
🗑️ AccTrie Delete: post-delete root_hash=[e6, 76, ee, ec, 7e, 3b, 9c, 77]...
⚠️ AccTrie Delete: keyword='health' not found in storage
🗑️ AccTrie Delete: keyword='health', fid='heal_00000924' (removing entire key)
⚠️ AccTrie Delete: delete entire key failed: Key not found
🗑️ AccTrie Delete: post-delete root_hash=[e6, 76, ee, ec, 7e, 3b, 9c, 77]...
🔧 AccTrie Add: keyword='update', fid='news_00000925' (success)
🔧 AccTrie Add: proof size=570 bytes, root_hash=[5b, 3c, 1f, b1, 5f, 22, b1, 6a]...
🗑️ AccTrie Delete: keyword='politics', fid='news_00000925' (removing entire key)
🗑️ AccTrie Delete: post-delete root_hash=[9f, d4, 4d, 65, 72, 10, 7c, af]...
🗑️ AccTrie Delete: keyword='update', fid='news_00000925' (removing entire key)
🗑️ AccTrie Delete: post-delete root_hash=[e6, 76, ee, ec, 7e, 3b, 9c, 77]...
🔍 AccTrie Query: keyword='sports', found 1 fids
🔍 AccTrie Query: returning proof (361 bytes)
🗑️ AccTrie Delete: keyword='sports', fid='spor_00000926' (removing entire key)
🗑️ AccTrie Delete: post-delete root_hash=[e6, 76, ee, ec, 7e, 3b, 9c, 77]...
⚠️ AccTrie Delete: keyword='sports' not found in storage
🗑️ AccTrie Delete: keyword='sports', fid='spor_00000926' (removing entire key)
⚠️ AccTrie Delete: delete entire key failed: Key not found
🗑️ AccTrie Delete: post-delete root_hash=[e6, 76, ee, ec, 7e, 3b, 9c, 77]...
🔍 AccTrie Query: keyword='sports', found 1 fids
🔍 AccTrie Query: returning proof (461 bytes)
🗑️ AccTrie Delete: keyword='sports', fid='spor_00000927' (removing entire key)
🗑️ AccTrie Delete: post-delete root_hash=[6f, 97, 61, 21, 27, 46, a2, cf]...
⚠️ AccTrie Delete: keyword='sports' not found in storage
🗑️ AccTrie Delete: keyword='sports', fid='spor_00000927' (removing entire key)
⚠️ AccTrie Delete: delete entire key failed: Key not found
🗑️ AccTrie Delete: post-delete root_hash=[6f, 97, 61, 21, 27, 46, a2, cf]...
🗑️ AccTrie Delete: keyword='match', fid='spor_00000927' (removing entire key)
🗑️ AccTrie Delete: post-delete root_hash=[e6, 76, ee, ec, 7e, 3b, 9c, 77]...
🔍 AccTrie Query: keyword='business', found 1 fids
🔍 AccTrie Query: returning proof (463 bytes)
🗑️ AccTrie Delete: keyword='business', fid='busi_00000928' (removing entire key)
🗑️ AccTrie Delete: post-delete root_hash=[5b, 77, 1d, 01, 5a, 3c, 83, f5]...
🗑️ AccTrie Delete: keyword='strategy', fid='busi_00000928' (removing entire key)
🗑️ AccTrie Delete: post-delete root_hash=[e6, 76, ee, ec, 7e, 3b, 9c, 77]...
⚠️ AccTrie Delete: keyword='business' not found in storage
🗑️ AccTrie Delete: keyword='business', fid='busi_00000928' (removing entire key)
⚠️ AccTrie Delete: delete entire key failed: Key not found
🗑️ AccTrie Delete: post-delete root_hash=[e6, 76, ee, ec, 7e, 3b, 9c, 77]...
🔍 AccTrie Query: keyword='technology', found 1 fids
🔍 AccTrie Query: returning proof (465 bytes)
🗑️ AccTrie Delete: keyword='technology', fid='tech_00000929' (removing entire key)
🗑️ AccTrie Delete: post-delete root_hash=[f7, e6, 20, 51, a2, 94, 08, 82]...
🗑️ AccTrie Delete: keyword='network', fid='tech_00000929' (removing entire key)
🗑️ AccTrie Delete: post-delete root_hash=[e6, 76, ee, ec, 7e, 3b, 9c, 77]...
⚠️ AccTrie Delete: keyword='technology' not found in storage
🗑️ AccTrie Delete: keyword='technology', fid='tech_00000929' (removing entire key)
⚠️ AccTrie Delete: delete entire key failed: Key not found
🗑️ AccTrie Delete: post-delete root_hash=[e6, 76, ee, ec, 7e, 3b, 9c, 77]...
🔍 AccTrie Query: keyword='business', found 1 fids
🔍 AccTrie Query: returning proof (463 bytes)
🗑️ AccTrie Delete: keyword='business', fid='busi_00000930' (removing entire key)
🗑️ AccTrie Delete: post-delete root_hash=[0a, fd, db, 2d, 76, 35, 74, be]...
🗑️ AccTrie Delete: keyword='strategy', fid='busi_00000930' (removing entire key)
🗑️ AccTrie Delete: post-delete root_hash=[e6, 76, ee, ec, 7e, 3b, 9c, 77]...
⚠️ AccTrie Delete: keyword='business' not found in storage
🗑️ AccTrie Delete: keyword='business', fid='busi_00000930' (removing entire key)
⚠️ AccTrie Delete: delete entire key failed: Key not found
🗑️ AccTrie Delete: post-delete root_hash=[e6, 76, ee, ec, 7e, 3b, 9c, 77]...
🔧 AccTrie Add: keyword='performance', fid='ente_00000931' (success)
🔧 AccTrie Add: proof size=575 bytes, root_hash=[f9, 85, f8, 7c, 54, 71, 7f, 5e]...
🗑️ AccTrie Delete: keyword='movie', fid='ente_00000931' (removing entire key)
🗑️ AccTrie Delete: post-delete root_hash=[14, 4f, 46, 2c, 26, cd, 4f, 1b]...
🗑️ AccTrie Delete: keyword='performance', fid='ente_00000931' (removing entire key)
🗑️ AccTrie Delete: post-delete root_hash=[e6, 76, ee, ec, 7e, 3b, 9c, 77]...
🔍 AccTrie Query: keyword='technology', found 1 fids
🔍 AccTrie Query: returning proof (465 bytes)
🗑️ AccTrie Delete: keyword='technology', fid='tech_00000933' (removing entire key)
🗑️ AccTrie Delete: post-delete root_hash=[70, 48, d7, 29, e2, e6, c6, c2]...
🔧 AccTrie Add: keyword='software', fid='tech_00000933' (success)
🔧 AccTrie Add: proof size=472 bytes, root_hash=[70, 48, d7, 29, e2, e6, c6, c2]...
🗑️ AccTrie Delete: keyword='software', fid='tech_00000933' (removing entire key)
🗑️ AccTrie Delete: post-delete root_hash=[e6, 76, ee, ec, 7e, 3b, 9c, 77]...
⚠️ AccTrie Delete: keyword='technology' not found in storage
🗑️ AccTrie Delete: keyword='technology', fid='tech_00000933' (removing entire key)
⚠️ AccTrie Delete: delete entire key failed: Key not found
🗑️ AccTrie Delete: post-delete root_hash=[e6, 76, ee, ec, 7e, 3b, 9c, 77]...
🔍 AccTrie Query: keyword='sports', found 1 fids
🔍 AccTrie Query: returning proof (561 bytes)
🗑️ AccTrie Delete: keyword='sports', fid='spor_00000934' (removing entire key)
🗑️ AccTrie Delete: post-delete root_hash=[42, 2e, d1, 78, c8, 01, 5a, db]...
🗑️ AccTrie Delete: keyword='coach', fid='spor_00000934' (removing entire key)
🗑️ AccTrie Delete: post-delete root_hash=[76, 6f, 08, 69, 43, 9b, d0, f9]...
⚠️ AccTrie Delete: keyword='sports' not found in storage
🗑️ AccTrie Delete: keyword='sports', fid='spor_00000934' (removing entire key)
⚠️ AccTrie Delete: delete entire key failed: Key not found
🗑️ AccTrie Delete: post-delete root_hash=[76, 6f, 08, 69, 43, 9b, d0, f9]...
🗑️ AccTrie Delete: keyword='olympics', fid='spor_00000934' (removing entire key)
🗑️ AccTrie Delete: post-delete root_hash=[e6, 76, ee, ec, 7e, 3b, 9c, 77]...
🗑️ AccTrie Delete: keyword='family', fid='life_00000935' (removing entire key)
🗑️ AccTrie Delete: post-delete root_hash=[cb, 8e, 68, b3, 2a, 84, 36, f4]...
🗑️ AccTrie Delete: keyword='recipe', fid='life_00000935' (removing entire key)
🗑️ AccTrie Delete: post-delete root_hash=[e6, 76, ee, ec, 7e, 3b, 9c, 77]...
🔍 AccTrie Query: keyword='technology', found 1 fids
🔍 AccTrie Query: returning proof (465 bytes)
🗑️ AccTrie Delete: keyword='technology', fid='tech_00000936' (removing entire key)
🗑️ AccTrie Delete: post-delete root_hash=[d3, 2f, b2, 4a, 71, 80, e9, c3]...
⚠️ AccTrie Delete: keyword='technology' not found in storage
🗑️ AccTrie Delete: keyword='technology', fid='tech_00000936' (removing entire key)
⚠️ AccTrie Delete: delete entire key failed: Key not found
🗑️ AccTrie Delete: post-delete root_hash=[d3, 2f, b2, 4a, 71, 80, e9, c3]...
🗑️ AccTrie Delete: keyword='iot', fid='tech_00000936' (removing entire key)
🗑️ AccTrie Delete: post-delete root_hash=[e6, 76, ee, ec, 7e, 3b, 9c, 77]...
🔧 AccTrie Add: keyword='lecture', fid='educ_00000937' (success)
🔧 AccTrie Add: proof size=671 bytes, root_hash=[23, bc, 5d, 2c, ba, b1, ad, fc]...
🗑️ AccTrie Delete: keyword='course', fid='educ_00000937' (removing entire key)
🗑️ AccTrie Delete: post-delete root_hash=[33, 0f, 41, c4, e2, e3, c4, 9c]...
🗑️ AccTrie Delete: keyword='lecture', fid='educ_00000937' (removing entire key)
🗑️ AccTrie Delete: post-delete root_hash=[14, 95, 0d, 33, 0d, 7b, f2, f7]...
🗑️ AccTrie Delete: keyword='scholarship', fid='educ_00000937' (removing entire key)
🗑️ AccTrie Delete: post-delete root_hash=[e6, 76, ee, ec, 7e, 3b, 9c, 77]...
🔧 AccTrie Add: keyword='update', fid='news_00000938' (success)
🔧 AccTrie Add: proof size=470 bytes, root_hash=[eb, 7b, 36, 87, 6e, 05, b4, f6]...
🗑️ AccTrie Delete: keyword='update', fid='news_00000938' (removing entire key)
🗑️ AccTrie Delete: post-delete root_hash=[e6, 76, ee, ec, 7e, 3b, 9c, 77]...
🔧 AccTrie Add: keyword='chemistry', fid='scie_00000939' (success)
🔧 AccTrie Add: proof size=573 bytes, root_hash=[d0, 72, 5f, 40, e9, f5, 69, fa]...
🗑️ AccTrie Delete: keyword='chemistry', fid='scie_00000939' (removing entire key)
🗑️ AccTrie Delete: post-delete root_hash=[47, 11, b8, 33, 56, 92, da, e0]...
🗑️ AccTrie Delete: keyword='genetics', fid='scie_00000939' (removing entire key)
🗑️ AccTrie Delete: post-delete root_hash=[e6, 76, ee, ec, 7e, 3b, 9c, 77]...
🔧 AccTrie Add: keyword='laboratory', fid='scie_00000940' (success)
🔧 AccTrie Add: proof size=474 bytes, root_hash=[3e, 46, df, b3, 01, 73, e3, 02]...
🗑️ AccTrie Delete: keyword='laboratory', fid='scie_00000940' (removing entire key)
🗑️ AccTrie Delete: post-delete root_hash=[e6, 76, ee, ec, 7e, 3b, 9c, 77]...
🔧 AccTrie Add: keyword='decoration', fid='life_00000941' (success)
🔧 AccTrie Add: proof size=574 bytes, root_hash=[02, 2a, 52, f1, 88, 8b, 1f, aa]...
🗑️ AccTrie Delete: keyword='decoration', fid='life_00000941' (removing entire key)
🗑️ AccTrie Delete: post-delete root_hash=[46, ca, 72, f1, fd, 7d, 20, 6c]...
🗑️ AccTrie Delete: keyword='trend', fid='life_00000941' (removing entire key)
🗑️ AccTrie Delete: post-delete root_hash=[e6, 76, ee, ec, 7e, 3b, 9c, 77]...
🔍 AccTrie Query: keyword='sports', found 1 fids
🔍 AccTrie Query: returning proof (461 bytes)
🗑️ AccTrie Delete: keyword='sports', fid='spor_00000942' (removing entire key)
🗑️ AccTrie Delete: post-delete root_hash=[49, 64, 0f, 46, b1, ca, 10, 14]...
🗑️ AccTrie Delete: keyword='coach', fid='spor_00000942' (removing entire key)
🗑️ AccTrie Delete: post-delete root_hash=[e6, 76, ee, ec, 7e, 3b, 9c, 77]...
⚠️ AccTrie Delete: keyword='sports' not found in storage
🗑️ AccTrie Delete: keyword='sports', fid='spor_00000942' (removing entire key)
⚠️ AccTrie Delete: delete entire key failed: Key not found
🗑️ AccTrie Delete: post-delete root_hash=[e6, 76, ee, ec, 7e, 3b, 9c, 77]...
🔍 AccTrie Query: keyword='sports', found 1 fids
🔍 AccTrie Query: returning proof (461 bytes)
🗑️ AccTrie Delete: keyword='sports', fid='spor_00000943' (removing entire key)
🗑️ AccTrie Delete: post-delete root_hash=[d3, 06, fe, 33, 9c, 52, 6a, 22]...
🔧 AccTrie Add: keyword='olympics', fid='spor_00000943' (success)
🔧 AccTrie Add: proof size=472 bytes, root_hash=[d3, 06, fe, 33, 9c, 52, 6a, 22]...
🗑️ AccTrie Delete: keyword='olympics', fid='spor_00000943' (removing entire key)
🗑️ AccTrie Delete: post-delete root_hash=[e6, 76, ee, ec, 7e, 3b, 9c, 77]...
⚠️ AccTrie Delete: keyword='sports' not found in storage
🗑️ AccTrie Delete: keyword='sports', fid='spor_00000943' (removing entire key)
⚠️ AccTrie Delete: delete entire key failed: Key not found
🗑️ AccTrie Delete: post-delete root_hash=[e6, 76, ee, ec, 7e, 3b, 9c, 77]...
🔍 AccTrie Query: keyword='sports', found 1 fids
🔍 AccTrie Query: returning proof (361 bytes)
🗑️ AccTrie Delete: keyword='sports', fid='spor_00000945' (removing entire key)
🗑️ AccTrie Delete: post-delete root_hash=[e6, 76, ee, ec, 7e, 3b, 9c, 77]...
⚠️ AccTrie Delete: keyword='sports' not found in storage
🗑️ AccTrie Delete: keyword='sports', fid='spor_00000945' (removing entire key)
⚠️ AccTrie Delete: delete entire key failed: Key not found
🗑️ AccTrie Delete: post-delete root_hash=[e6, 76, ee, ec, 7e, 3b, 9c, 77]...
🗑️ AccTrie Delete: keyword='performance', fid='ente_00000947' (removing entire key)
🗑️ AccTrie Delete: post-delete root_hash=[e6, 76, ee, ec, 7e, 3b, 9c, 77]...
🔧 AccTrie Add: keyword='laboratory', fid='scie_00000948' (success)
🔧 AccTrie Add: proof size=474 bytes, root_hash=[be, c5, 27, d4, b2, b5, 58, 61]...
🗑️ AccTrie Delete: keyword='laboratory', fid='scie_00000948' (removing entire key)
🗑️ AccTrie Delete: post-delete root_hash=[e6, 76, ee, ec, 7e, 3b, 9c, 77]...
🔍 AccTrie Query: keyword='technology', found 1 fids
🔍 AccTrie Query: returning proof (465 bytes)
🗑️ AccTrie Delete: keyword='technology', fid='tech_00000950' (removing entire key)
🗑️ AccTrie Delete: post-delete root_hash=[3f, f6, 70, 44, 8e, 00, 64, 61]...
⚠️ AccTrie Delete: keyword='technology' not found in storage
🗑️ AccTrie Delete: keyword='technology', fid='tech_00000950' (removing entire key)
⚠️ AccTrie Delete: delete entire key failed: Key not found
🗑️ AccTrie Delete: post-delete root_hash=[3f, f6, 70, 44, 8e, 00, 64, 61]...
🗑️ AccTrie Delete: keyword='software', fid='tech_00000950' (removing entire key)
🗑️ AccTrie Delete: post-delete root_hash=[e6, 76, ee, ec, 7e, 3b, 9c, 77]...
🗑️ AccTrie Delete: keyword='comedy', fid='ente_00000951' (removing entire key)
🗑️ AccTrie Delete: post-delete root_hash=[e6, 76, ee, ec, 7e, 3b, 9c, 77]...
🔍 AccTrie Query: keyword='technology', found 1 fids
🔍 AccTrie Query: returning proof (365 bytes)
🗑️ AccTrie Delete: keyword='technology', fid='tech_00000952' (removing entire key)
🗑️ AccTrie Delete: post-delete root_hash=[e6, 76, ee, ec, 7e, 3b, 9c, 77]...
⚠️ AccTrie Delete: keyword='technology' not found in storage
🗑️ AccTrie Delete: keyword='technology', fid='tech_00000952' (removing entire key)
⚠️ AccTrie Delete: delete entire key failed: Key not found
🗑️ AccTrie Delete: post-delete root_hash=[e6, 76, ee, ec, 7e, 3b, 9c, 77]...
🔧 AccTrie Add: keyword='experiment', fid='scie_00000953' (success)
🔧 AccTrie Add: proof size=474 bytes, root_hash=[12, 08, ab, 00, 74, 44, 36, d9]...
🗑️ AccTrie Delete: keyword='experiment', fid='scie_00000953' (removing entire key)
🗑️ AccTrie Delete: post-delete root_hash=[e6, 76, ee, ec, 7e, 3b, 9c, 77]...
🔍 AccTrie Query: keyword='health', found 1 fids
🔍 AccTrie Query: returning proof (361 bytes)
🗑️ AccTrie Delete: keyword='health', fid='heal_00000954' (removing entire key)
🗑️ AccTrie Delete: post-delete root_hash=[e6, 76, ee, ec, 7e, 3b, 9c, 77]...
⚠️ AccTrie Delete: keyword='health' not found in storage
🗑️ AccTrie Delete: keyword='health', fid='heal_00000954' (removing entire key)
⚠️ AccTrie Delete: delete entire key failed: Key not found
🗑️ AccTrie Delete: post-delete root_hash=[e6, 76, ee, ec, 7e, 3b, 9c, 77]...
🔧 AccTrie Add: keyword='scholarship', fid='educ_00000955' (success)
🔧 AccTrie Add: proof size=575 bytes, root_hash=[81, d7, 8d, b4, 5a, ee, 6d, c5]...
🗑️ AccTrie Delete: keyword='university', fid='educ_00000955' (removing entire key)
🗑️ AccTrie Delete: post-delete root_hash=[47, aa, 7f, 61, 3a, 3c, 7a, b7]...
🗑️ AccTrie Delete: keyword='scholarship', fid='educ_00000955' (removing entire key)
🗑️ AccTrie Delete: post-delete root_hash=[e6, 76, ee, ec, 7e, 3b, 9c, 77]...
🔧 AccTrie Add: keyword='crisis', fid='news_00000956' (success)
🔧 AccTrie Add: proof size=470 bytes, root_hash=[d1, d5, 8f, 8f, 8f, 32, 40, 7e]...
🗑️ AccTrie Delete: keyword='crisis', fid='news_00000956' (removing entire key)
🗑️ AccTrie Delete: post-delete root_hash=[e6, 76, ee, ec, 7e, 3b, 9c, 77]...
🔧 AccTrie Add: keyword='decoration', fid='life_00000957' (success)
🔧 AccTrie Add: proof size=674 bytes, root_hash=[6d, 8c, 8d, 63, 34, 6b, 75, 57]...
🗑️ AccTrie Delete: keyword='trend', fid='life_00000957' (removing entire key)
🗑️ AccTrie Delete: post-delete root_hash=[16, c3, b9, cd, 9d, e2, 10, a0]...
🗑️ AccTrie Delete: keyword='food', fid='life_00000957' (removing entire key)
🗑️ AccTrie Delete: post-delete root_hash=[f8, 98, 21, ff, 0e, e2, 9b, 27]...
🗑️ AccTrie Delete: keyword='decoration', fid='life_00000957' (removing entire key)
🗑️ AccTrie Delete: post-delete root_hash=[e6, 76, ee, ec, 7e, 3b, 9c, 77]...
🔍 AccTrie Query: keyword='business', found 1 fids
🔍 AccTrie Query: returning proof (463 bytes)
🗑️ AccTrie Delete: keyword='business', fid='busi_00000958' (removing entire key)
🗑️ AccTrie Delete: post-delete root_hash=[f8, b5, 7f, 81, 75, fd, fc, a0]...
⚠️ AccTrie Delete: keyword='business' not found in storage
🗑️ AccTrie Delete: keyword='business', fid='busi_00000958' (removing entire key)
⚠️ AccTrie Delete: delete entire key failed: Key not found
🗑️ AccTrie Delete: post-delete root_hash=[f8, b5, 7f, 81, 75, fd, fc, a0]...
🗑️ AccTrie Delete: keyword='startup', fid='busi_00000958' (removing entire key)
🗑️ AccTrie Delete: post-delete root_hash=[e6, 76, ee, ec, 7e, 3b, 9c, 77]...
🔍 AccTrie Query: keyword='technology', found 1 fids
🔍 AccTrie Query: returning proof (365 bytes)
🗑️ AccTrie Delete: keyword='technology', fid='tech_00000959' (removing entire key)
🗑️ AccTrie Delete: post-delete root_hash=[e6, 76, ee, ec, 7e, 3b, 9c, 77]...
⚠️ AccTrie Delete: keyword='technology' not found in storage
🗑️ AccTrie Delete: keyword='technology', fid='tech_00000959' (removing entire key)
⚠️ AccTrie Delete: delete entire key failed: Key not found
🗑️ AccTrie Delete: post-delete root_hash=[e6, 76, ee, ec, 7e, 3b, 9c, 77]...
🔍 AccTrie Query: keyword='health', found 1 fids
🔍 AccTrie Query: returning proof (361 bytes)
🗑️ AccTrie Delete: keyword='health', fid='heal_00000960' (removing entire key)
🗑️ AccTrie Delete: post-delete root_hash=[e6, 76, ee, ec, 7e, 3b, 9c, 77]...
⚠️ AccTrie Delete: keyword='health' not found in storage
🗑️ AccTrie Delete: keyword='health', fid='heal_00000960' (removing entire key)
⚠️ AccTrie Delete: delete entire key failed: Key not found
🗑️ AccTrie Delete: post-delete root_hash=[e6, 76, ee, ec, 7e, 3b, 9c, 77]...
🗑️ AccTrie Delete: keyword='university', fid='educ_00000961' (removing entire key)
🗑️ AccTrie Delete: post-delete root_hash=[e6, 76, ee, ec, 7e, 3b, 9c, 77]...
🔍 AccTrie Query: keyword='technology', found 1 fids
🔍 AccTrie Query: returning proof (365 bytes)
🗑️ AccTrie Delete: keyword='technology', fid='tech_00000962' (removing entire key)
🗑️ AccTrie Delete: post-delete root_hash=[e6, 76, ee, ec, 7e, 3b, 9c, 77]...
⚠️ AccTrie Delete: keyword='technology' not found in storage
🗑️ AccTrie Delete: keyword='technology', fid='tech_00000962' (removing entire key)
⚠️ AccTrie Delete: delete entire key failed: Key not found
🗑️ AccTrie Delete: post-delete root_hash=[e6, 76, ee, ec, 7e, 3b, 9c, 77]...
🔍 AccTrie Query: keyword='sports', found 1 fids
🔍 AccTrie Query: returning proof (361 bytes)
🗑️ AccTrie Delete: keyword='sports', fid='spor_00000963' (removing entire key)
🗑️ AccTrie Delete: post-delete root_hash=[e6, 76, ee, ec, 7e, 3b, 9c, 77]...
⚠️ AccTrie Delete: keyword='sports' not found in storage
🗑️ AccTrie Delete: keyword='sports', fid='spor_00000963' (removing entire key)
⚠️ AccTrie Delete: delete entire key failed: Key not found
🗑️ AccTrie Delete: post-delete root_hash=[e6, 76, ee, ec, 7e, 3b, 9c, 77]...
🔍 AccTrie Query: keyword='sports', found 1 fids
🔍 AccTrie Query: returning proof (361 bytes)
🗑️ AccTrie Delete: keyword='sports', fid='spor_00000964' (removing entire key)
🗑️ AccTrie Delete: post-delete root_hash=[e6, 76, ee, ec, 7e, 3b, 9c, 77]...
⚠️ AccTrie Delete: keyword='sports' not found in storage
🗑️ AccTrie Delete: keyword='sports', fid='spor_00000964' (removing entire key)
⚠️ AccTrie Delete: delete entire key failed: Key not found
🗑️ AccTrie Delete: post-delete root_hash=[e6, 76, ee, ec, 7e, 3b, 9c, 77]...
🔍 AccTrie Query: keyword='technology', found 1 fids
🔍 AccTrie Query: returning proof (365 bytes)
🗑️ AccTrie Delete: keyword='technology', fid='tech_00000966' (removing entire key)
🗑️ AccTrie Delete: post-delete root_hash=[e6, 76, ee, ec, 7e, 3b, 9c, 77]...
⚠️ AccTrie Delete: keyword='technology' not found in storage
🗑️ AccTrie Delete: keyword='technology', fid='tech_00000966' (removing entire key)
⚠️ AccTrie Delete: delete entire key failed: Key not found
🗑️ AccTrie Delete: post-delete root_hash=[e6, 76, ee, ec, 7e, 3b, 9c, 77]...
🔍 AccTrie Query: keyword='health', found 1 fids
🔍 AccTrie Query: returning proof (361 bytes)
🗑️ AccTrie Delete: keyword='health', fid='heal_00000967' (removing entire key)
🗑️ AccTrie Delete: post-delete root_hash=[e6, 76, ee, ec, 7e, 3b, 9c, 77]...
⚠️ AccTrie Delete: keyword='health' not found in storage
🗑️ AccTrie Delete: keyword='health', fid='heal_00000967' (removing entire key)
⚠️ AccTrie Delete: delete entire key failed: Key not found
🗑️ AccTrie Delete: post-delete root_hash=[e6, 76, ee, ec, 7e, 3b, 9c, 77]...
🔍 AccTrie Query: keyword='sports', found 1 fids
🔍 AccTrie Query: returning proof (461 bytes)
🗑️ AccTrie Delete: keyword='sports', fid='spor_00000968' (removing entire key)
🗑️ AccTrie Delete: post-delete root_hash=[03, 4b, dd, e0, 38, 0e, 81, e9]...
🔧 AccTrie Add: keyword='olympics', fid='spor_00000968' (success)
🔧 AccTrie Add: proof size=472 bytes, root_hash=[03, 4b, dd, e0, 38, 0e, 81, e9]...
🗑️ AccTrie Delete: keyword='olympics', fid='spor_00000968' (removing entire key)
🗑️ AccTrie Delete: post-delete root_hash=[e6, 76, ee, ec, 7e, 3b, 9c, 77]...
⚠️ AccTrie Delete: keyword='sports' not found in storage
🗑️ AccTrie Delete: keyword='sports', fid='spor_00000968' (removing entire key)
⚠️ AccTrie Delete: delete entire key failed: Key not found
🗑️ AccTrie Delete: post-delete root_hash=[e6, 76, ee, ec, 7e, 3b, 9c, 77]...
🔍 AccTrie Query: keyword='business', found 1 fids
🔍 AccTrie Query: returning proof (363 bytes)
🗑️ AccTrie Delete: keyword='business', fid='busi_00000969' (removing entire key)
🗑️ AccTrie Delete: post-delete root_hash=[e6, 76, ee, ec, 7e, 3b, 9c, 77]...
⚠️ AccTrie Delete: keyword='business' not found in storage
🗑️ AccTrie Delete: keyword='business', fid='busi_00000969' (removing entire key)
⚠️ AccTrie Delete: delete entire key failed: Key not found
🗑️ AccTrie Delete: post-delete root_hash=[e6, 76, ee, ec, 7e, 3b, 9c, 77]...
🔍 AccTrie Query: keyword='business', found 1 fids
🔍 AccTrie Query: returning proof (363 bytes)
🗑️ AccTrie Delete: keyword='business', fid='busi_00000970' (removing entire key)
🗑️ AccTrie Delete: post-delete root_hash=[e6, 76, ee, ec, 7e, 3b, 9c, 77]...
⚠️ AccTrie Delete: keyword='business' not found in storage
🗑️ AccTrie Delete: keyword='business', fid='busi_00000970' (removing entire key)
⚠️ AccTrie Delete: delete entire key failed: Key not found
🗑️ AccTrie Delete: post-delete root_hash=[e6, 76, ee, ec, 7e, 3b, 9c, 77]...
🔧 AccTrie Add: keyword='theory', fid='scie_00000971' (success)
🔧 AccTrie Add: proof size=570 bytes, root_hash=[ae, 70, 50, 45, fa, cf, 0d, 9d]...
🗑️ AccTrie Delete: keyword='physics', fid='scie_00000971' (removing entire key)
🗑️ AccTrie Delete: post-delete root_hash=[9d, 21, 0c, be, 60, 0a, e1, 8c]...
🗑️ AccTrie Delete: keyword='theory', fid='scie_00000971' (removing entire key)
🗑️ AccTrie Delete: post-delete root_hash=[e6, 76, ee, ec, 7e, 3b, 9c, 77]...
🔧 AccTrie Add: keyword='update', fid='news_00000972' (success)
🔧 AccTrie Add: proof size=570 bytes, root_hash=[fd, da, 9b, 36, bf, 8d, 7b, 4e]...
🗑️ AccTrie Delete: keyword='update', fid='news_00000972' (removing entire key)
🗑️ AccTrie Delete: post-delete root_hash=[f5, 35, 2c, 81, 14, ca, fe, a2]...
🗑️ AccTrie Delete: keyword='government', fid='news_00000972' (removing entire key)
🗑️ AccTrie Delete: post-delete root_hash=[e6, 76, ee, ec, 7e, 3b, 9c, 77]...
🔧 AccTrie Add: keyword='lecture', fid='educ_00000973' (success)
🔧 AccTrie Add: proof size=571 bytes, root_hash=[89, 34, 4e, ae, 50, 67, 8b, 50]...
🗑️ AccTrie Delete: keyword='university', fid='educ_00000973' (removing entire key)
🗑️ AccTrie Delete: post-delete root_hash=[f3, ff, 9f, de, 2e, 21, 08, 3e]...
🗑️ AccTrie Delete: keyword='lecture', fid='educ_00000973' (removing entire key)
🗑️ AccTrie Delete: post-delete root_hash=[e6, 76, ee, ec, 7e, 3b, 9c, 77]...
🔍 AccTrie Query: keyword='business', found 1 fids
🔍 AccTrie Query: returning proof (463 bytes)
🗑️ AccTrie Delete: keyword='business', fid='busi_00000974' (removing entire key)
🗑️ AccTrie Delete: post-delete root_hash=[6e, eb, 5c, fc, dd, d6, 7b, ed]...
🔧 AccTrie Add: keyword='strategy', fid='busi_00000974' (success)
🔧 AccTrie Add: proof size=472 bytes, root_hash=[6e, eb, 5c, fc, dd, d6, 7b, ed]...
⚠️ AccTrie Delete: keyword='business' not found in storage
🗑️ AccTrie Delete: keyword='business', fid='busi_00000974' (removing entire key)
⚠️ AccTrie Delete: delete entire key failed: Key not found
🗑️ AccTrie Delete: post-delete root_hash=[6e, eb, 5c, fc, dd, d6, 7b, ed]...
🗑️ AccTrie Delete: keyword='strategy', fid='busi_00000974' (removing entire key)
🗑️ AccTrie Delete: post-delete root_hash=[e6, 76, ee, ec, 7e, 3b, 9c, 77]...
🗑️ AccTrie Delete: keyword='course', fid='educ_00000975' (removing entire key)
🗑️ AccTrie Delete: post-delete root_hash=[e6, 76, ee, ec, 7e, 3b, 9c, 77]...
🔧 AccTrie Add: keyword='report', fid='news_00000979' (success)
🔧 AccTrie Add: proof size=470 bytes, root_hash=[a3, e8, c8, 7e, 69, 1a, d5, 7a]...
🗑️ AccTrie Delete: keyword='report', fid='news_00000979' (removing entire key)
🗑️ AccTrie Delete: post-delete root_hash=[e6, 76, ee, ec, 7e, 3b, 9c, 77]...
🔍 AccTrie Query: keyword='business', found 1 fids
🔍 AccTrie Query: returning proof (363 bytes)
🗑️ AccTrie Delete: keyword='business', fid='busi_00000980' (removing entire key)
🗑️ AccTrie Delete: post-delete root_hash=[e6, 76, ee, ec, 7e, 3b, 9c, 77]...
⚠️ AccTrie Delete: keyword='business' not found in storage
🗑️ AccTrie Delete: keyword='business', fid='busi_00000980' (removing entire key)
⚠️ AccTrie Delete: delete entire key failed: Key not found
🗑️ AccTrie Delete: post-delete root_hash=[e6, 76, ee, ec, 7e, 3b, 9c, 77]...
🔍 AccTrie Query: keyword='environment', found 1 fids
🔍 AccTrie Query: returning proof (466 bytes)
🗑️ AccTrie Delete: keyword='environment', fid='envi_00000981' (removing entire key)
🗑️ AccTrie Delete: post-delete root_hash=[40, f5, 9e, 4e, dd, 50, 8b, 44]...
🔧 AccTrie Add: keyword='ecology', fid='envi_00000981' (success)
🔧 AccTrie Add: proof size=471 bytes, root_hash=[40, f5, 9e, 4e, dd, 50, 8b, 44]...
🗑️ AccTrie Delete: keyword='ecology', fid='envi_00000981' (removing entire key)
🗑️ AccTrie Delete: post-delete root_hash=[e6, 76, ee, ec, 7e, 3b, 9c, 77]...
⚠️ AccTrie Delete: keyword='environment' not found in storage
🗑️ AccTrie Delete: keyword='environment', fid='envi_00000981' (removing entire key)
⚠️ AccTrie Delete: delete entire key failed: Key not found
🗑️ AccTrie Delete: post-delete root_hash=[e6, 76, ee, ec, 7e, 3b, 9c, 77]...
🔍 AccTrie Query: keyword='business', found 1 fids
🔍 AccTrie Query: returning proof (463 bytes)
🗑️ AccTrie Delete: keyword='business', fid='busi_00000982' (removing entire key)
🗑️ AccTrie Delete: post-delete root_hash=[07, 94, fd, 15, 1d, 03, 87, a1]...
🔧 AccTrie Add: keyword='strategy', fid='busi_00000982' (success)
🔧 AccTrie Add: proof size=472 bytes, root_hash=[07, 94, fd, 15, 1d, 03, 87, a1]...
⚠️ AccTrie Delete: keyword='business' not found in storage
🗑️ AccTrie Delete: keyword='business', fid='busi_00000982' (removing entire key)
⚠️ AccTrie Delete: delete entire key failed: Key not found
🗑️ AccTrie Delete: post-delete root_hash=[07, 94, fd, 15, 1d, 03, 87, a1]...
🗑️ AccTrie Delete: keyword='strategy', fid='busi_00000982' (removing entire key)
🗑️ AccTrie Delete: post-delete root_hash=[e6, 76, ee, ec, 7e, 3b, 9c, 77]...
🔧 AccTrie Add: keyword='experiment', fid='scie_00000983' (success)
🔧 AccTrie Add: proof size=674 bytes, root_hash=[5c, e6, c2, 77, 6f, c4, 12, b9]...
🗑️ AccTrie Delete: keyword='experiment', fid='scie_00000983' (removing entire key)
🗑️ AccTrie Delete: post-delete root_hash=[ac, 63, 94, b6, 9a, 98, 70, a1]...
🗑️ AccTrie Delete: keyword='physics', fid='scie_00000983' (removing entire key)
🗑️ AccTrie Delete: post-delete root_hash=[ed, 37, 13, a9, 1b, 8f, 8b, ea]...
🗑️ AccTrie Delete: keyword='theory', fid='scie_00000983' (removing entire key)
🗑️ AccTrie Delete: post-delete root_hash=[e6, 76, ee, ec, 7e, 3b, 9c, 77]...
🔍 AccTrie Query: keyword='technology', found 1 fids
🔍 AccTrie Query: returning proof (465 bytes)
🗑️ AccTrie Delete: keyword='technology', fid='tech_00000985' (removing entire key)
🗑️ AccTrie Delete: post-delete root_hash=[ff, fc, 33, c1, 89, 91, 41, 13]...
🔧 AccTrie Add: keyword='software', fid='tech_00000985' (success)
🔧 AccTrie Add: proof size=472 bytes, root_hash=[ff, fc, 33, c1, 89, 91, 41, 13]...
🗑️ AccTrie Delete: keyword='software', fid='tech_00000985' (removing entire key)
🗑️ AccTrie Delete: post-delete root_hash=[e6, 76, ee, ec, 7e, 3b, 9c, 77]...
⚠️ AccTrie Delete: keyword='technology' not found in storage
🗑️ AccTrie Delete: keyword='technology', fid='tech_00000985' (removing entire key)
⚠️ AccTrie Delete: delete entire key failed: Key not found
🗑️ AccTrie Delete: post-delete root_hash=[e6, 76, ee, ec, 7e, 3b, 9c, 77]...
🔧 AccTrie Add: keyword='laboratory', fid='scie_00000986' (success)
🔧 AccTrie Add: proof size=574 bytes, root_hash=[d4, a7, ce, b0, 79, 95, 1f, 37]...
🗑️ AccTrie Delete: keyword='laboratory', fid='scie_00000986' (removing entire key)
🗑️ AccTrie Delete: post-delete root_hash=[dd, f7, bd, d3, 85, e9, a1, 20]...
🗑️ AccTrie Delete: keyword='research', fid='scie_00000986' (removing entire key)
🗑️ AccTrie Delete: post-delete root_hash=[e6, 76, ee, ec, 7e, 3b, 9c, 77]...
🔧 AccTrie Add: keyword='update', fid='news_00000987' (success)
🔧 AccTrie Add: proof size=570 bytes, root_hash=[f8, c1, d7, c4, 88, e7, b8, 82]...
🗑️ AccTrie Delete: keyword='report', fid='news_00000987' (removing entire key)
🗑️ AccTrie Delete: post-delete root_hash=[6d, 40, b8, 94, 0f, 47, ee, 03]...
🗑️ AccTrie Delete: keyword='update', fid='news_00000987' (removing entire key)
🗑️ AccTrie Delete: post-delete root_hash=[e6, 76, ee, ec, 7e, 3b, 9c, 77]...
🔍 AccTrie Query: keyword='health', found 1 fids
🔍 AccTrie Query: returning proof (361 bytes)
🗑️ AccTrie Delete: keyword='health', fid='heal_00000988' (removing entire key)
🗑️ AccTrie Delete: post-delete root_hash=[e6, 76, ee, ec, 7e, 3b, 9c, 77]...
⚠️ AccTrie Delete: keyword='health' not found in storage
🗑️ AccTrie Delete: keyword='health', fid='heal_00000988' (removing entire key)
⚠️ AccTrie Delete: delete entire key failed: Key not found
🗑️ AccTrie Delete: post-delete root_hash=[e6, 76, ee, ec, 7e, 3b, 9c, 77]...
🔍 AccTrie Query: keyword='business', found 1 fids
🔍 AccTrie Query: returning proof (463 bytes)
🗑️ AccTrie Delete: keyword='business', fid='busi_00000989' (removing entire key)
🗑️ AccTrie Delete: post-delete root_hash=[05, b8, a7, 4f, fa, 21, b6, 2a]...
⚠️ AccTrie Delete: keyword='business' not found in storage
🗑️ AccTrie Delete: keyword='business', fid='busi_00000989' (removing entire key)
⚠️ AccTrie Delete: delete entire key failed: Key not found
🗑️ AccTrie Delete: post-delete root_hash=[05, b8, a7, 4f, fa, 21, b6, 2a]...
🗑️ AccTrie Delete: keyword='strategy', fid='busi_00000989' (removing entire key)
🗑️ AccTrie Delete: post-delete root_hash=[e6, 76, ee, ec, 7e, 3b, 9c, 77]...
🔧 AccTrie Add: keyword='scholarship', fid='educ_00000990' (success)
🔧 AccTrie Add: proof size=475 bytes, root_hash=[5b, c3, a7, ee, 18, 74, b0, 30]...
🗑️ AccTrie Delete: keyword='scholarship', fid='educ_00000990' (removing entire key)
🗑️ AccTrie Delete: post-delete root_hash=[e6, 76, ee, ec, 7e, 3b, 9c, 77]...
🔍 AccTrie Query: keyword='business', found 1 fids
🔍 AccTrie Query: returning proof (463 bytes)
🗑️ AccTrie Delete: keyword='business', fid='busi_00000991' (removing entire key)
🗑️ AccTrie Delete: post-delete root_hash=[4b, a0, bf, f7, c5, 51, 2a, b4]...
🔧 AccTrie Add: keyword='analytics', fid='busi_00000991' (success)
🔧 AccTrie Add: proof size=473 bytes, root_hash=[4b, a0, bf, f7, c5, 51, 2a, b4]...
🗑️ AccTrie Delete: keyword='analytics', fid='busi_00000991' (removing entire key)
🗑️ AccTrie Delete: post-delete root_hash=[e6, 76, ee, ec, 7e, 3b, 9c, 77]...
⚠️ AccTrie Delete: keyword='business' not found in storage
🗑️ AccTrie Delete: keyword='business', fid='busi_00000991' (removing entire key)
⚠️ AccTrie Delete: delete entire key failed: Key not found
🗑️ AccTrie Delete: post-delete root_hash=[e6, 76, ee, ec, 7e, 3b, 9c, 77]...
🔧 AccTrie Add: keyword='scholarship', fid='educ_00000992' (success)
🔧 AccTrie Add: proof size=475 bytes, root_hash=[16, 8e, de, 92, 01, c0, de, 7b]...
🗑️ AccTrie Delete: keyword='scholarship', fid='educ_00000992' (removing entire key)
🗑️ AccTrie Delete: post-delete root_hash=[e6, 76, ee, ec, 7e, 3b, 9c, 77]...
🔍 AccTrie Query: keyword='sports', found 1 fids
🔍 AccTrie Query: returning proof (361 bytes)
🗑️ AccTrie Delete: keyword='sports', fid='spor_00000993' (removing entire key)
🗑️ AccTrie Delete: post-delete root_hash=[e6, 76, ee, ec, 7e, 3b, 9c, 77]...
⚠️ AccTrie Delete: keyword='sports' not found in storage
🗑️ AccTrie Delete: keyword='sports', fid='spor_00000993' (removing entire key)
⚠️ AccTrie Delete: delete entire key failed: Key not found
🗑️ AccTrie Delete: post-delete root_hash=[e6, 76, ee, ec, 7e, 3b, 9c, 77]...
🔧 AccTrie Add: keyword='crisis', fid='news_00000994' (success)
🔧 AccTrie Add: proof size=570 bytes, root_hash=[ac, 90, cb, c9, 16, ea, cc, a8]...
🗑️ AccTrie Delete: keyword='crisis', fid='news_00000994' (removing entire key)
🗑️ AccTrie Delete: post-delete root_hash=[e6, fc, 68, 34, cb, a6, 72, 35]...
🗑️ AccTrie Delete: keyword='policy', fid='news_00000994' (removing entire key)
🗑️ AccTrie Delete: post-delete root_hash=[e6, 76, ee, ec, 7e, 3b, 9c, 77]...
🔍 AccTrie Query: keyword='technology', found 1 fids
🔍 AccTrie Query: returning proof (365 bytes)
🗑️ AccTrie Delete: keyword='technology', fid='tech_00000995' (removing entire key)
🗑️ AccTrie Delete: post-delete root_hash=[e6, 76, ee, ec, 7e, 3b, 9c, 77]...
⚠️ AccTrie Delete: keyword='technology' not found in storage
🗑️ AccTrie Delete: keyword='technology', fid='tech_00000995' (removing entire key)
⚠️ AccTrie Delete: delete entire key failed: Key not found
🗑️ AccTrie Delete: post-delete root_hash=[e6, 76, ee, ec, 7e, 3b, 9c, 77]...
🔍 AccTrie Query: keyword='business', found 1 fids
🔍 AccTrie Query: returning proof (463 bytes)
🗑️ AccTrie Delete: keyword='business', fid='busi_00000996' (removing entire key)
🗑️ AccTrie Delete: post-delete root_hash=[5a, 2e, 86, 60, 2b, 19, e0, 8c]...
⚠️ AccTrie Delete: keyword='business' not found in storage
🗑️ AccTrie Delete: keyword='business', fid='busi_00000996' (removing entire key)
⚠️ AccTrie Delete: delete entire key failed: Key not found
🗑️ AccTrie Delete: post-delete root_hash=[5a, 2e, 86, 60, 2b, 19, e0, 8c]...
🗑️ AccTrie Delete: keyword='startup', fid='busi_00000996' (removing entire key)
🗑️ AccTrie Delete: post-delete root_hash=[e6, 76, ee, ec, 7e, 3b, 9c, 77]...
🔍 AccTrie Query: keyword='business', found 1 fids
🔍 AccTrie Query: returning proof (363 bytes)
🗑️ AccTrie Delete: keyword='business', fid='busi_00000997' (removing entire key)
🗑️ AccTrie Delete: post-delete root_hash=[e6, 76, ee, ec, 7e, 3b, 9c, 77]...
⚠️ AccTrie Delete: keyword='business' not found in storage
🗑️ AccTrie Delete: keyword='business', fid='busi_00000997' (removing entire key)
⚠️ AccTrie Delete: delete entire key failed: Key not found
🗑️ AccTrie Delete: post-delete root_hash=[e6, 76, ee, ec, 7e, 3b, 9c, 77]...
🔧 AccTrie Add: keyword='family', fid='life_00000998' (success)
🔧 AccTrie Add: proof size=570 bytes, root_hash=[c4, e0, c1, 0a, 0e, 94, 1b, 69]...
🗑️ AccTrie Delete: keyword='recipe', fid='life_00000998' (removing entire key)
🗑️ AccTrie Delete: post-delete root_hash=[fd, 4b, 8a, 7e, 96, 89, db, 5e]...
🗑️ AccTrie Delete: keyword='family', fid='life_00000998' (removing entire key)
🗑️ AccTrie Delete: post-delete root_hash=[e6, 76, ee, ec, 7e, 3b, 9c, 77]...
🔧 AccTrie Add: keyword='domestic', fid='news_00000999' (success)
🔧 AccTrie Add: proof size=572 bytes, root_hash=[b3, 62, d9, 7c, 67, f2, 26, 1e]...
🗑️ AccTrie Delete: keyword='policy', fid='news_00000999' (removing entire key)
🗑️ AccTrie Delete: post-delete root_hash=[d0, f1, ee, 76, 9c, b3, 70, 45]...
🗑️ AccTrie Delete: keyword='domestic', fid='news_00000999' (removing entire key)
🗑️ AccTrie Delete: post-delete root_hash=[e6, 76, ee, ec, 7e, 3b, 9c, 77]...
