warning: profiles for the non root package will be ignored, specify profiles at the workspace root:
package:   /root/distributed-storage-system/crates/storager/ads_lib/Cargo.toml
workspace: /root/distributed-storage-system/Cargo.toml
warning: value assigned to `is_change` is never read
   --> crates/storager/ads_lib/src/mpt/mpt.rs:256:21
    |
256 |             let mut is_change = false;
    |                     ^^^^^^^^^
    |
    = help: maybe it is overwritten before being read?
    = note: `#[warn(unused_assignments)]` on by default

warning: value assigned to `is_change` is never read
   --> crates/storager/ads_lib/src/mpt/mpt.rs:462:25
    |
462 |                 let mut is_change = false;
    |                         ^^^^^^^^^
    |
    = help: maybe it is overwritten before being read?

warning: unused variable: `had_value`
   --> crates/storager/ads_lib/src/mpt/mpt.rs:526:21
    |
526 |                 let had_value = !old_value_str.is_empty();
    |                     ^^^^^^^^^ help: if this is intentional, prefix it with an underscore: `_had_value`
    |
    = note: `#[warn(unused_variables)]` on by default

warning: associated functions `short_node_batch_fix` and `full_node_batch_fix` are never used
    --> crates/storager/ads_lib/src/mpt/mpt.rs:1743:8
     |
  50 | impl MPT {
     | -------- associated functions in this implementation
...
1743 |     fn short_node_batch_fix(node: Arc<RwLock<ShortNode>>) -> Result<(), MPTError> {
     |        ^^^^^^^^^^^^^^^^^^^^
...
1748 |     fn full_node_batch_fix(node: Arc<RwLock<FullNode>>) -> Result<(), MPTError> {
     |        ^^^^^^^^^^^^^^^^^^^
     |
     = note: `#[warn(dead_code)]` on by default

warning: function `hash_mgt_node` is never used
   --> crates/storager/ads_lib/src/mest/proof.rs:253:4
    |
253 | fn hash_mgt_node(children: &[[u8; 32]]) -> [u8; 32] {
    |    ^^^^^^^^^^^^^

warning: `ads_rust` (lib) generated 5 warnings
warning: unused variable: `acc_old`
   --> crates/common/src/verification.rs:721:13
    |
721 |         let acc_old = match G1Affine::deserialize_uncompressed(&proof[offset..offset + acc_old_len]) {
    |             ^^^^^^^ help: if this is intentional, prefix it with an underscore: `_acc_old`
    |
    = note: `#[warn(unused_variables)]` on by default

warning: `common` (lib) generated 1 warning
warning: unused imports: `Digest` and `Sha256`
   --> crates/storager/src/ads/acctrie_ads.rs:452:20
    |
452 |         use sha2::{Digest, Sha256};
    |                    ^^^^^^  ^^^^^^
    |
    = note: `#[warn(unused_imports)]` on by default

warning: `storager` (lib) generated 1 warning (run `cargo fix --lib -p storager` to apply 1 suggestion)
    Finished `release` profile [optimized] target(s) in 0.15s
     Running `target/release/storager 50066 mest`
🔧 MEST Add: keyword='science', fid='scie_00000000'
🔧 MEST Add: proof size=157 bytes, root_hash=[43, 2a, 79, c2, 6b, d8, 52, 69]...
🔍 MEST Query: keyword='science', found 1 fids
🔍 MEST Query: returning proof (157 bytes)
🗑️ MEST Delete: keyword='science', fid='scie_00000000' (key completely removed)
🗑️ MEST Delete: post-delete root_hash=[e3, b0, c4, 42, 98, fc, 1c, 14]...
🗑️ MEST Delete: keyword='science', fid='scie_00000000' (key completely removed)
🗑️ MEST Delete: post-delete root_hash=[e3, b0, c4, 42, 98, fc, 1c, 14]...
🔧 MEST Add: keyword='health', fid='heal_00000002'
🔧 MEST Add: proof size=156 bytes, root_hash=[ca, 4f, 14, 44, 85, bc, 3e, a5]...
🔍 MEST Query: keyword='health', found 1 fids
🔍 MEST Query: returning proof (156 bytes)
🗑️ MEST Delete: keyword='health', fid='heal_00000002' (key completely removed)
🗑️ MEST Delete: post-delete root_hash=[e3, b0, c4, 42, 98, fc, 1c, 14]...
🗑️ MEST Delete: keyword='health', fid='heal_00000002' (key completely removed)
🗑️ MEST Delete: post-delete root_hash=[e3, b0, c4, 42, 98, fc, 1c, 14]...
🔧 MEST Add: keyword='science', fid='scie_00000008'
🔧 MEST Add: proof size=157 bytes, root_hash=[90, 6a, 98, 13, 6c, 32, 59, e9]...
🔍 MEST Query: keyword='science', found 1 fids
🔍 MEST Query: returning proof (157 bytes)
🗑️ MEST Delete: keyword='science', fid='scie_00000008' (key completely removed)
🗑️ MEST Delete: post-delete root_hash=[e3, b0, c4, 42, 98, fc, 1c, 14]...
🗑️ MEST Delete: keyword='science', fid='scie_00000008' (key completely removed)
🗑️ MEST Delete: post-delete root_hash=[e3, b0, c4, 42, 98, fc, 1c, 14]...
🔧 MEST Add: keyword='enterprise', fid='busi_00000009'
🔧 MEST Add: proof size=160 bytes, root_hash=[cc, 63, 5b, b6, c0, 24, 92, b3]...
🔧 MEST Add: keyword='enterprise', fid='busi_00000009'
🔧 MEST Add: proof size=160 bytes, root_hash=[cc, 63, 5b, b6, c0, 24, 92, b3]...
🗑️ MEST Delete: keyword='enterprise', fid='busi_00000009' (key completely removed)
🗑️ MEST Delete: post-delete root_hash=[e3, b0, c4, 42, 98, fc, 1c, 14]...
🔧 MEST Add: keyword='cybersecurity', fid='tech_00000010'
🔧 MEST Add: proof size=163 bytes, root_hash=[d3, 81, 87, e2, 99, 93, e0, 37]...
🗑️ MEST Delete: keyword='cybersecurity', fid='tech_00000010' (key completely removed)
🗑️ MEST Delete: post-delete root_hash=[e3, b0, c4, 42, 98, fc, 1c, 14]...
🔧 MEST Add: keyword='science', fid='scie_00000011'
🔧 MEST Add: proof size=157 bytes, root_hash=[4b, ab, 40, 6f, fc, 65, 37, a6]...
🔍 MEST Query: keyword='science', found 1 fids
🔍 MEST Query: returning proof (157 bytes)
🗑️ MEST Delete: keyword='science', fid='scie_00000011' (key completely removed)
🗑️ MEST Delete: post-delete root_hash=[e3, b0, c4, 42, 98, fc, 1c, 14]...
🗑️ MEST Delete: keyword='science', fid='scie_00000011' (key completely removed)
🗑️ MEST Delete: post-delete root_hash=[e3, b0, c4, 42, 98, fc, 1c, 14]...
🔧 MEST Add: keyword='health', fid='heal_00000018'
🔧 MEST Add: proof size=156 bytes, root_hash=[2c, cd, 17, 74, bf, d7, 67, f3]...
🔍 MEST Query: keyword='health', found 1 fids
🔍 MEST Query: returning proof (156 bytes)
🗑️ MEST Delete: keyword='health', fid='heal_00000018' (key completely removed)
🗑️ MEST Delete: post-delete root_hash=[e3, b0, c4, 42, 98, fc, 1c, 14]...
🗑️ MEST Delete: keyword='health', fid='heal_00000018' (key completely removed)
🗑️ MEST Delete: post-delete root_hash=[e3, b0, c4, 42, 98, fc, 1c, 14]...
🔧 MEST Add: keyword='enterprise', fid='busi_00000028'
🔧 MEST Add: proof size=160 bytes, root_hash=[a2, d8, d0, 53, 20, 3b, d3, 9e]...
🗑️ MEST Delete: keyword='enterprise', fid='busi_00000028' (key completely removed)
🗑️ MEST Delete: post-delete root_hash=[e3, b0, c4, 42, 98, fc, 1c, 14]...
🔧 MEST Add: keyword='science', fid='scie_00000030'
🔧 MEST Add: proof size=157 bytes, root_hash=[9e, 1a, 92, 3b, d1, d7, 41, 07]...
🔍 MEST Query: keyword='science', found 1 fids
🔍 MEST Query: returning proof (157 bytes)
🗑️ MEST Delete: keyword='science', fid='scie_00000030' (key completely removed)
🗑️ MEST Delete: post-delete root_hash=[e3, b0, c4, 42, 98, fc, 1c, 14]...
🗑️ MEST Delete: keyword='science', fid='scie_00000030' (key completely removed)
🗑️ MEST Delete: post-delete root_hash=[e3, b0, c4, 42, 98, fc, 1c, 14]...
🔧 MEST Add: keyword='cybersecurity', fid='tech_00000036'
🔧 MEST Add: proof size=163 bytes, root_hash=[40, 45, 2d, a9, 65, 28, d2, 7f]...
🔧 MEST Add: keyword='cybersecurity', fid='tech_00000036'
🔧 MEST Add: proof size=163 bytes, root_hash=[40, 45, 2d, a9, 65, 28, d2, 7f]...
🗑️ MEST Delete: keyword='cybersecurity', fid='tech_00000036' (key completely removed)
🗑️ MEST Delete: post-delete root_hash=[e3, b0, c4, 42, 98, fc, 1c, 14]...
🔧 MEST Add: keyword='streaming', fid='ente_00000037'
🔧 MEST Add: proof size=159 bytes, root_hash=[6e, 33, a7, 08, 2e, ef, da, 12]...
🔧 MEST Add: keyword='streaming', fid='ente_00000037'
🔧 MEST Add: proof size=159 bytes, root_hash=[6e, 33, a7, 08, 2e, ef, da, 12]...
🗑️ MEST Delete: keyword='streaming', fid='ente_00000037' (key completely removed)
🗑️ MEST Delete: post-delete root_hash=[e3, b0, c4, 42, 98, fc, 1c, 14]...
🔧 MEST Add: keyword='health', fid='heal_00000039'
🔧 MEST Add: proof size=156 bytes, root_hash=[fa, e9, 06, 04, 76, a4, 3c, ba]...
🔍 MEST Query: keyword='health', found 1 fids
🔍 MEST Query: returning proof (156 bytes)
🗑️ MEST Delete: keyword='health', fid='heal_00000039' (key completely removed)
🗑️ MEST Delete: post-delete root_hash=[e3, b0, c4, 42, 98, fc, 1c, 14]...
🗑️ MEST Delete: keyword='health', fid='heal_00000039' (key completely removed)
🗑️ MEST Delete: post-delete root_hash=[e3, b0, c4, 42, 98, fc, 1c, 14]...
🔧 MEST Add: keyword='science', fid='scie_00000041'
🔧 MEST Add: proof size=157 bytes, root_hash=[da, d9, 86, 71, 96, 0b, ce, 9b]...
🔍 MEST Query: keyword='science', found 1 fids
🔍 MEST Query: returning proof (157 bytes)
🗑️ MEST Delete: keyword='science', fid='scie_00000041' (key completely removed)
🗑️ MEST Delete: post-delete root_hash=[e3, b0, c4, 42, 98, fc, 1c, 14]...
🗑️ MEST Delete: keyword='science', fid='scie_00000041' (key completely removed)
🗑️ MEST Delete: post-delete root_hash=[e3, b0, c4, 42, 98, fc, 1c, 14]...
🔧 MEST Add: keyword='health', fid='heal_00000043'
🔧 MEST Add: proof size=156 bytes, root_hash=[43, 68, 49, eb, 49, 81, 2e, 0c]...
🔍 MEST Query: keyword='health', found 1 fids
🔍 MEST Query: returning proof (156 bytes)
🗑️ MEST Delete: keyword='health', fid='heal_00000043' (key completely removed)
🗑️ MEST Delete: post-delete root_hash=[e3, b0, c4, 42, 98, fc, 1c, 14]...
🗑️ MEST Delete: keyword='health', fid='heal_00000043' (key completely removed)
🗑️ MEST Delete: post-delete root_hash=[e3, b0, c4, 42, 98, fc, 1c, 14]...
🔧 MEST Add: keyword='science', fid='scie_00000046'
🔧 MEST Add: proof size=157 bytes, root_hash=[0b, ea, ea, 8f, ac, 56, 4f, 26]...
🔍 MEST Query: keyword='science', found 1 fids
🔍 MEST Query: returning proof (157 bytes)
🗑️ MEST Delete: keyword='science', fid='scie_00000046' (key completely removed)
🗑️ MEST Delete: post-delete root_hash=[e3, b0, c4, 42, 98, fc, 1c, 14]...
🗑️ MEST Delete: keyword='science', fid='scie_00000046' (key completely removed)
🗑️ MEST Delete: post-delete root_hash=[e3, b0, c4, 42, 98, fc, 1c, 14]...
🔧 MEST Add: keyword='health', fid='heal_00000047'
🔧 MEST Add: proof size=156 bytes, root_hash=[f4, 67, 5b, 29, 2b, 3f, a5, f0]...
🔍 MEST Query: keyword='health', found 1 fids
🔍 MEST Query: returning proof (156 bytes)
🗑️ MEST Delete: keyword='health', fid='heal_00000047' (key completely removed)
🗑️ MEST Delete: post-delete root_hash=[e3, b0, c4, 42, 98, fc, 1c, 14]...
🗑️ MEST Delete: keyword='health', fid='heal_00000047' (key completely removed)
🗑️ MEST Delete: post-delete root_hash=[e3, b0, c4, 42, 98, fc, 1c, 14]...
🔧 MEST Add: keyword='science', fid='scie_00000048'
🔧 MEST Add: proof size=157 bytes, root_hash=[47, 22, 98, b0, 23, 14, ba, 76]...
🔍 MEST Query: keyword='science', found 1 fids
🔍 MEST Query: returning proof (157 bytes)
🗑️ MEST Delete: keyword='science', fid='scie_00000048' (key completely removed)
🗑️ MEST Delete: post-delete root_hash=[e3, b0, c4, 42, 98, fc, 1c, 14]...
🗑️ MEST Delete: keyword='science', fid='scie_00000048' (key completely removed)
🗑️ MEST Delete: post-delete root_hash=[e3, b0, c4, 42, 98, fc, 1c, 14]...
🔧 MEST Add: keyword='science', fid='scie_00000050'
🔧 MEST Add: proof size=157 bytes, root_hash=[fc, 45, 11, 3e, 13, 6d, b0, 32]...
🔍 MEST Query: keyword='science', found 1 fids
🔍 MEST Query: returning proof (157 bytes)
🗑️ MEST Delete: keyword='science', fid='scie_00000050' (key completely removed)
🗑️ MEST Delete: post-delete root_hash=[e3, b0, c4, 42, 98, fc, 1c, 14]...
🗑️ MEST Delete: keyword='science', fid='scie_00000050' (key completely removed)
🗑️ MEST Delete: post-delete root_hash=[e3, b0, c4, 42, 98, fc, 1c, 14]...
🔧 MEST Add: keyword='science', fid='scie_00000054'
🔧 MEST Add: proof size=157 bytes, root_hash=[b8, db, 82, 88, f6, 9b, 6d, 08]...
🔍 MEST Query: keyword='science', found 1 fids
🔍 MEST Query: returning proof (157 bytes)
🗑️ MEST Delete: keyword='science', fid='scie_00000054' (key completely removed)
🗑️ MEST Delete: post-delete root_hash=[e3, b0, c4, 42, 98, fc, 1c, 14]...
🗑️ MEST Delete: keyword='science', fid='scie_00000054' (key completely removed)
🗑️ MEST Delete: post-delete root_hash=[e3, b0, c4, 42, 98, fc, 1c, 14]...
🔧 MEST Add: keyword='science', fid='scie_00000063'
🔧 MEST Add: proof size=157 bytes, root_hash=[09, 0b, e5, a9, 27, ca, b6, de]...
🔍 MEST Query: keyword='science', found 1 fids
🔍 MEST Query: returning proof (157 bytes)
🗑️ MEST Delete: keyword='science', fid='scie_00000063' (key completely removed)
🗑️ MEST Delete: post-delete root_hash=[e3, b0, c4, 42, 98, fc, 1c, 14]...
🗑️ MEST Delete: keyword='science', fid='scie_00000063' (key completely removed)
🗑️ MEST Delete: post-delete root_hash=[e3, b0, c4, 42, 98, fc, 1c, 14]...
🔧 MEST Add: keyword='science', fid='scie_00000068'
🔧 MEST Add: proof size=157 bytes, root_hash=[f2, 95, 78, b7, f7, 56, b1, 32]...
🔍 MEST Query: keyword='science', found 1 fids
🔍 MEST Query: returning proof (157 bytes)
🗑️ MEST Delete: keyword='science', fid='scie_00000068' (key completely removed)
🗑️ MEST Delete: post-delete root_hash=[e3, b0, c4, 42, 98, fc, 1c, 14]...
🗑️ MEST Delete: keyword='science', fid='scie_00000068' (key completely removed)
🗑️ MEST Delete: post-delete root_hash=[e3, b0, c4, 42, 98, fc, 1c, 14]...
🔧 MEST Add: keyword='health', fid='heal_00000073'
🔧 MEST Add: proof size=156 bytes, root_hash=[95, 86, 46, f5, c9, c0, 60, 30]...
🔍 MEST Query: keyword='health', found 1 fids
🔍 MEST Query: returning proof (156 bytes)
🗑️ MEST Delete: keyword='health', fid='heal_00000073' (key completely removed)
🗑️ MEST Delete: post-delete root_hash=[e3, b0, c4, 42, 98, fc, 1c, 14]...
🗑️ MEST Delete: keyword='health', fid='heal_00000073' (key completely removed)
🗑️ MEST Delete: post-delete root_hash=[e3, b0, c4, 42, 98, fc, 1c, 14]...
🔧 MEST Add: keyword='science', fid='scie_00000080'
🔧 MEST Add: proof size=157 bytes, root_hash=[26, 98, ee, af, b5, ce, d2, 0a]...
🔍 MEST Query: keyword='science', found 1 fids
🔍 MEST Query: returning proof (157 bytes)
🗑️ MEST Delete: keyword='science', fid='scie_00000080' (key completely removed)
🗑️ MEST Delete: post-delete root_hash=[e3, b0, c4, 42, 98, fc, 1c, 14]...
🗑️ MEST Delete: keyword='science', fid='scie_00000080' (key completely removed)
🗑️ MEST Delete: post-delete root_hash=[e3, b0, c4, 42, 98, fc, 1c, 14]...
🔧 MEST Add: keyword='health', fid='heal_00000083'
🔧 MEST Add: proof size=156 bytes, root_hash=[82, ca, 15, be, 30, 77, 14, d3]...
🔍 MEST Query: keyword='health', found 1 fids
🔍 MEST Query: returning proof (156 bytes)
🗑️ MEST Delete: keyword='health', fid='heal_00000083' (key completely removed)
🗑️ MEST Delete: post-delete root_hash=[e3, b0, c4, 42, 98, fc, 1c, 14]...
🗑️ MEST Delete: keyword='health', fid='heal_00000083' (key completely removed)
🗑️ MEST Delete: post-delete root_hash=[e3, b0, c4, 42, 98, fc, 1c, 14]...
🔧 MEST Add: keyword='health', fid='heal_00000088'
🔧 MEST Add: proof size=156 bytes, root_hash=[35, f0, 19, c1, 69, 23, cf, aa]...
🔍 MEST Query: keyword='health', found 1 fids
🔍 MEST Query: returning proof (156 bytes)
🗑️ MEST Delete: keyword='health', fid='heal_00000088' (key completely removed)
🗑️ MEST Delete: post-delete root_hash=[e3, b0, c4, 42, 98, fc, 1c, 14]...
🗑️ MEST Delete: keyword='health', fid='heal_00000088' (key completely removed)
🗑️ MEST Delete: post-delete root_hash=[e3, b0, c4, 42, 98, fc, 1c, 14]...
🔧 MEST Add: keyword='enterprise', fid='busi_00000089'
🔧 MEST Add: proof size=160 bytes, root_hash=[07, 23, df, cd, 7c, 59, cf, 55]...
🗑️ MEST Delete: keyword='enterprise', fid='busi_00000089' (key completely removed)
🗑️ MEST Delete: post-delete root_hash=[e3, b0, c4, 42, 98, fc, 1c, 14]...
🔧 MEST Add: keyword='health', fid='heal_00000090'
🔧 MEST Add: proof size=156 bytes, root_hash=[16, d8, 97, da, be, 4b, d8, 51]...
🔍 MEST Query: keyword='health', found 1 fids
🔍 MEST Query: returning proof (156 bytes)
🗑️ MEST Delete: keyword='health', fid='heal_00000090' (key completely removed)
🗑️ MEST Delete: post-delete root_hash=[e3, b0, c4, 42, 98, fc, 1c, 14]...
🗑️ MEST Delete: keyword='health', fid='heal_00000090' (key completely removed)
🗑️ MEST Delete: post-delete root_hash=[e3, b0, c4, 42, 98, fc, 1c, 14]...
🔧 MEST Add: keyword='soccer', fid='spor_00000093'
🔧 MEST Add: proof size=156 bytes, root_hash=[4f, db, 84, e3, ad, f9, 1e, aa]...
🔧 MEST Add: keyword='soccer', fid='spor_00000093'
🔧 MEST Add: proof size=156 bytes, root_hash=[4f, db, 84, e3, ad, f9, 1e, aa]...
🗑️ MEST Delete: keyword='soccer', fid='spor_00000093' (key completely removed)
🗑️ MEST Delete: post-delete root_hash=[e3, b0, c4, 42, 98, fc, 1c, 14]...
🔧 MEST Add: keyword='health', fid='heal_00000094'
🔧 MEST Add: proof size=156 bytes, root_hash=[22, cd, e8, a2, 0b, d9, 5b, ca]...
🔍 MEST Query: keyword='health', found 1 fids
🔍 MEST Query: returning proof (156 bytes)
🗑️ MEST Delete: keyword='health', fid='heal_00000094' (key completely removed)
🗑️ MEST Delete: post-delete root_hash=[e3, b0, c4, 42, 98, fc, 1c, 14]...
🗑️ MEST Delete: keyword='health', fid='heal_00000094' (key completely removed)
🗑️ MEST Delete: post-delete root_hash=[e3, b0, c4, 42, 98, fc, 1c, 14]...
🔧 MEST Add: keyword='health', fid='heal_00000101'
🔧 MEST Add: proof size=156 bytes, root_hash=[03, 83, ab, 27, 3f, 5c, 06, a8]...
🔍 MEST Query: keyword='health', found 1 fids
🔍 MEST Query: returning proof (156 bytes)
🗑️ MEST Delete: keyword='health', fid='heal_00000101' (key completely removed)
🗑️ MEST Delete: post-delete root_hash=[e3, b0, c4, 42, 98, fc, 1c, 14]...
🗑️ MEST Delete: keyword='health', fid='heal_00000101' (key completely removed)
🗑️ MEST Delete: post-delete root_hash=[e3, b0, c4, 42, 98, fc, 1c, 14]...
🔧 MEST Add: keyword='health', fid='heal_00000104'
🔧 MEST Add: proof size=156 bytes, root_hash=[7c, 57, 64, 01, 6b, 75, 79, 99]...
🔍 MEST Query: keyword='health', found 1 fids
🔍 MEST Query: returning proof (156 bytes)
🗑️ MEST Delete: keyword='health', fid='heal_00000104' (key completely removed)
🗑️ MEST Delete: post-delete root_hash=[e3, b0, c4, 42, 98, fc, 1c, 14]...
🗑️ MEST Delete: keyword='health', fid='heal_00000104' (key completely removed)
🗑️ MEST Delete: post-delete root_hash=[e3, b0, c4, 42, 98, fc, 1c, 14]...
🔧 MEST Add: keyword='health', fid='heal_00000111'
🔧 MEST Add: proof size=156 bytes, root_hash=[ae, da, 89, 92, 88, 68, 62, 26]...
🔍 MEST Query: keyword='health', found 1 fids
🔍 MEST Query: returning proof (156 bytes)
🗑️ MEST Delete: keyword='health', fid='heal_00000111' (key completely removed)
🗑️ MEST Delete: post-delete root_hash=[e3, b0, c4, 42, 98, fc, 1c, 14]...
🗑️ MEST Delete: keyword='health', fid='heal_00000111' (key completely removed)
🗑️ MEST Delete: post-delete root_hash=[e3, b0, c4, 42, 98, fc, 1c, 14]...
🔧 MEST Add: keyword='soccer', fid='spor_00000113'
🔧 MEST Add: proof size=156 bytes, root_hash=[ff, 73, fe, 40, cb, 7c, 4f, 9b]...
🗑️ MEST Delete: keyword='soccer', fid='spor_00000113' (key completely removed)
🗑️ MEST Delete: post-delete root_hash=[e3, b0, c4, 42, 98, fc, 1c, 14]...
🔧 MEST Add: keyword='science', fid='scie_00000116'
🔧 MEST Add: proof size=157 bytes, root_hash=[6f, 27, e0, 6f, 7e, 36, a7, 06]...
🔍 MEST Query: keyword='science', found 1 fids
🔍 MEST Query: returning proof (157 bytes)
🗑️ MEST Delete: keyword='science', fid='scie_00000116' (key completely removed)
🗑️ MEST Delete: post-delete root_hash=[e3, b0, c4, 42, 98, fc, 1c, 14]...
🗑️ MEST Delete: keyword='science', fid='scie_00000116' (key completely removed)
🗑️ MEST Delete: post-delete root_hash=[e3, b0, c4, 42, 98, fc, 1c, 14]...
🔧 MEST Add: keyword='science', fid='scie_00000124'
🔧 MEST Add: proof size=157 bytes, root_hash=[19, 71, aa, 93, a4, 1a, 89, 03]...
🔍 MEST Query: keyword='science', found 1 fids
🔍 MEST Query: returning proof (157 bytes)
🗑️ MEST Delete: keyword='science', fid='scie_00000124' (key completely removed)
🗑️ MEST Delete: post-delete root_hash=[e3, b0, c4, 42, 98, fc, 1c, 14]...
🗑️ MEST Delete: keyword='science', fid='scie_00000124' (key completely removed)
🗑️ MEST Delete: post-delete root_hash=[e3, b0, c4, 42, 98, fc, 1c, 14]...
🔧 MEST Add: keyword='health', fid='heal_00000125'
🔧 MEST Add: proof size=156 bytes, root_hash=[99, 11, 86, c0, 2b, 70, 07, d2]...
🔍 MEST Query: keyword='health', found 1 fids
🔍 MEST Query: returning proof (156 bytes)
🗑️ MEST Delete: keyword='health', fid='heal_00000125' (key completely removed)
🗑️ MEST Delete: post-delete root_hash=[e3, b0, c4, 42, 98, fc, 1c, 14]...
🗑️ MEST Delete: keyword='health', fid='heal_00000125' (key completely removed)
🗑️ MEST Delete: post-delete root_hash=[e3, b0, c4, 42, 98, fc, 1c, 14]...
🔧 MEST Add: keyword='health', fid='heal_00000132'
🔧 MEST Add: proof size=156 bytes, root_hash=[16, 39, 5e, 62, 2d, 1b, 20, d8]...
🔍 MEST Query: keyword='health', found 1 fids
🔍 MEST Query: returning proof (156 bytes)
🗑️ MEST Delete: keyword='health', fid='heal_00000132' (key completely removed)
🗑️ MEST Delete: post-delete root_hash=[e3, b0, c4, 42, 98, fc, 1c, 14]...
🗑️ MEST Delete: keyword='health', fid='heal_00000132' (key completely removed)
🗑️ MEST Delete: post-delete root_hash=[e3, b0, c4, 42, 98, fc, 1c, 14]...
🔧 MEST Add: keyword='enterprise', fid='busi_00000133'
🔧 MEST Add: proof size=160 bytes, root_hash=[72, f2, 35, 6b, 87, ac, 6c, a3]...
🔧 MEST Add: keyword='enterprise', fid='busi_00000133'
🔧 MEST Add: proof size=160 bytes, root_hash=[72, f2, 35, 6b, 87, ac, 6c, a3]...
🗑️ MEST Delete: keyword='enterprise', fid='busi_00000133' (key completely removed)
🗑️ MEST Delete: post-delete root_hash=[e3, b0, c4, 42, 98, fc, 1c, 14]...
🔧 MEST Add: keyword='cybersecurity', fid='tech_00000141'
🔧 MEST Add: proof size=163 bytes, root_hash=[c0, 40, 5d, 57, f0, 3e, c9, eb]...
🗑️ MEST Delete: keyword='cybersecurity', fid='tech_00000141' (key completely removed)
🗑️ MEST Delete: post-delete root_hash=[e3, b0, c4, 42, 98, fc, 1c, 14]...
🔧 MEST Add: keyword='science', fid='scie_00000142'
🔧 MEST Add: proof size=157 bytes, root_hash=[8f, 3b, 8d, d3, ac, 34, d6, 24]...
🔍 MEST Query: keyword='science', found 1 fids
🔍 MEST Query: returning proof (157 bytes)
🗑️ MEST Delete: keyword='science', fid='scie_00000142' (key completely removed)
🗑️ MEST Delete: post-delete root_hash=[e3, b0, c4, 42, 98, fc, 1c, 14]...
🗑️ MEST Delete: keyword='science', fid='scie_00000142' (key completely removed)
🗑️ MEST Delete: post-delete root_hash=[e3, b0, c4, 42, 98, fc, 1c, 14]...
🔧 MEST Add: keyword='science', fid='scie_00000146'
🔧 MEST Add: proof size=157 bytes, root_hash=[03, 3a, 30, d8, 0e, d4, 85, c0]...
🔍 MEST Query: keyword='science', found 1 fids
🔍 MEST Query: returning proof (157 bytes)
🗑️ MEST Delete: keyword='science', fid='scie_00000146' (key completely removed)
🗑️ MEST Delete: post-delete root_hash=[e3, b0, c4, 42, 98, fc, 1c, 14]...
🗑️ MEST Delete: keyword='science', fid='scie_00000146' (key completely removed)
🗑️ MEST Delete: post-delete root_hash=[e3, b0, c4, 42, 98, fc, 1c, 14]...
🔧 MEST Add: keyword='science', fid='scie_00000152'
🔧 MEST Add: proof size=157 bytes, root_hash=[7d, f3, e4, ca, 8f, 52, a8, 9f]...
🔍 MEST Query: keyword='science', found 1 fids
🔍 MEST Query: returning proof (157 bytes)
🗑️ MEST Delete: keyword='science', fid='scie_00000152' (key completely removed)
🗑️ MEST Delete: post-delete root_hash=[e3, b0, c4, 42, 98, fc, 1c, 14]...
🗑️ MEST Delete: keyword='science', fid='scie_00000152' (key completely removed)
🗑️ MEST Delete: post-delete root_hash=[e3, b0, c4, 42, 98, fc, 1c, 14]...
🔧 MEST Add: keyword='cybersecurity', fid='tech_00000155'
🔧 MEST Add: proof size=163 bytes, root_hash=[9b, 33, 1b, 46, 52, 17, 18, e3]...
🗑️ MEST Delete: keyword='cybersecurity', fid='tech_00000155' (key completely removed)
🗑️ MEST Delete: post-delete root_hash=[e3, b0, c4, 42, 98, fc, 1c, 14]...
🔧 MEST Add: keyword='science', fid='scie_00000163'
🔧 MEST Add: proof size=157 bytes, root_hash=[da, 80, 90, 67, 09, b9, ce, 36]...
🔍 MEST Query: keyword='science', found 1 fids
🔍 MEST Query: returning proof (157 bytes)
🗑️ MEST Delete: keyword='science', fid='scie_00000163' (key completely removed)
🗑️ MEST Delete: post-delete root_hash=[e3, b0, c4, 42, 98, fc, 1c, 14]...
🗑️ MEST Delete: keyword='science', fid='scie_00000163' (key completely removed)
🗑️ MEST Delete: post-delete root_hash=[e3, b0, c4, 42, 98, fc, 1c, 14]...
🔧 MEST Add: keyword='health', fid='heal_00000171'
🔧 MEST Add: proof size=156 bytes, root_hash=[06, 35, eb, f9, 6c, c7, 8a, cf]...
🔍 MEST Query: keyword='health', found 1 fids
🔍 MEST Query: returning proof (156 bytes)
🗑️ MEST Delete: keyword='health', fid='heal_00000171' (key completely removed)
🗑️ MEST Delete: post-delete root_hash=[e3, b0, c4, 42, 98, fc, 1c, 14]...
🗑️ MEST Delete: keyword='health', fid='heal_00000171' (key completely removed)
🗑️ MEST Delete: post-delete root_hash=[e3, b0, c4, 42, 98, fc, 1c, 14]...
🔧 MEST Add: keyword='health', fid='heal_00000172'
🔧 MEST Add: proof size=156 bytes, root_hash=[5c, df, e2, df, 93, d4, 0d, b1]...
🔍 MEST Query: keyword='health', found 1 fids
🔍 MEST Query: returning proof (156 bytes)
🗑️ MEST Delete: keyword='health', fid='heal_00000172' (key completely removed)
🗑️ MEST Delete: post-delete root_hash=[e3, b0, c4, 42, 98, fc, 1c, 14]...
🗑️ MEST Delete: keyword='health', fid='heal_00000172' (key completely removed)
🗑️ MEST Delete: post-delete root_hash=[e3, b0, c4, 42, 98, fc, 1c, 14]...
🔧 MEST Add: keyword='health', fid='heal_00000179'
🔧 MEST Add: proof size=156 bytes, root_hash=[02, 2e, ee, 88, 2b, f8, b9, 31]...
🔍 MEST Query: keyword='health', found 1 fids
🔍 MEST Query: returning proof (156 bytes)
🗑️ MEST Delete: keyword='health', fid='heal_00000179' (key completely removed)
🗑️ MEST Delete: post-delete root_hash=[e3, b0, c4, 42, 98, fc, 1c, 14]...
🗑️ MEST Delete: keyword='health', fid='heal_00000179' (key completely removed)
🗑️ MEST Delete: post-delete root_hash=[e3, b0, c4, 42, 98, fc, 1c, 14]...
🔧 MEST Add: keyword='soccer', fid='spor_00000183'
🔧 MEST Add: proof size=156 bytes, root_hash=[24, 30, a0, d4, 37, 1f, fd, da]...
🔧 MEST Add: keyword='soccer', fid='spor_00000183'
🔧 MEST Add: proof size=156 bytes, root_hash=[24, 30, a0, d4, 37, 1f, fd, da]...
🗑️ MEST Delete: keyword='soccer', fid='spor_00000183' (key completely removed)
🗑️ MEST Delete: post-delete root_hash=[e3, b0, c4, 42, 98, fc, 1c, 14]...
🔧 MEST Add: keyword='cybersecurity', fid='tech_00000187'
🔧 MEST Add: proof size=163 bytes, root_hash=[8e, 7b, 03, c1, 65, 04, 7a, a4]...
🗑️ MEST Delete: keyword='cybersecurity', fid='tech_00000187' (key completely removed)
🗑️ MEST Delete: post-delete root_hash=[e3, b0, c4, 42, 98, fc, 1c, 14]...
🔧 MEST Add: keyword='streaming', fid='ente_00000192'
🔧 MEST Add: proof size=159 bytes, root_hash=[bd, b3, 25, 76, 78, 93, 23, 5d]...
🔧 MEST Add: keyword='streaming', fid='ente_00000192'
🔧 MEST Add: proof size=159 bytes, root_hash=[bd, b3, 25, 76, 78, 93, 23, 5d]...
🗑️ MEST Delete: keyword='streaming', fid='ente_00000192' (key completely removed)
🗑️ MEST Delete: post-delete root_hash=[e3, b0, c4, 42, 98, fc, 1c, 14]...
🔧 MEST Add: keyword='health', fid='heal_00000193'
🔧 MEST Add: proof size=156 bytes, root_hash=[83, 91, a6, b3, f8, b5, 4a, 35]...
🔍 MEST Query: keyword='health', found 1 fids
🔍 MEST Query: returning proof (156 bytes)
🗑️ MEST Delete: keyword='health', fid='heal_00000193' (key completely removed)
🗑️ MEST Delete: post-delete root_hash=[e3, b0, c4, 42, 98, fc, 1c, 14]...
🗑️ MEST Delete: keyword='health', fid='heal_00000193' (key completely removed)
🗑️ MEST Delete: post-delete root_hash=[e3, b0, c4, 42, 98, fc, 1c, 14]...
🔧 MEST Add: keyword='health', fid='heal_00000195'
🔧 MEST Add: proof size=156 bytes, root_hash=[8a, 1f, e4, cf, 24, 7d, bf, 96]...
🔍 MEST Query: keyword='health', found 1 fids
🔍 MEST Query: returning proof (156 bytes)
🗑️ MEST Delete: keyword='health', fid='heal_00000195' (key completely removed)
🗑️ MEST Delete: post-delete root_hash=[e3, b0, c4, 42, 98, fc, 1c, 14]...
🗑️ MEST Delete: keyword='health', fid='heal_00000195' (key completely removed)
🗑️ MEST Delete: post-delete root_hash=[e3, b0, c4, 42, 98, fc, 1c, 14]...
🔧 MEST Add: keyword='health', fid='heal_00000198'
🔧 MEST Add: proof size=156 bytes, root_hash=[e7, de, 1e, 7b, 94, 31, be, 46]...
🔍 MEST Query: keyword='health', found 1 fids
🔍 MEST Query: returning proof (156 bytes)
🗑️ MEST Delete: keyword='health', fid='heal_00000198' (key completely removed)
🗑️ MEST Delete: post-delete root_hash=[e3, b0, c4, 42, 98, fc, 1c, 14]...
🗑️ MEST Delete: keyword='health', fid='heal_00000198' (key completely removed)
🗑️ MEST Delete: post-delete root_hash=[e3, b0, c4, 42, 98, fc, 1c, 14]...
🔧 MEST Add: keyword='science', fid='scie_00000201'
🔧 MEST Add: proof size=157 bytes, root_hash=[d6, 26, 7b, 2a, b6, 2a, 2c, 7b]...
🔍 MEST Query: keyword='science', found 1 fids
🔍 MEST Query: returning proof (157 bytes)
🗑️ MEST Delete: keyword='science', fid='scie_00000201' (key completely removed)
🗑️ MEST Delete: post-delete root_hash=[e3, b0, c4, 42, 98, fc, 1c, 14]...
🗑️ MEST Delete: keyword='science', fid='scie_00000201' (key completely removed)
🗑️ MEST Delete: post-delete root_hash=[e3, b0, c4, 42, 98, fc, 1c, 14]...
🔧 MEST Add: keyword='science', fid='scie_00000202'
🔧 MEST Add: proof size=157 bytes, root_hash=[b7, ce, d1, 03, df, 5d, bc, 3d]...
🔍 MEST Query: keyword='science', found 1 fids
🔍 MEST Query: returning proof (157 bytes)
🗑️ MEST Delete: keyword='science', fid='scie_00000202' (key completely removed)
🗑️ MEST Delete: post-delete root_hash=[e3, b0, c4, 42, 98, fc, 1c, 14]...
🗑️ MEST Delete: keyword='science', fid='scie_00000202' (key completely removed)
🗑️ MEST Delete: post-delete root_hash=[e3, b0, c4, 42, 98, fc, 1c, 14]...
🔧 MEST Add: keyword='health', fid='heal_00000204'
🔧 MEST Add: proof size=156 bytes, root_hash=[76, f7, 51, 6f, 5c, 1a, ad, b4]...
🔍 MEST Query: keyword='health', found 1 fids
🔍 MEST Query: returning proof (156 bytes)
🗑️ MEST Delete: keyword='health', fid='heal_00000204' (key completely removed)
🗑️ MEST Delete: post-delete root_hash=[e3, b0, c4, 42, 98, fc, 1c, 14]...
🗑️ MEST Delete: keyword='health', fid='heal_00000204' (key completely removed)
🗑️ MEST Delete: post-delete root_hash=[e3, b0, c4, 42, 98, fc, 1c, 14]...
🔧 MEST Add: keyword='cybersecurity', fid='tech_00000210'
🔧 MEST Add: proof size=163 bytes, root_hash=[4a, 5f, 84, 01, b0, 9b, 3f, fa]...
🗑️ MEST Delete: keyword='cybersecurity', fid='tech_00000210' (key completely removed)
🗑️ MEST Delete: post-delete root_hash=[e3, b0, c4, 42, 98, fc, 1c, 14]...
🔧 MEST Add: keyword='soccer', fid='spor_00000214'
🔧 MEST Add: proof size=156 bytes, root_hash=[c0, 7f, 33, dc, 3a, 00, 75, 87]...
🔧 MEST Add: keyword='soccer', fid='spor_00000214'
🔧 MEST Add: proof size=156 bytes, root_hash=[c0, 7f, 33, dc, 3a, 00, 75, 87]...
🗑️ MEST Delete: keyword='soccer', fid='spor_00000214' (key completely removed)
🗑️ MEST Delete: post-delete root_hash=[e3, b0, c4, 42, 98, fc, 1c, 14]...
🔧 MEST Add: keyword='enterprise', fid='busi_00000218'
🔧 MEST Add: proof size=160 bytes, root_hash=[ed, 79, 03, c1, 20, 04, 29, c6]...
🔧 MEST Add: keyword='enterprise', fid='busi_00000218'
🔧 MEST Add: proof size=160 bytes, root_hash=[ed, 79, 03, c1, 20, 04, 29, c6]...
🗑️ MEST Delete: keyword='enterprise', fid='busi_00000218' (key completely removed)
🗑️ MEST Delete: post-delete root_hash=[e3, b0, c4, 42, 98, fc, 1c, 14]...
🔧 MEST Add: keyword='health', fid='heal_00000222'
🔧 MEST Add: proof size=156 bytes, root_hash=[3b, 4d, ab, 73, ba, d1, 8f, b5]...
🔍 MEST Query: keyword='health', found 1 fids
🔍 MEST Query: returning proof (156 bytes)
🗑️ MEST Delete: keyword='health', fid='heal_00000222' (key completely removed)
🗑️ MEST Delete: post-delete root_hash=[e3, b0, c4, 42, 98, fc, 1c, 14]...
🗑️ MEST Delete: keyword='health', fid='heal_00000222' (key completely removed)
🗑️ MEST Delete: post-delete root_hash=[e3, b0, c4, 42, 98, fc, 1c, 14]...
🔧 MEST Add: keyword='health', fid='heal_00000223'
🔧 MEST Add: proof size=156 bytes, root_hash=[6d, 2c, 06, 24, ca, a9, f2, a1]...
🔍 MEST Query: keyword='health', found 1 fids
🔍 MEST Query: returning proof (156 bytes)
🗑️ MEST Delete: keyword='health', fid='heal_00000223' (key completely removed)
🗑️ MEST Delete: post-delete root_hash=[e3, b0, c4, 42, 98, fc, 1c, 14]...
🗑️ MEST Delete: keyword='health', fid='heal_00000223' (key completely removed)
🗑️ MEST Delete: post-delete root_hash=[e3, b0, c4, 42, 98, fc, 1c, 14]...
🔧 MEST Add: keyword='enterprise', fid='busi_00000224'
🔧 MEST Add: proof size=160 bytes, root_hash=[65, 25, c1, d9, 09, d6, a6, a6]...
🗑️ MEST Delete: keyword='enterprise', fid='busi_00000224' (key completely removed)
🗑️ MEST Delete: post-delete root_hash=[e3, b0, c4, 42, 98, fc, 1c, 14]...
🔧 MEST Add: keyword='health', fid='heal_00000225'
🔧 MEST Add: proof size=156 bytes, root_hash=[2e, da, 3a, 38, be, 76, 0b, 24]...
🔍 MEST Query: keyword='health', found 1 fids
🔍 MEST Query: returning proof (156 bytes)
🗑️ MEST Delete: keyword='health', fid='heal_00000225' (key completely removed)
🗑️ MEST Delete: post-delete root_hash=[e3, b0, c4, 42, 98, fc, 1c, 14]...
🗑️ MEST Delete: keyword='health', fid='heal_00000225' (key completely removed)
🗑️ MEST Delete: post-delete root_hash=[e3, b0, c4, 42, 98, fc, 1c, 14]...
🔧 MEST Add: keyword='health', fid='heal_00000226'
🔧 MEST Add: proof size=156 bytes, root_hash=[af, 19, 14, ea, 99, d4, 82, 40]...
🔍 MEST Query: keyword='health', found 1 fids
🔍 MEST Query: returning proof (156 bytes)
🗑️ MEST Delete: keyword='health', fid='heal_00000226' (key completely removed)
🗑️ MEST Delete: post-delete root_hash=[e3, b0, c4, 42, 98, fc, 1c, 14]...
🗑️ MEST Delete: keyword='health', fid='heal_00000226' (key completely removed)
🗑️ MEST Delete: post-delete root_hash=[e3, b0, c4, 42, 98, fc, 1c, 14]...
🔧 MEST Add: keyword='cybersecurity', fid='tech_00000227'
🔧 MEST Add: proof size=163 bytes, root_hash=[4d, 50, 59, 2e, aa, bd, 51, 48]...
🗑️ MEST Delete: keyword='cybersecurity', fid='tech_00000227' (key completely removed)
🗑️ MEST Delete: post-delete root_hash=[e3, b0, c4, 42, 98, fc, 1c, 14]...
🔧 MEST Add: keyword='science', fid='scie_00000229'
🔧 MEST Add: proof size=157 bytes, root_hash=[2f, 97, fa, 43, 0c, a5, e8, 09]...
🔍 MEST Query: keyword='science', found 1 fids
🔍 MEST Query: returning proof (157 bytes)
🗑️ MEST Delete: keyword='science', fid='scie_00000229' (key completely removed)
🗑️ MEST Delete: post-delete root_hash=[e3, b0, c4, 42, 98, fc, 1c, 14]...
🗑️ MEST Delete: keyword='science', fid='scie_00000229' (key completely removed)
🗑️ MEST Delete: post-delete root_hash=[e3, b0, c4, 42, 98, fc, 1c, 14]...
🔧 MEST Add: keyword='health', fid='heal_00000235'
🔧 MEST Add: proof size=156 bytes, root_hash=[6e, 3d, 4b, ae, dc, d0, 07, 01]...
🔍 MEST Query: keyword='health', found 1 fids
🔍 MEST Query: returning proof (156 bytes)
🗑️ MEST Delete: keyword='health', fid='heal_00000235' (key completely removed)
🗑️ MEST Delete: post-delete root_hash=[e3, b0, c4, 42, 98, fc, 1c, 14]...
🗑️ MEST Delete: keyword='health', fid='heal_00000235' (key completely removed)
🗑️ MEST Delete: post-delete root_hash=[e3, b0, c4, 42, 98, fc, 1c, 14]...
🔧 MEST Add: keyword='science', fid='scie_00000250'
🔧 MEST Add: proof size=157 bytes, root_hash=[8c, 3f, c7, 62, 68, b2, d9, 7c]...
🔍 MEST Query: keyword='science', found 1 fids
🔍 MEST Query: returning proof (157 bytes)
🗑️ MEST Delete: keyword='science', fid='scie_00000250' (key completely removed)
🗑️ MEST Delete: post-delete root_hash=[e3, b0, c4, 42, 98, fc, 1c, 14]...
🗑️ MEST Delete: keyword='science', fid='scie_00000250' (key completely removed)
🗑️ MEST Delete: post-delete root_hash=[e3, b0, c4, 42, 98, fc, 1c, 14]...
🔧 MEST Add: keyword='science', fid='scie_00000256'
🔧 MEST Add: proof size=157 bytes, root_hash=[41, 87, 60, 08, 21, 0d, ab, ce]...
🔍 MEST Query: keyword='science', found 1 fids
🔍 MEST Query: returning proof (157 bytes)
🗑️ MEST Delete: keyword='science', fid='scie_00000256' (key completely removed)
🗑️ MEST Delete: post-delete root_hash=[e3, b0, c4, 42, 98, fc, 1c, 14]...
🗑️ MEST Delete: keyword='science', fid='scie_00000256' (key completely removed)
🗑️ MEST Delete: post-delete root_hash=[e3, b0, c4, 42, 98, fc, 1c, 14]...
🔧 MEST Add: keyword='science', fid='scie_00000259'
🔧 MEST Add: proof size=157 bytes, root_hash=[bc, 00, 2b, a3, 60, e3, a8, 4e]...
🔍 MEST Query: keyword='science', found 1 fids
🔍 MEST Query: returning proof (157 bytes)
🗑️ MEST Delete: keyword='science', fid='scie_00000259' (key completely removed)
🗑️ MEST Delete: post-delete root_hash=[e3, b0, c4, 42, 98, fc, 1c, 14]...
🗑️ MEST Delete: keyword='science', fid='scie_00000259' (key completely removed)
🗑️ MEST Delete: post-delete root_hash=[e3, b0, c4, 42, 98, fc, 1c, 14]...
🔧 MEST Add: keyword='cybersecurity', fid='tech_00000260'
🔧 MEST Add: proof size=163 bytes, root_hash=[c7, 01, 0d, fa, 08, c2, ad, 38]...
🗑️ MEST Delete: keyword='cybersecurity', fid='tech_00000260' (key completely removed)
🗑️ MEST Delete: post-delete root_hash=[e3, b0, c4, 42, 98, fc, 1c, 14]...
🔧 MEST Add: keyword='cybersecurity', fid='tech_00000263'
🔧 MEST Add: proof size=163 bytes, root_hash=[36, d4, 00, 49, 09, 71, 36, 1e]...
🔧 MEST Add: keyword='cybersecurity', fid='tech_00000263'
🔧 MEST Add: proof size=163 bytes, root_hash=[36, d4, 00, 49, 09, 71, 36, 1e]...
🗑️ MEST Delete: keyword='cybersecurity', fid='tech_00000263' (key completely removed)
🗑️ MEST Delete: post-delete root_hash=[e3, b0, c4, 42, 98, fc, 1c, 14]...
🔧 MEST Add: keyword='science', fid='scie_00000266'
🔧 MEST Add: proof size=157 bytes, root_hash=[a4, 25, 57, 58, b0, 03, 95, e1]...
🔍 MEST Query: keyword='science', found 1 fids
🔍 MEST Query: returning proof (157 bytes)
🗑️ MEST Delete: keyword='science', fid='scie_00000266' (key completely removed)
🗑️ MEST Delete: post-delete root_hash=[e3, b0, c4, 42, 98, fc, 1c, 14]...
🗑️ MEST Delete: keyword='science', fid='scie_00000266' (key completely removed)
🗑️ MEST Delete: post-delete root_hash=[e3, b0, c4, 42, 98, fc, 1c, 14]...
🔧 MEST Add: keyword='cybersecurity', fid='tech_00000270'
🔧 MEST Add: proof size=163 bytes, root_hash=[46, 33, a0, 9c, 08, 0b, 1b, cd]...
🔧 MEST Add: keyword='cybersecurity', fid='tech_00000270'
🔧 MEST Add: proof size=163 bytes, root_hash=[46, 33, a0, 9c, 08, 0b, 1b, cd]...
🗑️ MEST Delete: keyword='cybersecurity', fid='tech_00000270' (key completely removed)
🗑️ MEST Delete: post-delete root_hash=[e3, b0, c4, 42, 98, fc, 1c, 14]...
🔧 MEST Add: keyword='science', fid='scie_00000275'
🔧 MEST Add: proof size=157 bytes, root_hash=[12, 6a, f3, 75, 6b, 4b, e9, 51]...
🔍 MEST Query: keyword='science', found 1 fids
🔍 MEST Query: returning proof (157 bytes)
🗑️ MEST Delete: keyword='science', fid='scie_00000275' (key completely removed)
🗑️ MEST Delete: post-delete root_hash=[e3, b0, c4, 42, 98, fc, 1c, 14]...
🗑️ MEST Delete: keyword='science', fid='scie_00000275' (key completely removed)
🗑️ MEST Delete: post-delete root_hash=[e3, b0, c4, 42, 98, fc, 1c, 14]...
🔧 MEST Add: keyword='science', fid='scie_00000276'
🔧 MEST Add: proof size=157 bytes, root_hash=[cb, 68, ee, 6d, 57, 7e, 2f, 5e]...
🔍 MEST Query: keyword='science', found 1 fids
🔍 MEST Query: returning proof (157 bytes)
🗑️ MEST Delete: keyword='science', fid='scie_00000276' (key completely removed)
🗑️ MEST Delete: post-delete root_hash=[e3, b0, c4, 42, 98, fc, 1c, 14]...
🗑️ MEST Delete: keyword='science', fid='scie_00000276' (key completely removed)
🗑️ MEST Delete: post-delete root_hash=[e3, b0, c4, 42, 98, fc, 1c, 14]...
🔧 MEST Add: keyword='health', fid='heal_00000277'
🔧 MEST Add: proof size=156 bytes, root_hash=[75, ed, 94, e7, b3, 39, a9, cb]...
🔍 MEST Query: keyword='health', found 1 fids
🔍 MEST Query: returning proof (156 bytes)
🗑️ MEST Delete: keyword='health', fid='heal_00000277' (key completely removed)
🗑️ MEST Delete: post-delete root_hash=[e3, b0, c4, 42, 98, fc, 1c, 14]...
🗑️ MEST Delete: keyword='health', fid='heal_00000277' (key completely removed)
🗑️ MEST Delete: post-delete root_hash=[e3, b0, c4, 42, 98, fc, 1c, 14]...
🔧 MEST Add: keyword='science', fid='scie_00000281'
🔧 MEST Add: proof size=157 bytes, root_hash=[a8, 80, 51, 93, 6b, 7d, a4, 7e]...
🔍 MEST Query: keyword='science', found 1 fids
🔍 MEST Query: returning proof (157 bytes)
🗑️ MEST Delete: keyword='science', fid='scie_00000281' (key completely removed)
🗑️ MEST Delete: post-delete root_hash=[e3, b0, c4, 42, 98, fc, 1c, 14]...
🗑️ MEST Delete: keyword='science', fid='scie_00000281' (key completely removed)
🗑️ MEST Delete: post-delete root_hash=[e3, b0, c4, 42, 98, fc, 1c, 14]...
🔧 MEST Add: keyword='cybersecurity', fid='tech_00000286'
🔧 MEST Add: proof size=163 bytes, root_hash=[f1, 84, 83, bb, 79, d1, 67, 14]...
🗑️ MEST Delete: keyword='cybersecurity', fid='tech_00000286' (key completely removed)
🗑️ MEST Delete: post-delete root_hash=[e3, b0, c4, 42, 98, fc, 1c, 14]...
🔧 MEST Add: keyword='science', fid='scie_00000287'
🔧 MEST Add: proof size=157 bytes, root_hash=[06, 95, ad, 1e, 84, 30, 82, 7d]...
🔍 MEST Query: keyword='science', found 1 fids
🔍 MEST Query: returning proof (157 bytes)
🗑️ MEST Delete: keyword='science', fid='scie_00000287' (key completely removed)
🗑️ MEST Delete: post-delete root_hash=[e3, b0, c4, 42, 98, fc, 1c, 14]...
🗑️ MEST Delete: keyword='science', fid='scie_00000287' (key completely removed)
🗑️ MEST Delete: post-delete root_hash=[e3, b0, c4, 42, 98, fc, 1c, 14]...
🔧 MEST Add: keyword='streaming', fid='ente_00000289'
🔧 MEST Add: proof size=159 bytes, root_hash=[91, 9f, b6, 3b, ea, 77, ee, 61]...
🔧 MEST Add: keyword='streaming', fid='ente_00000289'
🔧 MEST Add: proof size=159 bytes, root_hash=[91, 9f, b6, 3b, ea, 77, ee, 61]...
🗑️ MEST Delete: keyword='streaming', fid='ente_00000289' (key completely removed)
🗑️ MEST Delete: post-delete root_hash=[e3, b0, c4, 42, 98, fc, 1c, 14]...
🔧 MEST Add: keyword='soccer', fid='spor_00000291'
🔧 MEST Add: proof size=156 bytes, root_hash=[39, 04, c6, 74, 75, 27, 54, 13]...
🗑️ MEST Delete: keyword='soccer', fid='spor_00000291' (key completely removed)
🗑️ MEST Delete: post-delete root_hash=[e3, b0, c4, 42, 98, fc, 1c, 14]...
🔧 MEST Add: keyword='soccer', fid='spor_00000296'
🔧 MEST Add: proof size=156 bytes, root_hash=[c3, 26, 7e, ad, 4a, d8, 2d, 98]...
🗑️ MEST Delete: keyword='soccer', fid='spor_00000296' (key completely removed)
🗑️ MEST Delete: post-delete root_hash=[e3, b0, c4, 42, 98, fc, 1c, 14]...
🔧 MEST Add: keyword='science', fid='scie_00000297'
🔧 MEST Add: proof size=157 bytes, root_hash=[d3, 5f, 63, 5e, 68, e8, 4a, 1d]...
🔍 MEST Query: keyword='science', found 1 fids
🔍 MEST Query: returning proof (157 bytes)
🗑️ MEST Delete: keyword='science', fid='scie_00000297' (key completely removed)
🗑️ MEST Delete: post-delete root_hash=[e3, b0, c4, 42, 98, fc, 1c, 14]...
🗑️ MEST Delete: keyword='science', fid='scie_00000297' (key completely removed)
🗑️ MEST Delete: post-delete root_hash=[e3, b0, c4, 42, 98, fc, 1c, 14]...
🔧 MEST Add: keyword='enterprise', fid='busi_00000298'
🔧 MEST Add: proof size=160 bytes, root_hash=[64, 1a, 68, 12, b4, 52, f5, c2]...
🔧 MEST Add: keyword='enterprise', fid='busi_00000298'
🔧 MEST Add: proof size=160 bytes, root_hash=[64, 1a, 68, 12, b4, 52, f5, c2]...
🗑️ MEST Delete: keyword='enterprise', fid='busi_00000298' (key completely removed)
🗑️ MEST Delete: post-delete root_hash=[e3, b0, c4, 42, 98, fc, 1c, 14]...
🔧 MEST Add: keyword='health', fid='heal_00000301'
🔧 MEST Add: proof size=156 bytes, root_hash=[90, 9c, e6, 10, ea, e5, d5, 6b]...
🔍 MEST Query: keyword='health', found 1 fids
🔍 MEST Query: returning proof (156 bytes)
🗑️ MEST Delete: keyword='health', fid='heal_00000301' (key completely removed)
🗑️ MEST Delete: post-delete root_hash=[e3, b0, c4, 42, 98, fc, 1c, 14]...
🗑️ MEST Delete: keyword='health', fid='heal_00000301' (key completely removed)
🗑️ MEST Delete: post-delete root_hash=[e3, b0, c4, 42, 98, fc, 1c, 14]...
🔧 MEST Add: keyword='soccer', fid='spor_00000303'
🔧 MEST Add: proof size=156 bytes, root_hash=[23, d1, f3, 25, bd, 6f, 84, 75]...
🔧 MEST Add: keyword='soccer', fid='spor_00000303'
🔧 MEST Add: proof size=156 bytes, root_hash=[23, d1, f3, 25, bd, 6f, 84, 75]...
🗑️ MEST Delete: keyword='soccer', fid='spor_00000303' (key completely removed)
🗑️ MEST Delete: post-delete root_hash=[e3, b0, c4, 42, 98, fc, 1c, 14]...
🔧 MEST Add: keyword='science', fid='scie_00000306'
🔧 MEST Add: proof size=157 bytes, root_hash=[42, 4d, ca, 11, 14, 92, cc, f1]...
🔍 MEST Query: keyword='science', found 1 fids
🔍 MEST Query: returning proof (157 bytes)
🗑️ MEST Delete: keyword='science', fid='scie_00000306' (key completely removed)
🗑️ MEST Delete: post-delete root_hash=[e3, b0, c4, 42, 98, fc, 1c, 14]...
🗑️ MEST Delete: keyword='science', fid='scie_00000306' (key completely removed)
🗑️ MEST Delete: post-delete root_hash=[e3, b0, c4, 42, 98, fc, 1c, 14]...
🔧 MEST Add: keyword='science', fid='scie_00000315'
🔧 MEST Add: proof size=157 bytes, root_hash=[88, 7e, b7, e8, 61, bc, eb, dc]...
🔍 MEST Query: keyword='science', found 1 fids
🔍 MEST Query: returning proof (157 bytes)
🗑️ MEST Delete: keyword='science', fid='scie_00000315' (key completely removed)
🗑️ MEST Delete: post-delete root_hash=[e3, b0, c4, 42, 98, fc, 1c, 14]...
🗑️ MEST Delete: keyword='science', fid='scie_00000315' (key completely removed)
🗑️ MEST Delete: post-delete root_hash=[e3, b0, c4, 42, 98, fc, 1c, 14]...
🔧 MEST Add: keyword='health', fid='heal_00000317'
🔧 MEST Add: proof size=156 bytes, root_hash=[89, 26, 33, 01, 8d, 6a, 76, 29]...
🔍 MEST Query: keyword='health', found 1 fids
🔍 MEST Query: returning proof (156 bytes)
🗑️ MEST Delete: keyword='health', fid='heal_00000317' (key completely removed)
🗑️ MEST Delete: post-delete root_hash=[e3, b0, c4, 42, 98, fc, 1c, 14]...
🗑️ MEST Delete: keyword='health', fid='heal_00000317' (key completely removed)
🗑️ MEST Delete: post-delete root_hash=[e3, b0, c4, 42, 98, fc, 1c, 14]...
🔧 MEST Add: keyword='health', fid='heal_00000324'
🔧 MEST Add: proof size=156 bytes, root_hash=[37, b0, aa, ce, 43, f8, d1, 67]...
🔍 MEST Query: keyword='health', found 1 fids
🔍 MEST Query: returning proof (156 bytes)
🗑️ MEST Delete: keyword='health', fid='heal_00000324' (key completely removed)
🗑️ MEST Delete: post-delete root_hash=[e3, b0, c4, 42, 98, fc, 1c, 14]...
🗑️ MEST Delete: keyword='health', fid='heal_00000324' (key completely removed)
🗑️ MEST Delete: post-delete root_hash=[e3, b0, c4, 42, 98, fc, 1c, 14]...
🔧 MEST Add: keyword='cybersecurity', fid='tech_00000326'
🔧 MEST Add: proof size=163 bytes, root_hash=[7f, fa, 5d, 64, ac, 86, ea, 2e]...
🗑️ MEST Delete: keyword='cybersecurity', fid='tech_00000326' (key completely removed)
🗑️ MEST Delete: post-delete root_hash=[e3, b0, c4, 42, 98, fc, 1c, 14]...
🔧 MEST Add: keyword='soccer', fid='spor_00000327'
🔧 MEST Add: proof size=156 bytes, root_hash=[55, 53, 08, 10, dc, ce, 8d, d5]...
🗑️ MEST Delete: keyword='soccer', fid='spor_00000327' (key completely removed)
🗑️ MEST Delete: post-delete root_hash=[e3, b0, c4, 42, 98, fc, 1c, 14]...
🔧 MEST Add: keyword='health', fid='heal_00000329'
🔧 MEST Add: proof size=156 bytes, root_hash=[fe, 67, 65, ff, 06, 36, 5e, 83]...
🔍 MEST Query: keyword='health', found 1 fids
🔍 MEST Query: returning proof (156 bytes)
🗑️ MEST Delete: keyword='health', fid='heal_00000329' (key completely removed)
🗑️ MEST Delete: post-delete root_hash=[e3, b0, c4, 42, 98, fc, 1c, 14]...
🗑️ MEST Delete: keyword='health', fid='heal_00000329' (key completely removed)
🗑️ MEST Delete: post-delete root_hash=[e3, b0, c4, 42, 98, fc, 1c, 14]...
🔧 MEST Add: keyword='soccer', fid='spor_00000331'
🔧 MEST Add: proof size=156 bytes, root_hash=[03, b0, e8, 3e, 8d, 57, 46, 8c]...
🗑️ MEST Delete: keyword='soccer', fid='spor_00000331' (key completely removed)
🗑️ MEST Delete: post-delete root_hash=[e3, b0, c4, 42, 98, fc, 1c, 14]...
🔧 MEST Add: keyword='enterprise', fid='busi_00000336'
🔧 MEST Add: proof size=160 bytes, root_hash=[76, 4a, b8, 50, 21, 4d, 48, 23]...
🔧 MEST Add: keyword='enterprise', fid='busi_00000336'
🔧 MEST Add: proof size=160 bytes, root_hash=[76, 4a, b8, 50, 21, 4d, 48, 23]...
🗑️ MEST Delete: keyword='enterprise', fid='busi_00000336' (key completely removed)
🗑️ MEST Delete: post-delete root_hash=[e3, b0, c4, 42, 98, fc, 1c, 14]...
🔧 MEST Add: keyword='health', fid='heal_00000342'
🔧 MEST Add: proof size=156 bytes, root_hash=[43, 44, 4d, e2, b1, 33, 05, b0]...
🔍 MEST Query: keyword='health', found 1 fids
🔍 MEST Query: returning proof (156 bytes)
🗑️ MEST Delete: keyword='health', fid='heal_00000342' (key completely removed)
🗑️ MEST Delete: post-delete root_hash=[e3, b0, c4, 42, 98, fc, 1c, 14]...
🗑️ MEST Delete: keyword='health', fid='heal_00000342' (key completely removed)
🗑️ MEST Delete: post-delete root_hash=[e3, b0, c4, 42, 98, fc, 1c, 14]...
🔧 MEST Add: keyword='health', fid='heal_00000350'
🔧 MEST Add: proof size=156 bytes, root_hash=[91, 25, dd, 3e, 4a, 79, a2, da]...
🔍 MEST Query: keyword='health', found 1 fids
🔍 MEST Query: returning proof (156 bytes)
🗑️ MEST Delete: keyword='health', fid='heal_00000350' (key completely removed)
🗑️ MEST Delete: post-delete root_hash=[e3, b0, c4, 42, 98, fc, 1c, 14]...
🗑️ MEST Delete: keyword='health', fid='heal_00000350' (key completely removed)
🗑️ MEST Delete: post-delete root_hash=[e3, b0, c4, 42, 98, fc, 1c, 14]...
🔧 MEST Add: keyword='science', fid='scie_00000352'
🔧 MEST Add: proof size=157 bytes, root_hash=[50, 9e, d7, 28, 13, 6a, cb, b9]...
🔍 MEST Query: keyword='science', found 1 fids
🔍 MEST Query: returning proof (157 bytes)
🗑️ MEST Delete: keyword='science', fid='scie_00000352' (key completely removed)
🗑️ MEST Delete: post-delete root_hash=[e3, b0, c4, 42, 98, fc, 1c, 14]...
🗑️ MEST Delete: keyword='science', fid='scie_00000352' (key completely removed)
🗑️ MEST Delete: post-delete root_hash=[e3, b0, c4, 42, 98, fc, 1c, 14]...
🔧 MEST Add: keyword='science', fid='scie_00000353'
🔧 MEST Add: proof size=157 bytes, root_hash=[6e, 8e, 12, ef, 91, f3, 11, 60]...
🔍 MEST Query: keyword='science', found 1 fids
🔍 MEST Query: returning proof (157 bytes)
🗑️ MEST Delete: keyword='science', fid='scie_00000353' (key completely removed)
🗑️ MEST Delete: post-delete root_hash=[e3, b0, c4, 42, 98, fc, 1c, 14]...
🗑️ MEST Delete: keyword='science', fid='scie_00000353' (key completely removed)
🗑️ MEST Delete: post-delete root_hash=[e3, b0, c4, 42, 98, fc, 1c, 14]...
🔧 MEST Add: keyword='cybersecurity', fid='tech_00000355'
🔧 MEST Add: proof size=163 bytes, root_hash=[30, 8e, 67, ff, 56, 00, 6c, 27]...
🗑️ MEST Delete: keyword='cybersecurity', fid='tech_00000355' (key completely removed)
🗑️ MEST Delete: post-delete root_hash=[e3, b0, c4, 42, 98, fc, 1c, 14]...
🔧 MEST Add: keyword='science', fid='scie_00000358'
🔧 MEST Add: proof size=157 bytes, root_hash=[42, 12, 45, 07, 84, 7e, 8d, c8]...
🔍 MEST Query: keyword='science', found 1 fids
🔍 MEST Query: returning proof (157 bytes)
🗑️ MEST Delete: keyword='science', fid='scie_00000358' (key completely removed)
🗑️ MEST Delete: post-delete root_hash=[e3, b0, c4, 42, 98, fc, 1c, 14]...
🗑️ MEST Delete: keyword='science', fid='scie_00000358' (key completely removed)
🗑️ MEST Delete: post-delete root_hash=[e3, b0, c4, 42, 98, fc, 1c, 14]...
🔧 MEST Add: keyword='science', fid='scie_00000359'
🔧 MEST Add: proof size=157 bytes, root_hash=[4c, 09, 1a, c1, 07, 6a, 03, eb]...
🔍 MEST Query: keyword='science', found 1 fids
🔍 MEST Query: returning proof (157 bytes)
🗑️ MEST Delete: keyword='science', fid='scie_00000359' (key completely removed)
🗑️ MEST Delete: post-delete root_hash=[e3, b0, c4, 42, 98, fc, 1c, 14]...
🗑️ MEST Delete: keyword='science', fid='scie_00000359' (key completely removed)
🗑️ MEST Delete: post-delete root_hash=[e3, b0, c4, 42, 98, fc, 1c, 14]...
🔧 MEST Add: keyword='science', fid='scie_00000360'
🔧 MEST Add: proof size=157 bytes, root_hash=[25, 3b, 56, 1d, d3, f5, 14, 55]...
🔍 MEST Query: keyword='science', found 1 fids
🔍 MEST Query: returning proof (157 bytes)
🗑️ MEST Delete: keyword='science', fid='scie_00000360' (key completely removed)
🗑️ MEST Delete: post-delete root_hash=[e3, b0, c4, 42, 98, fc, 1c, 14]...
🗑️ MEST Delete: keyword='science', fid='scie_00000360' (key completely removed)
🗑️ MEST Delete: post-delete root_hash=[e3, b0, c4, 42, 98, fc, 1c, 14]...
🔧 MEST Add: keyword='science', fid='scie_00000361'
🔧 MEST Add: proof size=157 bytes, root_hash=[06, 6e, 35, a6, 40, f8, 07, 1d]...
🔍 MEST Query: keyword='science', found 1 fids
🔍 MEST Query: returning proof (157 bytes)
🗑️ MEST Delete: keyword='science', fid='scie_00000361' (key completely removed)
🗑️ MEST Delete: post-delete root_hash=[e3, b0, c4, 42, 98, fc, 1c, 14]...
🗑️ MEST Delete: keyword='science', fid='scie_00000361' (key completely removed)
🗑️ MEST Delete: post-delete root_hash=[e3, b0, c4, 42, 98, fc, 1c, 14]...
🔧 MEST Add: keyword='enterprise', fid='busi_00000362'
🔧 MEST Add: proof size=160 bytes, root_hash=[b7, 86, 64, 97, 6a, 89, d4, ae]...
🔧 MEST Add: keyword='enterprise', fid='busi_00000362'
🔧 MEST Add: proof size=160 bytes, root_hash=[b7, 86, 64, 97, 6a, 89, d4, ae]...
🗑️ MEST Delete: keyword='enterprise', fid='busi_00000362' (key completely removed)
🗑️ MEST Delete: post-delete root_hash=[e3, b0, c4, 42, 98, fc, 1c, 14]...
🔧 MEST Add: keyword='streaming', fid='ente_00000363'
🔧 MEST Add: proof size=159 bytes, root_hash=[78, 54, ad, 68, 86, 64, e4, 19]...
🗑️ MEST Delete: keyword='streaming', fid='ente_00000363' (key completely removed)
🗑️ MEST Delete: post-delete root_hash=[e3, b0, c4, 42, 98, fc, 1c, 14]...
🔧 MEST Add: keyword='cybersecurity', fid='tech_00000366'
🔧 MEST Add: proof size=163 bytes, root_hash=[d3, bf, 0f, 53, 16, 3f, c0, ea]...
🗑️ MEST Delete: keyword='cybersecurity', fid='tech_00000366' (key completely removed)
🗑️ MEST Delete: post-delete root_hash=[e3, b0, c4, 42, 98, fc, 1c, 14]...
🔧 MEST Add: keyword='health', fid='heal_00000369'
🔧 MEST Add: proof size=156 bytes, root_hash=[82, 05, 4b, 61, ad, 9d, a2, 3c]...
🔍 MEST Query: keyword='health', found 1 fids
🔍 MEST Query: returning proof (156 bytes)
🗑️ MEST Delete: keyword='health', fid='heal_00000369' (key completely removed)
🗑️ MEST Delete: post-delete root_hash=[e3, b0, c4, 42, 98, fc, 1c, 14]...
🗑️ MEST Delete: keyword='health', fid='heal_00000369' (key completely removed)
🗑️ MEST Delete: post-delete root_hash=[e3, b0, c4, 42, 98, fc, 1c, 14]...
🔧 MEST Add: keyword='health', fid='heal_00000372'
🔧 MEST Add: proof size=156 bytes, root_hash=[8a, 89, 91, 63, 8f, e5, 5e, a0]...
🔍 MEST Query: keyword='health', found 1 fids
🔍 MEST Query: returning proof (156 bytes)
🗑️ MEST Delete: keyword='health', fid='heal_00000372' (key completely removed)
🗑️ MEST Delete: post-delete root_hash=[e3, b0, c4, 42, 98, fc, 1c, 14]...
🗑️ MEST Delete: keyword='health', fid='heal_00000372' (key completely removed)
🗑️ MEST Delete: post-delete root_hash=[e3, b0, c4, 42, 98, fc, 1c, 14]...
🔧 MEST Add: keyword='health', fid='heal_00000373'
🔧 MEST Add: proof size=156 bytes, root_hash=[70, 9f, aa, 04, b3, b3, 1d, fb]...
🔍 MEST Query: keyword='health', found 1 fids
🔍 MEST Query: returning proof (156 bytes)
🗑️ MEST Delete: keyword='health', fid='heal_00000373' (key completely removed)
🗑️ MEST Delete: post-delete root_hash=[e3, b0, c4, 42, 98, fc, 1c, 14]...
🗑️ MEST Delete: keyword='health', fid='heal_00000373' (key completely removed)
🗑️ MEST Delete: post-delete root_hash=[e3, b0, c4, 42, 98, fc, 1c, 14]...
🔧 MEST Add: keyword='health', fid='heal_00000375'
🔧 MEST Add: proof size=156 bytes, root_hash=[0a, 1d, 2e, 3a, 3c, 2d, 45, c7]...
🔍 MEST Query: keyword='health', found 1 fids
🔍 MEST Query: returning proof (156 bytes)
🗑️ MEST Delete: keyword='health', fid='heal_00000375' (key completely removed)
🗑️ MEST Delete: post-delete root_hash=[e3, b0, c4, 42, 98, fc, 1c, 14]...
🗑️ MEST Delete: keyword='health', fid='heal_00000375' (key completely removed)
🗑️ MEST Delete: post-delete root_hash=[e3, b0, c4, 42, 98, fc, 1c, 14]...
🔧 MEST Add: keyword='health', fid='heal_00000376'
🔧 MEST Add: proof size=156 bytes, root_hash=[3a, de, 01, cc, bd, 52, 4c, a3]...
🔍 MEST Query: keyword='health', found 1 fids
🔍 MEST Query: returning proof (156 bytes)
🗑️ MEST Delete: keyword='health', fid='heal_00000376' (key completely removed)
🗑️ MEST Delete: post-delete root_hash=[e3, b0, c4, 42, 98, fc, 1c, 14]...
🗑️ MEST Delete: keyword='health', fid='heal_00000376' (key completely removed)
🗑️ MEST Delete: post-delete root_hash=[e3, b0, c4, 42, 98, fc, 1c, 14]...
🔧 MEST Add: keyword='soccer', fid='spor_00000379'
🔧 MEST Add: proof size=156 bytes, root_hash=[51, 03, 3e, 4d, 84, fd, 7a, f9]...
🗑️ MEST Delete: keyword='soccer', fid='spor_00000379' (key completely removed)
🗑️ MEST Delete: post-delete root_hash=[e3, b0, c4, 42, 98, fc, 1c, 14]...
🔧 MEST Add: keyword='health', fid='heal_00000388'
🔧 MEST Add: proof size=156 bytes, root_hash=[60, ca, f9, 99, 77, c3, 0a, ca]...
🔍 MEST Query: keyword='health', found 1 fids
🔍 MEST Query: returning proof (156 bytes)
🗑️ MEST Delete: keyword='health', fid='heal_00000388' (key completely removed)
🗑️ MEST Delete: post-delete root_hash=[e3, b0, c4, 42, 98, fc, 1c, 14]...
🗑️ MEST Delete: keyword='health', fid='heal_00000388' (key completely removed)
🗑️ MEST Delete: post-delete root_hash=[e3, b0, c4, 42, 98, fc, 1c, 14]...
🔧 MEST Add: keyword='health', fid='heal_00000392'
🔧 MEST Add: proof size=156 bytes, root_hash=[56, d9, 2a, 73, 2d, 8d, a0, c2]...
🔍 MEST Query: keyword='health', found 1 fids
🔍 MEST Query: returning proof (156 bytes)
🗑️ MEST Delete: keyword='health', fid='heal_00000392' (key completely removed)
🗑️ MEST Delete: post-delete root_hash=[e3, b0, c4, 42, 98, fc, 1c, 14]...
🗑️ MEST Delete: keyword='health', fid='heal_00000392' (key completely removed)
🗑️ MEST Delete: post-delete root_hash=[e3, b0, c4, 42, 98, fc, 1c, 14]...
🔧 MEST Add: keyword='science', fid='scie_00000393'
🔧 MEST Add: proof size=157 bytes, root_hash=[db, 3b, 5b, 5b, 98, 37, 3e, 60]...
🔍 MEST Query: keyword='science', found 1 fids
🔍 MEST Query: returning proof (157 bytes)
🗑️ MEST Delete: keyword='science', fid='scie_00000393' (key completely removed)
🗑️ MEST Delete: post-delete root_hash=[e3, b0, c4, 42, 98, fc, 1c, 14]...
🗑️ MEST Delete: keyword='science', fid='scie_00000393' (key completely removed)
🗑️ MEST Delete: post-delete root_hash=[e3, b0, c4, 42, 98, fc, 1c, 14]...
🔧 MEST Add: keyword='health', fid='heal_00000394'
🔧 MEST Add: proof size=156 bytes, root_hash=[76, 05, 46, 20, a2, ba, 97, 3e]...
🔍 MEST Query: keyword='health', found 1 fids
🔍 MEST Query: returning proof (156 bytes)
🗑️ MEST Delete: keyword='health', fid='heal_00000394' (key completely removed)
🗑️ MEST Delete: post-delete root_hash=[e3, b0, c4, 42, 98, fc, 1c, 14]...
🗑️ MEST Delete: keyword='health', fid='heal_00000394' (key completely removed)
🗑️ MEST Delete: post-delete root_hash=[e3, b0, c4, 42, 98, fc, 1c, 14]...
🔧 MEST Add: keyword='soccer', fid='spor_00000395'
🔧 MEST Add: proof size=156 bytes, root_hash=[c2, 91, fc, d8, a8, e0, f2, 56]...
🗑️ MEST Delete: keyword='soccer', fid='spor_00000395' (key completely removed)
🗑️ MEST Delete: post-delete root_hash=[e3, b0, c4, 42, 98, fc, 1c, 14]...
🔧 MEST Add: keyword='science', fid='scie_00000398'
🔧 MEST Add: proof size=157 bytes, root_hash=[55, df, 88, 72, 6d, fc, e9, 53]...
🔍 MEST Query: keyword='science', found 1 fids
🔍 MEST Query: returning proof (157 bytes)
🗑️ MEST Delete: keyword='science', fid='scie_00000398' (key completely removed)
🗑️ MEST Delete: post-delete root_hash=[e3, b0, c4, 42, 98, fc, 1c, 14]...
🗑️ MEST Delete: keyword='science', fid='scie_00000398' (key completely removed)
🗑️ MEST Delete: post-delete root_hash=[e3, b0, c4, 42, 98, fc, 1c, 14]...
🔧 MEST Add: keyword='enterprise', fid='busi_00000404'
🔧 MEST Add: proof size=160 bytes, root_hash=[3e, 6d, 28, 89, ed, a9, 46, b7]...
🔧 MEST Add: keyword='enterprise', fid='busi_00000404'
🔧 MEST Add: proof size=160 bytes, root_hash=[3e, 6d, 28, 89, ed, a9, 46, b7]...
🗑️ MEST Delete: keyword='enterprise', fid='busi_00000404' (key completely removed)
🗑️ MEST Delete: post-delete root_hash=[e3, b0, c4, 42, 98, fc, 1c, 14]...
🔧 MEST Add: keyword='science', fid='scie_00000412'
🔧 MEST Add: proof size=157 bytes, root_hash=[2b, 70, 1d, 3e, 20, 4c, 73, 61]...
🔍 MEST Query: keyword='science', found 1 fids
🔍 MEST Query: returning proof (157 bytes)
🗑️ MEST Delete: keyword='science', fid='scie_00000412' (key completely removed)
🗑️ MEST Delete: post-delete root_hash=[e3, b0, c4, 42, 98, fc, 1c, 14]...
🗑️ MEST Delete: keyword='science', fid='scie_00000412' (key completely removed)
🗑️ MEST Delete: post-delete root_hash=[e3, b0, c4, 42, 98, fc, 1c, 14]...
🔧 MEST Add: keyword='cybersecurity', fid='tech_00000413'
🔧 MEST Add: proof size=163 bytes, root_hash=[b3, aa, 90, 3b, 4d, 7a, 6b, 3a]...
🗑️ MEST Delete: keyword='cybersecurity', fid='tech_00000413' (key completely removed)
🗑️ MEST Delete: post-delete root_hash=[e3, b0, c4, 42, 98, fc, 1c, 14]...
🔧 MEST Add: keyword='cybersecurity', fid='tech_00000415'
🔧 MEST Add: proof size=163 bytes, root_hash=[64, 36, 23, eb, b7, 44, a8, c6]...
🗑️ MEST Delete: keyword='cybersecurity', fid='tech_00000415' (key completely removed)
🗑️ MEST Delete: post-delete root_hash=[e3, b0, c4, 42, 98, fc, 1c, 14]...
🔧 MEST Add: keyword='health', fid='heal_00000416'
🔧 MEST Add: proof size=156 bytes, root_hash=[8e, 87, bb, 14, ff, 3b, e3, 69]...
🔍 MEST Query: keyword='health', found 1 fids
🔍 MEST Query: returning proof (156 bytes)
🗑️ MEST Delete: keyword='health', fid='heal_00000416' (key completely removed)
🗑️ MEST Delete: post-delete root_hash=[e3, b0, c4, 42, 98, fc, 1c, 14]...
🗑️ MEST Delete: keyword='health', fid='heal_00000416' (key completely removed)
🗑️ MEST Delete: post-delete root_hash=[e3, b0, c4, 42, 98, fc, 1c, 14]...
🔧 MEST Add: keyword='health', fid='heal_00000426'
🔧 MEST Add: proof size=156 bytes, root_hash=[70, e0, 1d, 7f, 17, f3, e1, ad]...
🔍 MEST Query: keyword='health', found 1 fids
🔍 MEST Query: returning proof (156 bytes)
🗑️ MEST Delete: keyword='health', fid='heal_00000426' (key completely removed)
🗑️ MEST Delete: post-delete root_hash=[e3, b0, c4, 42, 98, fc, 1c, 14]...
🗑️ MEST Delete: keyword='health', fid='heal_00000426' (key completely removed)
🗑️ MEST Delete: post-delete root_hash=[e3, b0, c4, 42, 98, fc, 1c, 14]...
🔧 MEST Add: keyword='health', fid='heal_00000427'
🔧 MEST Add: proof size=156 bytes, root_hash=[18, 75, 2d, c8, 4c, fd, c2, 58]...
🔍 MEST Query: keyword='health', found 1 fids
🔍 MEST Query: returning proof (156 bytes)
🗑️ MEST Delete: keyword='health', fid='heal_00000427' (key completely removed)
🗑️ MEST Delete: post-delete root_hash=[e3, b0, c4, 42, 98, fc, 1c, 14]...
🗑️ MEST Delete: keyword='health', fid='heal_00000427' (key completely removed)
🗑️ MEST Delete: post-delete root_hash=[e3, b0, c4, 42, 98, fc, 1c, 14]...
🔧 MEST Add: keyword='health', fid='heal_00000428'
🔧 MEST Add: proof size=156 bytes, root_hash=[88, c1, f7, 1c, 89, d6, de, f6]...
🔍 MEST Query: keyword='health', found 1 fids
🔍 MEST Query: returning proof (156 bytes)
🗑️ MEST Delete: keyword='health', fid='heal_00000428' (key completely removed)
🗑️ MEST Delete: post-delete root_hash=[e3, b0, c4, 42, 98, fc, 1c, 14]...
🗑️ MEST Delete: keyword='health', fid='heal_00000428' (key completely removed)
🗑️ MEST Delete: post-delete root_hash=[e3, b0, c4, 42, 98, fc, 1c, 14]...
🔧 MEST Add: keyword='health', fid='heal_00000430'
🔧 MEST Add: proof size=156 bytes, root_hash=[51, 35, 5e, f3, 83, 70, d4, 20]...
🔍 MEST Query: keyword='health', found 1 fids
🔍 MEST Query: returning proof (156 bytes)
🗑️ MEST Delete: keyword='health', fid='heal_00000430' (key completely removed)
🗑️ MEST Delete: post-delete root_hash=[e3, b0, c4, 42, 98, fc, 1c, 14]...
🗑️ MEST Delete: keyword='health', fid='heal_00000430' (key completely removed)
🗑️ MEST Delete: post-delete root_hash=[e3, b0, c4, 42, 98, fc, 1c, 14]...
🔧 MEST Add: keyword='science', fid='scie_00000436'
🔧 MEST Add: proof size=157 bytes, root_hash=[a8, dc, 94, 12, d1, 0a, 74, b0]...
🔍 MEST Query: keyword='science', found 1 fids
🔍 MEST Query: returning proof (157 bytes)
🗑️ MEST Delete: keyword='science', fid='scie_00000436' (key completely removed)
🗑️ MEST Delete: post-delete root_hash=[e3, b0, c4, 42, 98, fc, 1c, 14]...
🗑️ MEST Delete: keyword='science', fid='scie_00000436' (key completely removed)
🗑️ MEST Delete: post-delete root_hash=[e3, b0, c4, 42, 98, fc, 1c, 14]...
🔧 MEST Add: keyword='streaming', fid='ente_00000437'
🔧 MEST Add: proof size=159 bytes, root_hash=[49, 34, 69, d2, 7d, 49, 4d, 03]...
🗑️ MEST Delete: keyword='streaming', fid='ente_00000437' (key completely removed)
🗑️ MEST Delete: post-delete root_hash=[e3, b0, c4, 42, 98, fc, 1c, 14]...
🔧 MEST Add: keyword='streaming', fid='ente_00000438'
🔧 MEST Add: proof size=159 bytes, root_hash=[d4, 0a, 81, 4f, 12, eb, ac, 68]...
🗑️ MEST Delete: keyword='streaming', fid='ente_00000438' (key completely removed)
🗑️ MEST Delete: post-delete root_hash=[e3, b0, c4, 42, 98, fc, 1c, 14]...
🔧 MEST Add: keyword='health', fid='heal_00000449'
🔧 MEST Add: proof size=156 bytes, root_hash=[c6, 6d, 86, 10, 52, 22, 4a, 83]...
🔍 MEST Query: keyword='health', found 1 fids
🔍 MEST Query: returning proof (156 bytes)
🗑️ MEST Delete: keyword='health', fid='heal_00000449' (key completely removed)
🗑️ MEST Delete: post-delete root_hash=[e3, b0, c4, 42, 98, fc, 1c, 14]...
🗑️ MEST Delete: keyword='health', fid='heal_00000449' (key completely removed)
🗑️ MEST Delete: post-delete root_hash=[e3, b0, c4, 42, 98, fc, 1c, 14]...
🔧 MEST Add: keyword='health', fid='heal_00000455'
🔧 MEST Add: proof size=156 bytes, root_hash=[bd, fa, f8, 1d, 3a, e7, d5, b4]...
🔍 MEST Query: keyword='health', found 1 fids
🔍 MEST Query: returning proof (156 bytes)
🗑️ MEST Delete: keyword='health', fid='heal_00000455' (key completely removed)
🗑️ MEST Delete: post-delete root_hash=[e3, b0, c4, 42, 98, fc, 1c, 14]...
🗑️ MEST Delete: keyword='health', fid='heal_00000455' (key completely removed)
🗑️ MEST Delete: post-delete root_hash=[e3, b0, c4, 42, 98, fc, 1c, 14]...
🔧 MEST Add: keyword='health', fid='heal_00000458'
🔧 MEST Add: proof size=156 bytes, root_hash=[a9, 36, 5d, 22, a0, 6e, b1, 42]...
🔍 MEST Query: keyword='health', found 1 fids
🔍 MEST Query: returning proof (156 bytes)
🗑️ MEST Delete: keyword='health', fid='heal_00000458' (key completely removed)
🗑️ MEST Delete: post-delete root_hash=[e3, b0, c4, 42, 98, fc, 1c, 14]...
🗑️ MEST Delete: keyword='health', fid='heal_00000458' (key completely removed)
🗑️ MEST Delete: post-delete root_hash=[e3, b0, c4, 42, 98, fc, 1c, 14]...
🔧 MEST Add: keyword='health', fid='heal_00000460'
🔧 MEST Add: proof size=156 bytes, root_hash=[ca, 5f, 51, 5d, 61, 3a, fe, 4e]...
🔍 MEST Query: keyword='health', found 1 fids
🔍 MEST Query: returning proof (156 bytes)
🗑️ MEST Delete: keyword='health', fid='heal_00000460' (key completely removed)
🗑️ MEST Delete: post-delete root_hash=[e3, b0, c4, 42, 98, fc, 1c, 14]...
🗑️ MEST Delete: keyword='health', fid='heal_00000460' (key completely removed)
🗑️ MEST Delete: post-delete root_hash=[e3, b0, c4, 42, 98, fc, 1c, 14]...
🔧 MEST Add: keyword='enterprise', fid='busi_00000462'
🔧 MEST Add: proof size=160 bytes, root_hash=[27, aa, 4e, fa, fd, 71, 87, 83]...
🗑️ MEST Delete: keyword='enterprise', fid='busi_00000462' (key completely removed)
🗑️ MEST Delete: post-delete root_hash=[e3, b0, c4, 42, 98, fc, 1c, 14]...
🔧 MEST Add: keyword='health', fid='heal_00000467'
🔧 MEST Add: proof size=156 bytes, root_hash=[84, 4d, 83, 8e, 1a, f4, 26, 9c]...
🔍 MEST Query: keyword='health', found 1 fids
🔍 MEST Query: returning proof (156 bytes)
🗑️ MEST Delete: keyword='health', fid='heal_00000467' (key completely removed)
🗑️ MEST Delete: post-delete root_hash=[e3, b0, c4, 42, 98, fc, 1c, 14]...
🗑️ MEST Delete: keyword='health', fid='heal_00000467' (key completely removed)
🗑️ MEST Delete: post-delete root_hash=[e3, b0, c4, 42, 98, fc, 1c, 14]...
🔧 MEST Add: keyword='cybersecurity', fid='tech_00000468'
🔧 MEST Add: proof size=163 bytes, root_hash=[55, ae, d6, b6, bc, 32, fa, f7]...
🗑️ MEST Delete: keyword='cybersecurity', fid='tech_00000468' (key completely removed)
🗑️ MEST Delete: post-delete root_hash=[e3, b0, c4, 42, 98, fc, 1c, 14]...
🔧 MEST Add: keyword='cybersecurity', fid='tech_00000470'
🔧 MEST Add: proof size=163 bytes, root_hash=[d5, aa, 5f, 5d, 62, b1, b9, 70]...
🗑️ MEST Delete: keyword='cybersecurity', fid='tech_00000470' (key completely removed)
🗑️ MEST Delete: post-delete root_hash=[e3, b0, c4, 42, 98, fc, 1c, 14]...
🔧 MEST Add: keyword='cybersecurity', fid='tech_00000472'
🔧 MEST Add: proof size=163 bytes, root_hash=[33, ca, 1e, 69, c9, 00, 2b, 1b]...
🗑️ MEST Delete: keyword='cybersecurity', fid='tech_00000472' (key completely removed)
🗑️ MEST Delete: post-delete root_hash=[e3, b0, c4, 42, 98, fc, 1c, 14]...
🔧 MEST Add: keyword='science', fid='scie_00000477'
🔧 MEST Add: proof size=157 bytes, root_hash=[01, 06, 73, 3c, 8e, 06, e9, e5]...
🔍 MEST Query: keyword='science', found 1 fids
🔍 MEST Query: returning proof (157 bytes)
🗑️ MEST Delete: keyword='science', fid='scie_00000477' (key completely removed)
🗑️ MEST Delete: post-delete root_hash=[e3, b0, c4, 42, 98, fc, 1c, 14]...
🗑️ MEST Delete: keyword='science', fid='scie_00000477' (key completely removed)
🗑️ MEST Delete: post-delete root_hash=[e3, b0, c4, 42, 98, fc, 1c, 14]...
🔧 MEST Add: keyword='health', fid='heal_00000479'
🔧 MEST Add: proof size=156 bytes, root_hash=[d8, 4e, 52, be, 64, a0, aa, dd]...
🔍 MEST Query: keyword='health', found 1 fids
🔍 MEST Query: returning proof (156 bytes)
🗑️ MEST Delete: keyword='health', fid='heal_00000479' (key completely removed)
🗑️ MEST Delete: post-delete root_hash=[e3, b0, c4, 42, 98, fc, 1c, 14]...
🗑️ MEST Delete: keyword='health', fid='heal_00000479' (key completely removed)
🗑️ MEST Delete: post-delete root_hash=[e3, b0, c4, 42, 98, fc, 1c, 14]...
🔧 MEST Add: keyword='health', fid='heal_00000481'
🔧 MEST Add: proof size=156 bytes, root_hash=[af, 10, a5, 2d, 8f, e6, 00, 03]...
🔍 MEST Query: keyword='health', found 1 fids
🔍 MEST Query: returning proof (156 bytes)
🗑️ MEST Delete: keyword='health', fid='heal_00000481' (key completely removed)
🗑️ MEST Delete: post-delete root_hash=[e3, b0, c4, 42, 98, fc, 1c, 14]...
🗑️ MEST Delete: keyword='health', fid='heal_00000481' (key completely removed)
🗑️ MEST Delete: post-delete root_hash=[e3, b0, c4, 42, 98, fc, 1c, 14]...
🔧 MEST Add: keyword='soccer', fid='spor_00000485'
🔧 MEST Add: proof size=156 bytes, root_hash=[6b, a3, 2e, 42, d7, fa, 6d, 45]...
🗑️ MEST Delete: keyword='soccer', fid='spor_00000485' (key completely removed)
🗑️ MEST Delete: post-delete root_hash=[e3, b0, c4, 42, 98, fc, 1c, 14]...
🔧 MEST Add: keyword='enterprise', fid='busi_00000490'
🔧 MEST Add: proof size=160 bytes, root_hash=[fe, 4e, 6b, 1f, 74, dd, 56, 8b]...
🗑️ MEST Delete: keyword='enterprise', fid='busi_00000490' (key completely removed)
🗑️ MEST Delete: post-delete root_hash=[e3, b0, c4, 42, 98, fc, 1c, 14]...
🔧 MEST Add: keyword='science', fid='scie_00000496'
🔧 MEST Add: proof size=157 bytes, root_hash=[7d, 08, ff, 1a, 35, 55, 1e, 17]...
🔍 MEST Query: keyword='science', found 1 fids
🔍 MEST Query: returning proof (157 bytes)
🗑️ MEST Delete: keyword='science', fid='scie_00000496' (key completely removed)
🗑️ MEST Delete: post-delete root_hash=[e3, b0, c4, 42, 98, fc, 1c, 14]...
🗑️ MEST Delete: keyword='science', fid='scie_00000496' (key completely removed)
🗑️ MEST Delete: post-delete root_hash=[e3, b0, c4, 42, 98, fc, 1c, 14]...
🔧 MEST Add: keyword='health', fid='heal_00000498'
🔧 MEST Add: proof size=156 bytes, root_hash=[c4, ad, da, a3, 00, 01, 0e, c7]...
🔍 MEST Query: keyword='health', found 1 fids
🔍 MEST Query: returning proof (156 bytes)
🗑️ MEST Delete: keyword='health', fid='heal_00000498' (key completely removed)
🗑️ MEST Delete: post-delete root_hash=[e3, b0, c4, 42, 98, fc, 1c, 14]...
🗑️ MEST Delete: keyword='health', fid='heal_00000498' (key completely removed)
🗑️ MEST Delete: post-delete root_hash=[e3, b0, c4, 42, 98, fc, 1c, 14]...
🔧 MEST Add: keyword='health', fid='heal_00000499'
🔧 MEST Add: proof size=156 bytes, root_hash=[ad, 4f, b7, 1a, 5d, b5, 18, ed]...
🔍 MEST Query: keyword='health', found 1 fids
🔍 MEST Query: returning proof (156 bytes)
🗑️ MEST Delete: keyword='health', fid='heal_00000499' (key completely removed)
🗑️ MEST Delete: post-delete root_hash=[e3, b0, c4, 42, 98, fc, 1c, 14]...
🗑️ MEST Delete: keyword='health', fid='heal_00000499' (key completely removed)
🗑️ MEST Delete: post-delete root_hash=[e3, b0, c4, 42, 98, fc, 1c, 14]...
🔧 MEST Add: keyword='health', fid='heal_00000513'
🔧 MEST Add: proof size=156 bytes, root_hash=[99, 9a, 22, fd, 9c, 29, 79, d2]...
🔍 MEST Query: keyword='health', found 1 fids
🔍 MEST Query: returning proof (156 bytes)
🗑️ MEST Delete: keyword='health', fid='heal_00000513' (key completely removed)
🗑️ MEST Delete: post-delete root_hash=[e3, b0, c4, 42, 98, fc, 1c, 14]...
🗑️ MEST Delete: keyword='health', fid='heal_00000513' (key completely removed)
🗑️ MEST Delete: post-delete root_hash=[e3, b0, c4, 42, 98, fc, 1c, 14]...
🔧 MEST Add: keyword='health', fid='heal_00000527'
🔧 MEST Add: proof size=156 bytes, root_hash=[89, bf, a5, 50, 85, 05, 7d, 09]...
🔍 MEST Query: keyword='health', found 1 fids
🔍 MEST Query: returning proof (156 bytes)
🗑️ MEST Delete: keyword='health', fid='heal_00000527' (key completely removed)
🗑️ MEST Delete: post-delete root_hash=[e3, b0, c4, 42, 98, fc, 1c, 14]...
🗑️ MEST Delete: keyword='health', fid='heal_00000527' (key completely removed)
🗑️ MEST Delete: post-delete root_hash=[e3, b0, c4, 42, 98, fc, 1c, 14]...
🔧 MEST Add: keyword='science', fid='scie_00000531'
🔧 MEST Add: proof size=157 bytes, root_hash=[7f, 38, bd, 4c, 4c, fc, f1, ec]...
🔍 MEST Query: keyword='science', found 1 fids
🔍 MEST Query: returning proof (157 bytes)
🗑️ MEST Delete: keyword='science', fid='scie_00000531' (key completely removed)
🗑️ MEST Delete: post-delete root_hash=[e3, b0, c4, 42, 98, fc, 1c, 14]...
🗑️ MEST Delete: keyword='science', fid='scie_00000531' (key completely removed)
🗑️ MEST Delete: post-delete root_hash=[e3, b0, c4, 42, 98, fc, 1c, 14]...
🔧 MEST Add: keyword='streaming', fid='ente_00000532'
🔧 MEST Add: proof size=159 bytes, root_hash=[ea, 5e, ea, 21, 55, 82, 5c, 74]...
🗑️ MEST Delete: keyword='streaming', fid='ente_00000532' (key completely removed)
🗑️ MEST Delete: post-delete root_hash=[e3, b0, c4, 42, 98, fc, 1c, 14]...
🔧 MEST Add: keyword='health', fid='heal_00000540'
🔧 MEST Add: proof size=156 bytes, root_hash=[a1, d0, 54, ea, 07, 2e, da, a0]...
🔍 MEST Query: keyword='health', found 1 fids
🔍 MEST Query: returning proof (156 bytes)
🗑️ MEST Delete: keyword='health', fid='heal_00000540' (key completely removed)
🗑️ MEST Delete: post-delete root_hash=[e3, b0, c4, 42, 98, fc, 1c, 14]...
🗑️ MEST Delete: keyword='health', fid='heal_00000540' (key completely removed)
🗑️ MEST Delete: post-delete root_hash=[e3, b0, c4, 42, 98, fc, 1c, 14]...
🔧 MEST Add: keyword='science', fid='scie_00000542'
🔧 MEST Add: proof size=157 bytes, root_hash=[98, b6, a2, 1a, 9e, 5b, b2, 41]...
🔍 MEST Query: keyword='science', found 1 fids
🔍 MEST Query: returning proof (157 bytes)
🗑️ MEST Delete: keyword='science', fid='scie_00000542' (key completely removed)
🗑️ MEST Delete: post-delete root_hash=[e3, b0, c4, 42, 98, fc, 1c, 14]...
🗑️ MEST Delete: keyword='science', fid='scie_00000542' (key completely removed)
🗑️ MEST Delete: post-delete root_hash=[e3, b0, c4, 42, 98, fc, 1c, 14]...
🔧 MEST Add: keyword='science', fid='scie_00000543'
🔧 MEST Add: proof size=157 bytes, root_hash=[e9, d0, 61, ee, b6, d6, ea, 04]...
🔍 MEST Query: keyword='science', found 1 fids
🔍 MEST Query: returning proof (157 bytes)
🗑️ MEST Delete: keyword='science', fid='scie_00000543' (key completely removed)
🗑️ MEST Delete: post-delete root_hash=[e3, b0, c4, 42, 98, fc, 1c, 14]...
🗑️ MEST Delete: keyword='science', fid='scie_00000543' (key completely removed)
🗑️ MEST Delete: post-delete root_hash=[e3, b0, c4, 42, 98, fc, 1c, 14]...
🔧 MEST Add: keyword='health', fid='heal_00000544'
🔧 MEST Add: proof size=156 bytes, root_hash=[69, 55, 2d, 7d, c3, f9, a1, 93]...
🔍 MEST Query: keyword='health', found 1 fids
🔍 MEST Query: returning proof (156 bytes)
🗑️ MEST Delete: keyword='health', fid='heal_00000544' (key completely removed)
🗑️ MEST Delete: post-delete root_hash=[e3, b0, c4, 42, 98, fc, 1c, 14]...
🗑️ MEST Delete: keyword='health', fid='heal_00000544' (key completely removed)
🗑️ MEST Delete: post-delete root_hash=[e3, b0, c4, 42, 98, fc, 1c, 14]...
🔧 MEST Add: keyword='health', fid='heal_00000546'
🔧 MEST Add: proof size=156 bytes, root_hash=[f9, 70, 0d, 60, 31, 2d, f6, cc]...
🔍 MEST Query: keyword='health', found 1 fids
🔍 MEST Query: returning proof (156 bytes)
🗑️ MEST Delete: keyword='health', fid='heal_00000546' (key completely removed)
🗑️ MEST Delete: post-delete root_hash=[e3, b0, c4, 42, 98, fc, 1c, 14]...
🗑️ MEST Delete: keyword='health', fid='heal_00000546' (key completely removed)
🗑️ MEST Delete: post-delete root_hash=[e3, b0, c4, 42, 98, fc, 1c, 14]...
🔧 MEST Add: keyword='streaming', fid='ente_00000548'
🔧 MEST Add: proof size=159 bytes, root_hash=[ee, 43, 82, ba, 09, 84, 8f, 37]...
🔧 MEST Add: keyword='streaming', fid='ente_00000548'
🔧 MEST Add: proof size=159 bytes, root_hash=[ee, 43, 82, ba, 09, 84, 8f, 37]...
🗑️ MEST Delete: keyword='streaming', fid='ente_00000548' (key completely removed)
🗑️ MEST Delete: post-delete root_hash=[e3, b0, c4, 42, 98, fc, 1c, 14]...
🔧 MEST Add: keyword='science', fid='scie_00000549'
🔧 MEST Add: proof size=157 bytes, root_hash=[19, a6, be, 05, 11, 1e, d5, c7]...
🔍 MEST Query: keyword='science', found 1 fids
🔍 MEST Query: returning proof (157 bytes)
🗑️ MEST Delete: keyword='science', fid='scie_00000549' (key completely removed)
🗑️ MEST Delete: post-delete root_hash=[e3, b0, c4, 42, 98, fc, 1c, 14]...
🗑️ MEST Delete: keyword='science', fid='scie_00000549' (key completely removed)
🗑️ MEST Delete: post-delete root_hash=[e3, b0, c4, 42, 98, fc, 1c, 14]...
🔧 MEST Add: keyword='health', fid='heal_00000554'
🔧 MEST Add: proof size=156 bytes, root_hash=[72, 1a, 7b, cf, 5f, 63, a3, 07]...
🔍 MEST Query: keyword='health', found 1 fids
🔍 MEST Query: returning proof (156 bytes)
🗑️ MEST Delete: keyword='health', fid='heal_00000554' (key completely removed)
🗑️ MEST Delete: post-delete root_hash=[e3, b0, c4, 42, 98, fc, 1c, 14]...
🗑️ MEST Delete: keyword='health', fid='heal_00000554' (key completely removed)
🗑️ MEST Delete: post-delete root_hash=[e3, b0, c4, 42, 98, fc, 1c, 14]...
🔧 MEST Add: keyword='science', fid='scie_00000555'
🔧 MEST Add: proof size=157 bytes, root_hash=[20, 4c, 43, d7, 36, a3, 99, 01]...
🔍 MEST Query: keyword='science', found 1 fids
🔍 MEST Query: returning proof (157 bytes)
🗑️ MEST Delete: keyword='science', fid='scie_00000555' (key completely removed)
🗑️ MEST Delete: post-delete root_hash=[e3, b0, c4, 42, 98, fc, 1c, 14]...
🗑️ MEST Delete: keyword='science', fid='scie_00000555' (key completely removed)
🗑️ MEST Delete: post-delete root_hash=[e3, b0, c4, 42, 98, fc, 1c, 14]...
🔧 MEST Add: keyword='cybersecurity', fid='tech_00000557'
🔧 MEST Add: proof size=163 bytes, root_hash=[1f, 67, 91, 13, 45, 9a, cd, 01]...
🗑️ MEST Delete: keyword='cybersecurity', fid='tech_00000557' (key completely removed)
🗑️ MEST Delete: post-delete root_hash=[e3, b0, c4, 42, 98, fc, 1c, 14]...
🔧 MEST Add: keyword='streaming', fid='ente_00000559'
🔧 MEST Add: proof size=159 bytes, root_hash=[d5, 61, ae, d0, 3d, af, 26, 41]...
🔧 MEST Add: keyword='streaming', fid='ente_00000559'
🔧 MEST Add: proof size=159 bytes, root_hash=[d5, 61, ae, d0, 3d, af, 26, 41]...
🗑️ MEST Delete: keyword='streaming', fid='ente_00000559' (key completely removed)
🗑️ MEST Delete: post-delete root_hash=[e3, b0, c4, 42, 98, fc, 1c, 14]...
🔧 MEST Add: keyword='science', fid='scie_00000561'
🔧 MEST Add: proof size=157 bytes, root_hash=[f0, 12, 9a, c7, 13, 64, 87, c3]...
🔍 MEST Query: keyword='science', found 1 fids
🔍 MEST Query: returning proof (157 bytes)
🗑️ MEST Delete: keyword='science', fid='scie_00000561' (key completely removed)
🗑️ MEST Delete: post-delete root_hash=[e3, b0, c4, 42, 98, fc, 1c, 14]...
🗑️ MEST Delete: keyword='science', fid='scie_00000561' (key completely removed)
🗑️ MEST Delete: post-delete root_hash=[e3, b0, c4, 42, 98, fc, 1c, 14]...
🔧 MEST Add: keyword='health', fid='heal_00000563'
🔧 MEST Add: proof size=156 bytes, root_hash=[c8, 3e, ca, 36, 38, 4f, c1, 5e]...
🔍 MEST Query: keyword='health', found 1 fids
🔍 MEST Query: returning proof (156 bytes)
🗑️ MEST Delete: keyword='health', fid='heal_00000563' (key completely removed)
🗑️ MEST Delete: post-delete root_hash=[e3, b0, c4, 42, 98, fc, 1c, 14]...
🗑️ MEST Delete: keyword='health', fid='heal_00000563' (key completely removed)
🗑️ MEST Delete: post-delete root_hash=[e3, b0, c4, 42, 98, fc, 1c, 14]...
🔧 MEST Add: keyword='health', fid='heal_00000565'
🔧 MEST Add: proof size=156 bytes, root_hash=[5c, dc, 83, cc, cd, d8, 06, cd]...
🔍 MEST Query: keyword='health', found 1 fids
🔍 MEST Query: returning proof (156 bytes)
🗑️ MEST Delete: keyword='health', fid='heal_00000565' (key completely removed)
🗑️ MEST Delete: post-delete root_hash=[e3, b0, c4, 42, 98, fc, 1c, 14]...
🗑️ MEST Delete: keyword='health', fid='heal_00000565' (key completely removed)
🗑️ MEST Delete: post-delete root_hash=[e3, b0, c4, 42, 98, fc, 1c, 14]...
🔧 MEST Add: keyword='health', fid='heal_00000568'
🔧 MEST Add: proof size=156 bytes, root_hash=[30, 2a, 0a, 41, 97, c5, 1d, 33]...
🔍 MEST Query: keyword='health', found 1 fids
🔍 MEST Query: returning proof (156 bytes)
🗑️ MEST Delete: keyword='health', fid='heal_00000568' (key completely removed)
🗑️ MEST Delete: post-delete root_hash=[e3, b0, c4, 42, 98, fc, 1c, 14]...
🗑️ MEST Delete: keyword='health', fid='heal_00000568' (key completely removed)
🗑️ MEST Delete: post-delete root_hash=[e3, b0, c4, 42, 98, fc, 1c, 14]...
🔧 MEST Add: keyword='science', fid='scie_00000569'
🔧 MEST Add: proof size=157 bytes, root_hash=[44, e4, b2, 45, 60, f5, 2c, 77]...
🔍 MEST Query: keyword='science', found 1 fids
🔍 MEST Query: returning proof (157 bytes)
🗑️ MEST Delete: keyword='science', fid='scie_00000569' (key completely removed)
🗑️ MEST Delete: post-delete root_hash=[e3, b0, c4, 42, 98, fc, 1c, 14]...
🗑️ MEST Delete: keyword='science', fid='scie_00000569' (key completely removed)
🗑️ MEST Delete: post-delete root_hash=[e3, b0, c4, 42, 98, fc, 1c, 14]...
🔧 MEST Add: keyword='health', fid='heal_00000572'
🔧 MEST Add: proof size=156 bytes, root_hash=[b4, 0a, bf, 9a, 45, 13, 17, 7e]...
🔍 MEST Query: keyword='health', found 1 fids
🔍 MEST Query: returning proof (156 bytes)
🗑️ MEST Delete: keyword='health', fid='heal_00000572' (key completely removed)
🗑️ MEST Delete: post-delete root_hash=[e3, b0, c4, 42, 98, fc, 1c, 14]...
🗑️ MEST Delete: keyword='health', fid='heal_00000572' (key completely removed)
🗑️ MEST Delete: post-delete root_hash=[e3, b0, c4, 42, 98, fc, 1c, 14]...
🔧 MEST Add: keyword='soccer', fid='spor_00000573'
🔧 MEST Add: proof size=156 bytes, root_hash=[4c, bf, 79, 12, d4, 50, cc, 44]...
🗑️ MEST Delete: keyword='soccer', fid='spor_00000573' (key completely removed)
🗑️ MEST Delete: post-delete root_hash=[e3, b0, c4, 42, 98, fc, 1c, 14]...
🔧 MEST Add: keyword='health', fid='heal_00000574'
🔧 MEST Add: proof size=156 bytes, root_hash=[40, 09, 18, 05, 1f, 2d, 4b, 4d]...
🔍 MEST Query: keyword='health', found 1 fids
🔍 MEST Query: returning proof (156 bytes)
🗑️ MEST Delete: keyword='health', fid='heal_00000574' (key completely removed)
🗑️ MEST Delete: post-delete root_hash=[e3, b0, c4, 42, 98, fc, 1c, 14]...
🗑️ MEST Delete: keyword='health', fid='heal_00000574' (key completely removed)
🗑️ MEST Delete: post-delete root_hash=[e3, b0, c4, 42, 98, fc, 1c, 14]...
🔧 MEST Add: keyword='health', fid='heal_00000586'
🔧 MEST Add: proof size=156 bytes, root_hash=[41, a2, 4e, d9, 96, f3, 04, 7d]...
🔍 MEST Query: keyword='health', found 1 fids
🔍 MEST Query: returning proof (156 bytes)
🗑️ MEST Delete: keyword='health', fid='heal_00000586' (key completely removed)
🗑️ MEST Delete: post-delete root_hash=[e3, b0, c4, 42, 98, fc, 1c, 14]...
🗑️ MEST Delete: keyword='health', fid='heal_00000586' (key completely removed)
🗑️ MEST Delete: post-delete root_hash=[e3, b0, c4, 42, 98, fc, 1c, 14]...
🔧 MEST Add: keyword='science', fid='scie_00000587'
🔧 MEST Add: proof size=157 bytes, root_hash=[76, d8, 1e, 64, d2, 35, f5, a1]...
🔍 MEST Query: keyword='science', found 1 fids
🔍 MEST Query: returning proof (157 bytes)
🗑️ MEST Delete: keyword='science', fid='scie_00000587' (key completely removed)
🗑️ MEST Delete: post-delete root_hash=[e3, b0, c4, 42, 98, fc, 1c, 14]...
🗑️ MEST Delete: keyword='science', fid='scie_00000587' (key completely removed)
🗑️ MEST Delete: post-delete root_hash=[e3, b0, c4, 42, 98, fc, 1c, 14]...
🔧 MEST Add: keyword='science', fid='scie_00000591'
🔧 MEST Add: proof size=157 bytes, root_hash=[20, ec, fe, 3c, bd, 95, cd, 46]...
🔍 MEST Query: keyword='science', found 1 fids
🔍 MEST Query: returning proof (157 bytes)
🗑️ MEST Delete: keyword='science', fid='scie_00000591' (key completely removed)
🗑️ MEST Delete: post-delete root_hash=[e3, b0, c4, 42, 98, fc, 1c, 14]...
🗑️ MEST Delete: keyword='science', fid='scie_00000591' (key completely removed)
🗑️ MEST Delete: post-delete root_hash=[e3, b0, c4, 42, 98, fc, 1c, 14]...
🔧 MEST Add: keyword='soccer', fid='spor_00000592'
🔧 MEST Add: proof size=156 bytes, root_hash=[73, 8c, 13, c7, 6a, d0, c1, fd]...
🗑️ MEST Delete: keyword='soccer', fid='spor_00000592' (key completely removed)
🗑️ MEST Delete: post-delete root_hash=[e3, b0, c4, 42, 98, fc, 1c, 14]...
🔧 MEST Add: keyword='health', fid='heal_00000593'
🔧 MEST Add: proof size=156 bytes, root_hash=[20, 55, 70, b9, 83, 91, 3f, e6]...
🔍 MEST Query: keyword='health', found 1 fids
🔍 MEST Query: returning proof (156 bytes)
🗑️ MEST Delete: keyword='health', fid='heal_00000593' (key completely removed)
🗑️ MEST Delete: post-delete root_hash=[e3, b0, c4, 42, 98, fc, 1c, 14]...
🗑️ MEST Delete: keyword='health', fid='heal_00000593' (key completely removed)
🗑️ MEST Delete: post-delete root_hash=[e3, b0, c4, 42, 98, fc, 1c, 14]...
🔧 MEST Add: keyword='science', fid='scie_00000598'
🔧 MEST Add: proof size=157 bytes, root_hash=[9f, 30, ae, e9, 5a, 7b, 62, ba]...
🔍 MEST Query: keyword='science', found 1 fids
🔍 MEST Query: returning proof (157 bytes)
🗑️ MEST Delete: keyword='science', fid='scie_00000598' (key completely removed)
🗑️ MEST Delete: post-delete root_hash=[e3, b0, c4, 42, 98, fc, 1c, 14]...
🗑️ MEST Delete: keyword='science', fid='scie_00000598' (key completely removed)
🗑️ MEST Delete: post-delete root_hash=[e3, b0, c4, 42, 98, fc, 1c, 14]...
🔧 MEST Add: keyword='cybersecurity', fid='tech_00000599'
🔧 MEST Add: proof size=163 bytes, root_hash=[a0, b6, f3, 09, 3d, 83, 40, 35]...
🔧 MEST Add: keyword='cybersecurity', fid='tech_00000599'
🔧 MEST Add: proof size=163 bytes, root_hash=[a0, b6, f3, 09, 3d, 83, 40, 35]...
🗑️ MEST Delete: keyword='cybersecurity', fid='tech_00000599' (key completely removed)
🗑️ MEST Delete: post-delete root_hash=[e3, b0, c4, 42, 98, fc, 1c, 14]...
🔧 MEST Add: keyword='health', fid='heal_00000609'
🔧 MEST Add: proof size=156 bytes, root_hash=[55, 12, cd, 1d, d6, cb, 9c, 5d]...
🔍 MEST Query: keyword='health', found 1 fids
🔍 MEST Query: returning proof (156 bytes)
🗑️ MEST Delete: keyword='health', fid='heal_00000609' (key completely removed)
🗑️ MEST Delete: post-delete root_hash=[e3, b0, c4, 42, 98, fc, 1c, 14]...
🗑️ MEST Delete: keyword='health', fid='heal_00000609' (key completely removed)
🗑️ MEST Delete: post-delete root_hash=[e3, b0, c4, 42, 98, fc, 1c, 14]...
🔧 MEST Add: keyword='science', fid='scie_00000610'
🔧 MEST Add: proof size=157 bytes, root_hash=[61, b3, 16, 5c, c0, 1c, d7, e5]...
🔍 MEST Query: keyword='science', found 1 fids
🔍 MEST Query: returning proof (157 bytes)
🗑️ MEST Delete: keyword='science', fid='scie_00000610' (key completely removed)
🗑️ MEST Delete: post-delete root_hash=[e3, b0, c4, 42, 98, fc, 1c, 14]...
🗑️ MEST Delete: keyword='science', fid='scie_00000610' (key completely removed)
🗑️ MEST Delete: post-delete root_hash=[e3, b0, c4, 42, 98, fc, 1c, 14]...
🔧 MEST Add: keyword='cybersecurity', fid='tech_00000611'
🔧 MEST Add: proof size=163 bytes, root_hash=[09, 4f, e1, f0, 3e, 3b, cf, 81]...
🗑️ MEST Delete: keyword='cybersecurity', fid='tech_00000611' (key completely removed)
🗑️ MEST Delete: post-delete root_hash=[e3, b0, c4, 42, 98, fc, 1c, 14]...
🔧 MEST Add: keyword='health', fid='heal_00000612'
🔧 MEST Add: proof size=156 bytes, root_hash=[16, 54, be, 87, 3d, 6d, 06, 3a]...
🔍 MEST Query: keyword='health', found 1 fids
🔍 MEST Query: returning proof (156 bytes)
🗑️ MEST Delete: keyword='health', fid='heal_00000612' (key completely removed)
🗑️ MEST Delete: post-delete root_hash=[e3, b0, c4, 42, 98, fc, 1c, 14]...
🗑️ MEST Delete: keyword='health', fid='heal_00000612' (key completely removed)
🗑️ MEST Delete: post-delete root_hash=[e3, b0, c4, 42, 98, fc, 1c, 14]...
🔧 MEST Add: keyword='health', fid='heal_00000618'
🔧 MEST Add: proof size=156 bytes, root_hash=[29, a9, 76, 2f, da, a3, 24, 4d]...
🔍 MEST Query: keyword='health', found 1 fids
🔍 MEST Query: returning proof (156 bytes)
🗑️ MEST Delete: keyword='health', fid='heal_00000618' (key completely removed)
🗑️ MEST Delete: post-delete root_hash=[e3, b0, c4, 42, 98, fc, 1c, 14]...
🗑️ MEST Delete: keyword='health', fid='heal_00000618' (key completely removed)
🗑️ MEST Delete: post-delete root_hash=[e3, b0, c4, 42, 98, fc, 1c, 14]...
🔧 MEST Add: keyword='health', fid='heal_00000619'
🔧 MEST Add: proof size=156 bytes, root_hash=[4f, 26, 16, a8, 78, ff, 02, fd]...
🔍 MEST Query: keyword='health', found 1 fids
🔍 MEST Query: returning proof (156 bytes)
🗑️ MEST Delete: keyword='health', fid='heal_00000619' (key completely removed)
🗑️ MEST Delete: post-delete root_hash=[e3, b0, c4, 42, 98, fc, 1c, 14]...
🗑️ MEST Delete: keyword='health', fid='heal_00000619' (key completely removed)
🗑️ MEST Delete: post-delete root_hash=[e3, b0, c4, 42, 98, fc, 1c, 14]...
🔧 MEST Add: keyword='health', fid='heal_00000623'
🔧 MEST Add: proof size=156 bytes, root_hash=[3b, 4c, 8f, e2, 36, d1, 8a, 28]...
🔍 MEST Query: keyword='health', found 1 fids
🔍 MEST Query: returning proof (156 bytes)
🗑️ MEST Delete: keyword='health', fid='heal_00000623' (key completely removed)
🗑️ MEST Delete: post-delete root_hash=[e3, b0, c4, 42, 98, fc, 1c, 14]...
🗑️ MEST Delete: keyword='health', fid='heal_00000623' (key completely removed)
🗑️ MEST Delete: post-delete root_hash=[e3, b0, c4, 42, 98, fc, 1c, 14]...
🔧 MEST Add: keyword='health', fid='heal_00000628'
🔧 MEST Add: proof size=156 bytes, root_hash=[61, 0a, 2f, c9, f5, 36, 35, 60]...
🔍 MEST Query: keyword='health', found 1 fids
🔍 MEST Query: returning proof (156 bytes)
🗑️ MEST Delete: keyword='health', fid='heal_00000628' (key completely removed)
🗑️ MEST Delete: post-delete root_hash=[e3, b0, c4, 42, 98, fc, 1c, 14]...
🗑️ MEST Delete: keyword='health', fid='heal_00000628' (key completely removed)
🗑️ MEST Delete: post-delete root_hash=[e3, b0, c4, 42, 98, fc, 1c, 14]...
🔧 MEST Add: keyword='science', fid='scie_00000629'
🔧 MEST Add: proof size=157 bytes, root_hash=[d9, a2, 4a, 77, f0, 66, 94, 63]...
🔍 MEST Query: keyword='science', found 1 fids
🔍 MEST Query: returning proof (157 bytes)
🗑️ MEST Delete: keyword='science', fid='scie_00000629' (key completely removed)
🗑️ MEST Delete: post-delete root_hash=[e3, b0, c4, 42, 98, fc, 1c, 14]...
🗑️ MEST Delete: keyword='science', fid='scie_00000629' (key completely removed)
🗑️ MEST Delete: post-delete root_hash=[e3, b0, c4, 42, 98, fc, 1c, 14]...
🔧 MEST Add: keyword='health', fid='heal_00000631'
🔧 MEST Add: proof size=156 bytes, root_hash=[7f, 14, 88, 43, c4, ee, ba, 24]...
🔍 MEST Query: keyword='health', found 1 fids
🔍 MEST Query: returning proof (156 bytes)
🗑️ MEST Delete: keyword='health', fid='heal_00000631' (key completely removed)
🗑️ MEST Delete: post-delete root_hash=[e3, b0, c4, 42, 98, fc, 1c, 14]...
🗑️ MEST Delete: keyword='health', fid='heal_00000631' (key completely removed)
🗑️ MEST Delete: post-delete root_hash=[e3, b0, c4, 42, 98, fc, 1c, 14]...
🔧 MEST Add: keyword='science', fid='scie_00000632'
🔧 MEST Add: proof size=157 bytes, root_hash=[79, 4e, 2b, 1b, a9, 2b, 02, 63]...
🔍 MEST Query: keyword='science', found 1 fids
🔍 MEST Query: returning proof (157 bytes)
🗑️ MEST Delete: keyword='science', fid='scie_00000632' (key completely removed)
🗑️ MEST Delete: post-delete root_hash=[e3, b0, c4, 42, 98, fc, 1c, 14]...
🗑️ MEST Delete: keyword='science', fid='scie_00000632' (key completely removed)
🗑️ MEST Delete: post-delete root_hash=[e3, b0, c4, 42, 98, fc, 1c, 14]...
🔧 MEST Add: keyword='cybersecurity', fid='tech_00000635'
🔧 MEST Add: proof size=163 bytes, root_hash=[61, 01, 47, 4d, 47, 3e, f8, 28]...
🔧 MEST Add: keyword='cybersecurity', fid='tech_00000635'
🔧 MEST Add: proof size=163 bytes, root_hash=[61, 01, 47, 4d, 47, 3e, f8, 28]...
🗑️ MEST Delete: keyword='cybersecurity', fid='tech_00000635' (key completely removed)
🗑️ MEST Delete: post-delete root_hash=[e3, b0, c4, 42, 98, fc, 1c, 14]...
🔧 MEST Add: keyword='health', fid='heal_00000640'
🔧 MEST Add: proof size=156 bytes, root_hash=[63, 07, 3c, 38, 59, 8d, fc, 6d]...
🔍 MEST Query: keyword='health', found 1 fids
🔍 MEST Query: returning proof (156 bytes)
🗑️ MEST Delete: keyword='health', fid='heal_00000640' (key completely removed)
🗑️ MEST Delete: post-delete root_hash=[e3, b0, c4, 42, 98, fc, 1c, 14]...
🗑️ MEST Delete: keyword='health', fid='heal_00000640' (key completely removed)
🗑️ MEST Delete: post-delete root_hash=[e3, b0, c4, 42, 98, fc, 1c, 14]...
🔧 MEST Add: keyword='streaming', fid='ente_00000644'
🔧 MEST Add: proof size=159 bytes, root_hash=[e1, cf, 6a, 38, f4, 3d, 5f, 81]...
🔧 MEST Add: keyword='streaming', fid='ente_00000644'
🔧 MEST Add: proof size=159 bytes, root_hash=[e1, cf, 6a, 38, f4, 3d, 5f, 81]...
🗑️ MEST Delete: keyword='streaming', fid='ente_00000644' (key completely removed)
🗑️ MEST Delete: post-delete root_hash=[e3, b0, c4, 42, 98, fc, 1c, 14]...
🔧 MEST Add: keyword='health', fid='heal_00000648'
🔧 MEST Add: proof size=156 bytes, root_hash=[8b, d1, c9, 00, b1, fb, 5b, 6e]...
🔍 MEST Query: keyword='health', found 1 fids
🔍 MEST Query: returning proof (156 bytes)
🗑️ MEST Delete: keyword='health', fid='heal_00000648' (key completely removed)
🗑️ MEST Delete: post-delete root_hash=[e3, b0, c4, 42, 98, fc, 1c, 14]...
🗑️ MEST Delete: keyword='health', fid='heal_00000648' (key completely removed)
🗑️ MEST Delete: post-delete root_hash=[e3, b0, c4, 42, 98, fc, 1c, 14]...
🔧 MEST Add: keyword='science', fid='scie_00000649'
🔧 MEST Add: proof size=157 bytes, root_hash=[03, 41, 61, 27, a4, 43, ef, 4e]...
🔍 MEST Query: keyword='science', found 1 fids
🔍 MEST Query: returning proof (157 bytes)
🗑️ MEST Delete: keyword='science', fid='scie_00000649' (key completely removed)
🗑️ MEST Delete: post-delete root_hash=[e3, b0, c4, 42, 98, fc, 1c, 14]...
🗑️ MEST Delete: keyword='science', fid='scie_00000649' (key completely removed)
🗑️ MEST Delete: post-delete root_hash=[e3, b0, c4, 42, 98, fc, 1c, 14]...
🔧 MEST Add: keyword='health', fid='heal_00000653'
🔧 MEST Add: proof size=156 bytes, root_hash=[0a, 2a, 36, ac, d3, 3a, ff, dc]...
🔍 MEST Query: keyword='health', found 1 fids
🔍 MEST Query: returning proof (156 bytes)
🗑️ MEST Delete: keyword='health', fid='heal_00000653' (key completely removed)
🗑️ MEST Delete: post-delete root_hash=[e3, b0, c4, 42, 98, fc, 1c, 14]...
🗑️ MEST Delete: keyword='health', fid='heal_00000653' (key completely removed)
🗑️ MEST Delete: post-delete root_hash=[e3, b0, c4, 42, 98, fc, 1c, 14]...
🔧 MEST Add: keyword='health', fid='heal_00000659'
🔧 MEST Add: proof size=156 bytes, root_hash=[24, c0, 59, 00, c2, 5a, 9c, 5a]...
🔍 MEST Query: keyword='health', found 1 fids
🔍 MEST Query: returning proof (156 bytes)
🗑️ MEST Delete: keyword='health', fid='heal_00000659' (key completely removed)
🗑️ MEST Delete: post-delete root_hash=[e3, b0, c4, 42, 98, fc, 1c, 14]...
🗑️ MEST Delete: keyword='health', fid='heal_00000659' (key completely removed)
🗑️ MEST Delete: post-delete root_hash=[e3, b0, c4, 42, 98, fc, 1c, 14]...
🔧 MEST Add: keyword='health', fid='heal_00000664'
🔧 MEST Add: proof size=156 bytes, root_hash=[85, 05, 9a, 0d, 41, b9, 70, 6a]...
🔍 MEST Query: keyword='health', found 1 fids
🔍 MEST Query: returning proof (156 bytes)
🗑️ MEST Delete: keyword='health', fid='heal_00000664' (key completely removed)
🗑️ MEST Delete: post-delete root_hash=[e3, b0, c4, 42, 98, fc, 1c, 14]...
🗑️ MEST Delete: keyword='health', fid='heal_00000664' (key completely removed)
🗑️ MEST Delete: post-delete root_hash=[e3, b0, c4, 42, 98, fc, 1c, 14]...
🔧 MEST Add: keyword='cybersecurity', fid='tech_00000666'
🔧 MEST Add: proof size=163 bytes, root_hash=[2c, a7, ad, 25, 46, 3c, ff, 1e]...
🔧 MEST Add: keyword='cybersecurity', fid='tech_00000666'
🔧 MEST Add: proof size=163 bytes, root_hash=[2c, a7, ad, 25, 46, 3c, ff, 1e]...
🗑️ MEST Delete: keyword='cybersecurity', fid='tech_00000666' (key completely removed)
🗑️ MEST Delete: post-delete root_hash=[e3, b0, c4, 42, 98, fc, 1c, 14]...
🔧 MEST Add: keyword='science', fid='scie_00000668'
🔧 MEST Add: proof size=157 bytes, root_hash=[bb, 7d, 07, 2c, 79, 1b, dc, 87]...
🔍 MEST Query: keyword='science', found 1 fids
🔍 MEST Query: returning proof (157 bytes)
🗑️ MEST Delete: keyword='science', fid='scie_00000668' (key completely removed)
🗑️ MEST Delete: post-delete root_hash=[e3, b0, c4, 42, 98, fc, 1c, 14]...
🗑️ MEST Delete: keyword='science', fid='scie_00000668' (key completely removed)
🗑️ MEST Delete: post-delete root_hash=[e3, b0, c4, 42, 98, fc, 1c, 14]...
🔧 MEST Add: keyword='health', fid='heal_00000669'
🔧 MEST Add: proof size=156 bytes, root_hash=[e3, 2b, a1, 79, ed, b1, 90, 68]...
🔍 MEST Query: keyword='health', found 1 fids
🔍 MEST Query: returning proof (156 bytes)
🗑️ MEST Delete: keyword='health', fid='heal_00000669' (key completely removed)
🗑️ MEST Delete: post-delete root_hash=[e3, b0, c4, 42, 98, fc, 1c, 14]...
🗑️ MEST Delete: keyword='health', fid='heal_00000669' (key completely removed)
🗑️ MEST Delete: post-delete root_hash=[e3, b0, c4, 42, 98, fc, 1c, 14]...
🔧 MEST Add: keyword='enterprise', fid='busi_00000683'
🔧 MEST Add: proof size=160 bytes, root_hash=[88, c3, e0, 25, 6a, de, d5, 3a]...
🗑️ MEST Delete: keyword='enterprise', fid='busi_00000683' (key completely removed)
🗑️ MEST Delete: post-delete root_hash=[e3, b0, c4, 42, 98, fc, 1c, 14]...
🔧 MEST Add: keyword='science', fid='scie_00000684'
🔧 MEST Add: proof size=157 bytes, root_hash=[9a, 87, a5, ae, 00, 51, 64, 54]...
🔍 MEST Query: keyword='science', found 1 fids
🔍 MEST Query: returning proof (157 bytes)
🗑️ MEST Delete: keyword='science', fid='scie_00000684' (key completely removed)
🗑️ MEST Delete: post-delete root_hash=[e3, b0, c4, 42, 98, fc, 1c, 14]...
🗑️ MEST Delete: keyword='science', fid='scie_00000684' (key completely removed)
🗑️ MEST Delete: post-delete root_hash=[e3, b0, c4, 42, 98, fc, 1c, 14]...
🔧 MEST Add: keyword='health', fid='heal_00000688'
🔧 MEST Add: proof size=156 bytes, root_hash=[46, 78, 4c, 2a, 5e, 56, 1f, 63]...
🔍 MEST Query: keyword='health', found 1 fids
🔍 MEST Query: returning proof (156 bytes)
🗑️ MEST Delete: keyword='health', fid='heal_00000688' (key completely removed)
🗑️ MEST Delete: post-delete root_hash=[e3, b0, c4, 42, 98, fc, 1c, 14]...
🗑️ MEST Delete: keyword='health', fid='heal_00000688' (key completely removed)
🗑️ MEST Delete: post-delete root_hash=[e3, b0, c4, 42, 98, fc, 1c, 14]...
🔧 MEST Add: keyword='health', fid='heal_00000690'
🔧 MEST Add: proof size=156 bytes, root_hash=[1e, 3e, 59, 1f, fb, 0b, 81, 17]...
🔍 MEST Query: keyword='health', found 1 fids
🔍 MEST Query: returning proof (156 bytes)
🗑️ MEST Delete: keyword='health', fid='heal_00000690' (key completely removed)
🗑️ MEST Delete: post-delete root_hash=[e3, b0, c4, 42, 98, fc, 1c, 14]...
🗑️ MEST Delete: keyword='health', fid='heal_00000690' (key completely removed)
🗑️ MEST Delete: post-delete root_hash=[e3, b0, c4, 42, 98, fc, 1c, 14]...
🔧 MEST Add: keyword='science', fid='scie_00000691'
🔧 MEST Add: proof size=157 bytes, root_hash=[47, 88, f6, 02, ce, dc, 0a, b9]...
🔍 MEST Query: keyword='science', found 1 fids
🔍 MEST Query: returning proof (157 bytes)
🗑️ MEST Delete: keyword='science', fid='scie_00000691' (key completely removed)
🗑️ MEST Delete: post-delete root_hash=[e3, b0, c4, 42, 98, fc, 1c, 14]...
🗑️ MEST Delete: keyword='science', fid='scie_00000691' (key completely removed)
🗑️ MEST Delete: post-delete root_hash=[e3, b0, c4, 42, 98, fc, 1c, 14]...
🔧 MEST Add: keyword='cybersecurity', fid='tech_00000692'
🔧 MEST Add: proof size=163 bytes, root_hash=[64, 75, 88, cf, 0c, b6, 4e, c9]...
🗑️ MEST Delete: keyword='cybersecurity', fid='tech_00000692' (key completely removed)
🗑️ MEST Delete: post-delete root_hash=[e3, b0, c4, 42, 98, fc, 1c, 14]...
🔧 MEST Add: keyword='science', fid='scie_00000694'
🔧 MEST Add: proof size=157 bytes, root_hash=[5f, 54, 10, 16, 9a, be, 89, 62]...
🔍 MEST Query: keyword='science', found 1 fids
🔍 MEST Query: returning proof (157 bytes)
🗑️ MEST Delete: keyword='science', fid='scie_00000694' (key completely removed)
🗑️ MEST Delete: post-delete root_hash=[e3, b0, c4, 42, 98, fc, 1c, 14]...
🗑️ MEST Delete: keyword='science', fid='scie_00000694' (key completely removed)
🗑️ MEST Delete: post-delete root_hash=[e3, b0, c4, 42, 98, fc, 1c, 14]...
🔧 MEST Add: keyword='health', fid='heal_00000695'
🔧 MEST Add: proof size=156 bytes, root_hash=[c3, de, 27, bf, 88, d4, 5d, ee]...
🔍 MEST Query: keyword='health', found 1 fids
🔍 MEST Query: returning proof (156 bytes)
🗑️ MEST Delete: keyword='health', fid='heal_00000695' (key completely removed)
🗑️ MEST Delete: post-delete root_hash=[e3, b0, c4, 42, 98, fc, 1c, 14]...
🗑️ MEST Delete: keyword='health', fid='heal_00000695' (key completely removed)
🗑️ MEST Delete: post-delete root_hash=[e3, b0, c4, 42, 98, fc, 1c, 14]...
🔧 MEST Add: keyword='health', fid='heal_00000701'
🔧 MEST Add: proof size=156 bytes, root_hash=[69, 33, 61, d0, 84, 84, 07, 43]...
🔍 MEST Query: keyword='health', found 1 fids
🔍 MEST Query: returning proof (156 bytes)
🗑️ MEST Delete: keyword='health', fid='heal_00000701' (key completely removed)
🗑️ MEST Delete: post-delete root_hash=[e3, b0, c4, 42, 98, fc, 1c, 14]...
🗑️ MEST Delete: keyword='health', fid='heal_00000701' (key completely removed)
🗑️ MEST Delete: post-delete root_hash=[e3, b0, c4, 42, 98, fc, 1c, 14]...
🔧 MEST Add: keyword='cybersecurity', fid='tech_00000703'
🔧 MEST Add: proof size=163 bytes, root_hash=[dc, 0f, b6, 3c, 03, bb, 46, 06]...
🔧 MEST Add: keyword='cybersecurity', fid='tech_00000703'
🔧 MEST Add: proof size=163 bytes, root_hash=[dc, 0f, b6, 3c, 03, bb, 46, 06]...
🗑️ MEST Delete: keyword='cybersecurity', fid='tech_00000703' (key completely removed)
🗑️ MEST Delete: post-delete root_hash=[e3, b0, c4, 42, 98, fc, 1c, 14]...
🔧 MEST Add: keyword='science', fid='scie_00000707'
🔧 MEST Add: proof size=157 bytes, root_hash=[a2, ad, 7d, 75, 53, cc, 70, c1]...
🔍 MEST Query: keyword='science', found 1 fids
🔍 MEST Query: returning proof (157 bytes)
🗑️ MEST Delete: keyword='science', fid='scie_00000707' (key completely removed)
🗑️ MEST Delete: post-delete root_hash=[e3, b0, c4, 42, 98, fc, 1c, 14]...
🗑️ MEST Delete: keyword='science', fid='scie_00000707' (key completely removed)
🗑️ MEST Delete: post-delete root_hash=[e3, b0, c4, 42, 98, fc, 1c, 14]...
🔧 MEST Add: keyword='streaming', fid='ente_00000709'
🔧 MEST Add: proof size=159 bytes, root_hash=[dc, 80, 65, 98, e3, 45, 01, d8]...
🗑️ MEST Delete: keyword='streaming', fid='ente_00000709' (key completely removed)
🗑️ MEST Delete: post-delete root_hash=[e3, b0, c4, 42, 98, fc, 1c, 14]...
🔧 MEST Add: keyword='health', fid='heal_00000710'
🔧 MEST Add: proof size=156 bytes, root_hash=[5b, a9, 3e, 57, cf, 2f, dc, 83]...
🔍 MEST Query: keyword='health', found 1 fids
🔍 MEST Query: returning proof (156 bytes)
🗑️ MEST Delete: keyword='health', fid='heal_00000710' (key completely removed)
🗑️ MEST Delete: post-delete root_hash=[e3, b0, c4, 42, 98, fc, 1c, 14]...
🗑️ MEST Delete: keyword='health', fid='heal_00000710' (key completely removed)
🗑️ MEST Delete: post-delete root_hash=[e3, b0, c4, 42, 98, fc, 1c, 14]...
🔧 MEST Add: keyword='soccer', fid='spor_00000717'
🔧 MEST Add: proof size=156 bytes, root_hash=[b2, 18, 08, 5f, 28, 4e, 84, 53]...
🔧 MEST Add: keyword='soccer', fid='spor_00000717'
🔧 MEST Add: proof size=156 bytes, root_hash=[b2, 18, 08, 5f, 28, 4e, 84, 53]...
🗑️ MEST Delete: keyword='soccer', fid='spor_00000717' (key completely removed)
🗑️ MEST Delete: post-delete root_hash=[e3, b0, c4, 42, 98, fc, 1c, 14]...
🔧 MEST Add: keyword='soccer', fid='spor_00000718'
🔧 MEST Add: proof size=156 bytes, root_hash=[eb, 83, 04, 60, cf, ee, 8e, 45]...
🗑️ MEST Delete: keyword='soccer', fid='spor_00000718' (key completely removed)
🗑️ MEST Delete: post-delete root_hash=[e3, b0, c4, 42, 98, fc, 1c, 14]...
🔧 MEST Add: keyword='science', fid='scie_00000722'
🔧 MEST Add: proof size=157 bytes, root_hash=[f6, 9c, ec, e9, ca, 0c, 78, cc]...
🔍 MEST Query: keyword='science', found 1 fids
🔍 MEST Query: returning proof (157 bytes)
🗑️ MEST Delete: keyword='science', fid='scie_00000722' (key completely removed)
🗑️ MEST Delete: post-delete root_hash=[e3, b0, c4, 42, 98, fc, 1c, 14]...
🗑️ MEST Delete: keyword='science', fid='scie_00000722' (key completely removed)
🗑️ MEST Delete: post-delete root_hash=[e3, b0, c4, 42, 98, fc, 1c, 14]...
🔧 MEST Add: keyword='health', fid='heal_00000723'
🔧 MEST Add: proof size=156 bytes, root_hash=[ae, ca, 21, f7, 8f, fb, 1a, 80]...
🔍 MEST Query: keyword='health', found 1 fids
🔍 MEST Query: returning proof (156 bytes)
🗑️ MEST Delete: keyword='health', fid='heal_00000723' (key completely removed)
🗑️ MEST Delete: post-delete root_hash=[e3, b0, c4, 42, 98, fc, 1c, 14]...
🗑️ MEST Delete: keyword='health', fid='heal_00000723' (key completely removed)
🗑️ MEST Delete: post-delete root_hash=[e3, b0, c4, 42, 98, fc, 1c, 14]...
🔧 MEST Add: keyword='science', fid='scie_00000724'
🔧 MEST Add: proof size=157 bytes, root_hash=[a0, 65, b5, da, 38, 2b, 63, 34]...
🔍 MEST Query: keyword='science', found 1 fids
🔍 MEST Query: returning proof (157 bytes)
🗑️ MEST Delete: keyword='science', fid='scie_00000724' (key completely removed)
🗑️ MEST Delete: post-delete root_hash=[e3, b0, c4, 42, 98, fc, 1c, 14]...
🗑️ MEST Delete: keyword='science', fid='scie_00000724' (key completely removed)
🗑️ MEST Delete: post-delete root_hash=[e3, b0, c4, 42, 98, fc, 1c, 14]...
🔧 MEST Add: keyword='cybersecurity', fid='tech_00000729'
🔧 MEST Add: proof size=163 bytes, root_hash=[f0, 9b, b0, cc, 57, 5d, 65, b7]...
🗑️ MEST Delete: keyword='cybersecurity', fid='tech_00000729' (key completely removed)
🗑️ MEST Delete: post-delete root_hash=[e3, b0, c4, 42, 98, fc, 1c, 14]...
🔧 MEST Add: keyword='streaming', fid='ente_00000734'
🔧 MEST Add: proof size=159 bytes, root_hash=[eb, a1, 9a, bc, 53, 33, 2e, 5e]...
🗑️ MEST Delete: keyword='streaming', fid='ente_00000734' (key completely removed)
🗑️ MEST Delete: post-delete root_hash=[e3, b0, c4, 42, 98, fc, 1c, 14]...
🔧 MEST Add: keyword='science', fid='scie_00000738'
🔧 MEST Add: proof size=157 bytes, root_hash=[8e, 6d, cf, f0, 9e, 12, 2e, 53]...
🔍 MEST Query: keyword='science', found 1 fids
🔍 MEST Query: returning proof (157 bytes)
🗑️ MEST Delete: keyword='science', fid='scie_00000738' (key completely removed)
🗑️ MEST Delete: post-delete root_hash=[e3, b0, c4, 42, 98, fc, 1c, 14]...
🗑️ MEST Delete: keyword='science', fid='scie_00000738' (key completely removed)
🗑️ MEST Delete: post-delete root_hash=[e3, b0, c4, 42, 98, fc, 1c, 14]...
🔧 MEST Add: keyword='science', fid='scie_00000743'
🔧 MEST Add: proof size=157 bytes, root_hash=[07, c1, c3, 74, 53, 1a, 98, 98]...
🔍 MEST Query: keyword='science', found 1 fids
🔍 MEST Query: returning proof (157 bytes)
🗑️ MEST Delete: keyword='science', fid='scie_00000743' (key completely removed)
🗑️ MEST Delete: post-delete root_hash=[e3, b0, c4, 42, 98, fc, 1c, 14]...
🗑️ MEST Delete: keyword='science', fid='scie_00000743' (key completely removed)
🗑️ MEST Delete: post-delete root_hash=[e3, b0, c4, 42, 98, fc, 1c, 14]...
🔧 MEST Add: keyword='health', fid='heal_00000744'
🔧 MEST Add: proof size=156 bytes, root_hash=[56, b9, f7, 43, 45, d8, cb, 9e]...
🔍 MEST Query: keyword='health', found 1 fids
🔍 MEST Query: returning proof (156 bytes)
🗑️ MEST Delete: keyword='health', fid='heal_00000744' (key completely removed)
🗑️ MEST Delete: post-delete root_hash=[e3, b0, c4, 42, 98, fc, 1c, 14]...
🗑️ MEST Delete: keyword='health', fid='heal_00000744' (key completely removed)
🗑️ MEST Delete: post-delete root_hash=[e3, b0, c4, 42, 98, fc, 1c, 14]...
🔧 MEST Add: keyword='science', fid='scie_00000747'
🔧 MEST Add: proof size=157 bytes, root_hash=[c1, e7, fd, f6, ba, 43, 47, 5b]...
🔍 MEST Query: keyword='science', found 1 fids
🔍 MEST Query: returning proof (157 bytes)
🗑️ MEST Delete: keyword='science', fid='scie_00000747' (key completely removed)
🗑️ MEST Delete: post-delete root_hash=[e3, b0, c4, 42, 98, fc, 1c, 14]...
🗑️ MEST Delete: keyword='science', fid='scie_00000747' (key completely removed)
🗑️ MEST Delete: post-delete root_hash=[e3, b0, c4, 42, 98, fc, 1c, 14]...
🔧 MEST Add: keyword='streaming', fid='ente_00000750'
🔧 MEST Add: proof size=159 bytes, root_hash=[54, 54, 04, f9, f4, 08, eb, f4]...
🗑️ MEST Delete: keyword='streaming', fid='ente_00000750' (key completely removed)
🗑️ MEST Delete: post-delete root_hash=[e3, b0, c4, 42, 98, fc, 1c, 14]...
🔧 MEST Add: keyword='health', fid='heal_00000756'
🔧 MEST Add: proof size=156 bytes, root_hash=[18, 77, 73, 9e, 59, 63, 2d, 59]...
🔍 MEST Query: keyword='health', found 1 fids
🔍 MEST Query: returning proof (156 bytes)
🗑️ MEST Delete: keyword='health', fid='heal_00000756' (key completely removed)
🗑️ MEST Delete: post-delete root_hash=[e3, b0, c4, 42, 98, fc, 1c, 14]...
🗑️ MEST Delete: keyword='health', fid='heal_00000756' (key completely removed)
🗑️ MEST Delete: post-delete root_hash=[e3, b0, c4, 42, 98, fc, 1c, 14]...
🔧 MEST Add: keyword='science', fid='scie_00000758'
🔧 MEST Add: proof size=157 bytes, root_hash=[b3, 2e, b3, e6, f7, a4, 2c, 78]...
🔍 MEST Query: keyword='science', found 1 fids
🔍 MEST Query: returning proof (157 bytes)
🗑️ MEST Delete: keyword='science', fid='scie_00000758' (key completely removed)
🗑️ MEST Delete: post-delete root_hash=[e3, b0, c4, 42, 98, fc, 1c, 14]...
🗑️ MEST Delete: keyword='science', fid='scie_00000758' (key completely removed)
🗑️ MEST Delete: post-delete root_hash=[e3, b0, c4, 42, 98, fc, 1c, 14]...
🔧 MEST Add: keyword='health', fid='heal_00000761'
🔧 MEST Add: proof size=156 bytes, root_hash=[0a, f0, ae, 27, 7a, bd, bd, 5a]...
🔍 MEST Query: keyword='health', found 1 fids
🔍 MEST Query: returning proof (156 bytes)
🗑️ MEST Delete: keyword='health', fid='heal_00000761' (key completely removed)
🗑️ MEST Delete: post-delete root_hash=[e3, b0, c4, 42, 98, fc, 1c, 14]...
🗑️ MEST Delete: keyword='health', fid='heal_00000761' (key completely removed)
🗑️ MEST Delete: post-delete root_hash=[e3, b0, c4, 42, 98, fc, 1c, 14]...
🔧 MEST Add: keyword='science', fid='scie_00000767'
🔧 MEST Add: proof size=157 bytes, root_hash=[99, 37, c0, 7f, e6, c5, e2, bf]...
🔍 MEST Query: keyword='science', found 1 fids
🔍 MEST Query: returning proof (157 bytes)
🗑️ MEST Delete: keyword='science', fid='scie_00000767' (key completely removed)
🗑️ MEST Delete: post-delete root_hash=[e3, b0, c4, 42, 98, fc, 1c, 14]...
🗑️ MEST Delete: keyword='science', fid='scie_00000767' (key completely removed)
🗑️ MEST Delete: post-delete root_hash=[e3, b0, c4, 42, 98, fc, 1c, 14]...
🔧 MEST Add: keyword='health', fid='heal_00000768'
🔧 MEST Add: proof size=156 bytes, root_hash=[46, fb, 3b, 54, e8, a7, 97, 2c]...
🔍 MEST Query: keyword='health', found 1 fids
🔍 MEST Query: returning proof (156 bytes)
🗑️ MEST Delete: keyword='health', fid='heal_00000768' (key completely removed)
🗑️ MEST Delete: post-delete root_hash=[e3, b0, c4, 42, 98, fc, 1c, 14]...
🗑️ MEST Delete: keyword='health', fid='heal_00000768' (key completely removed)
🗑️ MEST Delete: post-delete root_hash=[e3, b0, c4, 42, 98, fc, 1c, 14]...
🔧 MEST Add: keyword='health', fid='heal_00000770'
🔧 MEST Add: proof size=156 bytes, root_hash=[85, 7c, 31, 06, 2b, e4, 8a, f8]...
🔍 MEST Query: keyword='health', found 1 fids
🔍 MEST Query: returning proof (156 bytes)
🗑️ MEST Delete: keyword='health', fid='heal_00000770' (key completely removed)
🗑️ MEST Delete: post-delete root_hash=[e3, b0, c4, 42, 98, fc, 1c, 14]...
🗑️ MEST Delete: keyword='health', fid='heal_00000770' (key completely removed)
🗑️ MEST Delete: post-delete root_hash=[e3, b0, c4, 42, 98, fc, 1c, 14]...
🔧 MEST Add: keyword='science', fid='scie_00000771'
🔧 MEST Add: proof size=157 bytes, root_hash=[54, 9a, de, ca, 5a, fd, 51, f7]...
🔍 MEST Query: keyword='science', found 1 fids
🔍 MEST Query: returning proof (157 bytes)
🗑️ MEST Delete: keyword='science', fid='scie_00000771' (key completely removed)
🗑️ MEST Delete: post-delete root_hash=[e3, b0, c4, 42, 98, fc, 1c, 14]...
🗑️ MEST Delete: keyword='science', fid='scie_00000771' (key completely removed)
🗑️ MEST Delete: post-delete root_hash=[e3, b0, c4, 42, 98, fc, 1c, 14]...
🔧 MEST Add: keyword='health', fid='heal_00000775'
🔧 MEST Add: proof size=156 bytes, root_hash=[cc, db, 42, 60, e9, e5, 6d, c8]...
🔍 MEST Query: keyword='health', found 1 fids
🔍 MEST Query: returning proof (156 bytes)
🗑️ MEST Delete: keyword='health', fid='heal_00000775' (key completely removed)
🗑️ MEST Delete: post-delete root_hash=[e3, b0, c4, 42, 98, fc, 1c, 14]...
🗑️ MEST Delete: keyword='health', fid='heal_00000775' (key completely removed)
🗑️ MEST Delete: post-delete root_hash=[e3, b0, c4, 42, 98, fc, 1c, 14]...
🔧 MEST Add: keyword='enterprise', fid='busi_00000777'
🔧 MEST Add: proof size=160 bytes, root_hash=[e3, e4, f6, 9f, 58, 7d, c6, 6b]...
🗑️ MEST Delete: keyword='enterprise', fid='busi_00000777' (key completely removed)
🗑️ MEST Delete: post-delete root_hash=[e3, b0, c4, 42, 98, fc, 1c, 14]...
🔧 MEST Add: keyword='health', fid='heal_00000786'
🔧 MEST Add: proof size=156 bytes, root_hash=[ee, c0, b9, b8, 02, 38, 49, 9d]...
🔍 MEST Query: keyword='health', found 1 fids
🔍 MEST Query: returning proof (156 bytes)
🗑️ MEST Delete: keyword='health', fid='heal_00000786' (key completely removed)
🗑️ MEST Delete: post-delete root_hash=[e3, b0, c4, 42, 98, fc, 1c, 14]...
🗑️ MEST Delete: keyword='health', fid='heal_00000786' (key completely removed)
🗑️ MEST Delete: post-delete root_hash=[e3, b0, c4, 42, 98, fc, 1c, 14]...
🔧 MEST Add: keyword='cybersecurity', fid='tech_00000787'
🔧 MEST Add: proof size=163 bytes, root_hash=[6c, 8a, 4f, 5e, 09, 63, 25, 88]...
🗑️ MEST Delete: keyword='cybersecurity', fid='tech_00000787' (key completely removed)
🗑️ MEST Delete: post-delete root_hash=[e3, b0, c4, 42, 98, fc, 1c, 14]...
🔧 MEST Add: keyword='health', fid='heal_00000798'
🔧 MEST Add: proof size=156 bytes, root_hash=[f2, b2, c1, 13, 8e, ed, 09, 3c]...
🔍 MEST Query: keyword='health', found 1 fids
🔍 MEST Query: returning proof (156 bytes)
🗑️ MEST Delete: keyword='health', fid='heal_00000798' (key completely removed)
🗑️ MEST Delete: post-delete root_hash=[e3, b0, c4, 42, 98, fc, 1c, 14]...
🗑️ MEST Delete: keyword='health', fid='heal_00000798' (key completely removed)
🗑️ MEST Delete: post-delete root_hash=[e3, b0, c4, 42, 98, fc, 1c, 14]...
🔧 MEST Add: keyword='science', fid='scie_00000801'
🔧 MEST Add: proof size=157 bytes, root_hash=[87, 9f, 91, 01, da, 6e, 54, 15]...
🔍 MEST Query: keyword='science', found 1 fids
🔍 MEST Query: returning proof (157 bytes)
🗑️ MEST Delete: keyword='science', fid='scie_00000801' (key completely removed)
🗑️ MEST Delete: post-delete root_hash=[e3, b0, c4, 42, 98, fc, 1c, 14]...
🗑️ MEST Delete: keyword='science', fid='scie_00000801' (key completely removed)
🗑️ MEST Delete: post-delete root_hash=[e3, b0, c4, 42, 98, fc, 1c, 14]...
🔧 MEST Add: keyword='health', fid='heal_00000807'
🔧 MEST Add: proof size=156 bytes, root_hash=[91, a6, 6c, 80, a7, 7d, 0b, 70]...
🔍 MEST Query: keyword='health', found 1 fids
🔍 MEST Query: returning proof (156 bytes)
🗑️ MEST Delete: keyword='health', fid='heal_00000807' (key completely removed)
🗑️ MEST Delete: post-delete root_hash=[e3, b0, c4, 42, 98, fc, 1c, 14]...
🗑️ MEST Delete: keyword='health', fid='heal_00000807' (key completely removed)
🗑️ MEST Delete: post-delete root_hash=[e3, b0, c4, 42, 98, fc, 1c, 14]...
🔧 MEST Add: keyword='science', fid='scie_00000809'
🔧 MEST Add: proof size=157 bytes, root_hash=[70, 07, 47, 83, 50, b2, 66, de]...
🔍 MEST Query: keyword='science', found 1 fids
🔍 MEST Query: returning proof (157 bytes)
🗑️ MEST Delete: keyword='science', fid='scie_00000809' (key completely removed)
🗑️ MEST Delete: post-delete root_hash=[e3, b0, c4, 42, 98, fc, 1c, 14]...
🗑️ MEST Delete: keyword='science', fid='scie_00000809' (key completely removed)
🗑️ MEST Delete: post-delete root_hash=[e3, b0, c4, 42, 98, fc, 1c, 14]...
🔧 MEST Add: keyword='science', fid='scie_00000812'
🔧 MEST Add: proof size=157 bytes, root_hash=[5e, 33, 2f, a6, c1, ad, 62, 4e]...
🔍 MEST Query: keyword='science', found 1 fids
🔍 MEST Query: returning proof (157 bytes)
🗑️ MEST Delete: keyword='science', fid='scie_00000812' (key completely removed)
🗑️ MEST Delete: post-delete root_hash=[e3, b0, c4, 42, 98, fc, 1c, 14]...
🗑️ MEST Delete: keyword='science', fid='scie_00000812' (key completely removed)
🗑️ MEST Delete: post-delete root_hash=[e3, b0, c4, 42, 98, fc, 1c, 14]...
🔧 MEST Add: keyword='science', fid='scie_00000815'
🔧 MEST Add: proof size=157 bytes, root_hash=[4d, ae, b1, fa, 1f, 1b, 09, 12]...
🔍 MEST Query: keyword='science', found 1 fids
🔍 MEST Query: returning proof (157 bytes)
🗑️ MEST Delete: keyword='science', fid='scie_00000815' (key completely removed)
🗑️ MEST Delete: post-delete root_hash=[e3, b0, c4, 42, 98, fc, 1c, 14]...
🗑️ MEST Delete: keyword='science', fid='scie_00000815' (key completely removed)
🗑️ MEST Delete: post-delete root_hash=[e3, b0, c4, 42, 98, fc, 1c, 14]...
🔧 MEST Add: keyword='cybersecurity', fid='tech_00000819'
🔧 MEST Add: proof size=163 bytes, root_hash=[8d, d4, b2, d3, 3d, c5, d2, c9]...
🔧 MEST Add: keyword='cybersecurity', fid='tech_00000819'
🔧 MEST Add: proof size=163 bytes, root_hash=[8d, d4, b2, d3, 3d, c5, d2, c9]...
🗑️ MEST Delete: keyword='cybersecurity', fid='tech_00000819' (key completely removed)
🗑️ MEST Delete: post-delete root_hash=[e3, b0, c4, 42, 98, fc, 1c, 14]...
🔧 MEST Add: keyword='cybersecurity', fid='tech_00000822'
🔧 MEST Add: proof size=163 bytes, root_hash=[f8, f5, 37, 91, 26, 09, 34, 09]...
🗑️ MEST Delete: keyword='cybersecurity', fid='tech_00000822' (key completely removed)
🗑️ MEST Delete: post-delete root_hash=[e3, b0, c4, 42, 98, fc, 1c, 14]...
🔧 MEST Add: keyword='soccer', fid='spor_00000825'
🔧 MEST Add: proof size=156 bytes, root_hash=[f9, 0f, ce, c4, 13, fb, d0, e1]...
🗑️ MEST Delete: keyword='soccer', fid='spor_00000825' (key completely removed)
🗑️ MEST Delete: post-delete root_hash=[e3, b0, c4, 42, 98, fc, 1c, 14]...
🔧 MEST Add: keyword='science', fid='scie_00000826'
🔧 MEST Add: proof size=157 bytes, root_hash=[7a, 6c, ba, f1, e6, c7, ba, 82]...
🔍 MEST Query: keyword='science', found 1 fids
🔍 MEST Query: returning proof (157 bytes)
🗑️ MEST Delete: keyword='science', fid='scie_00000826' (key completely removed)
🗑️ MEST Delete: post-delete root_hash=[e3, b0, c4, 42, 98, fc, 1c, 14]...
🗑️ MEST Delete: keyword='science', fid='scie_00000826' (key completely removed)
🗑️ MEST Delete: post-delete root_hash=[e3, b0, c4, 42, 98, fc, 1c, 14]...
🔧 MEST Add: keyword='cybersecurity', fid='tech_00000827'
🔧 MEST Add: proof size=163 bytes, root_hash=[2a, e6, 71, 2d, cd, ee, 1e, 82]...
🔧 MEST Add: keyword='cybersecurity', fid='tech_00000827'
🔧 MEST Add: proof size=163 bytes, root_hash=[2a, e6, 71, 2d, cd, ee, 1e, 82]...
🗑️ MEST Delete: keyword='cybersecurity', fid='tech_00000827' (key completely removed)
🗑️ MEST Delete: post-delete root_hash=[e3, b0, c4, 42, 98, fc, 1c, 14]...
🔧 MEST Add: keyword='health', fid='heal_00000834'
🔧 MEST Add: proof size=156 bytes, root_hash=[4d, d5, 92, d2, 28, b6, 61, ef]...
🔍 MEST Query: keyword='health', found 1 fids
🔍 MEST Query: returning proof (156 bytes)
🗑️ MEST Delete: keyword='health', fid='heal_00000834' (key completely removed)
🗑️ MEST Delete: post-delete root_hash=[e3, b0, c4, 42, 98, fc, 1c, 14]...
🗑️ MEST Delete: keyword='health', fid='heal_00000834' (key completely removed)
🗑️ MEST Delete: post-delete root_hash=[e3, b0, c4, 42, 98, fc, 1c, 14]...
🔧 MEST Add: keyword='enterprise', fid='busi_00000837'
🔧 MEST Add: proof size=160 bytes, root_hash=[dd, 4a, 42, 36, 33, ab, a0, ba]...
🗑️ MEST Delete: keyword='enterprise', fid='busi_00000837' (key completely removed)
🗑️ MEST Delete: post-delete root_hash=[e3, b0, c4, 42, 98, fc, 1c, 14]...
🔧 MEST Add: keyword='health', fid='heal_00000840'
🔧 MEST Add: proof size=156 bytes, root_hash=[ae, de, cf, e4, fe, 69, 7b, 24]...
🔍 MEST Query: keyword='health', found 1 fids
🔍 MEST Query: returning proof (156 bytes)
🗑️ MEST Delete: keyword='health', fid='heal_00000840' (key completely removed)
🗑️ MEST Delete: post-delete root_hash=[e3, b0, c4, 42, 98, fc, 1c, 14]...
🗑️ MEST Delete: keyword='health', fid='heal_00000840' (key completely removed)
🗑️ MEST Delete: post-delete root_hash=[e3, b0, c4, 42, 98, fc, 1c, 14]...
🔧 MEST Add: keyword='cybersecurity', fid='tech_00000843'
🔧 MEST Add: proof size=163 bytes, root_hash=[eb, d1, 03, 85, 26, 33, 15, 83]...
🗑️ MEST Delete: keyword='cybersecurity', fid='tech_00000843' (key completely removed)
🗑️ MEST Delete: post-delete root_hash=[e3, b0, c4, 42, 98, fc, 1c, 14]...
🔧 MEST Add: keyword='health', fid='heal_00000844'
🔧 MEST Add: proof size=156 bytes, root_hash=[b6, 27, 87, 9c, 8e, f3, 2d, 68]...
🔍 MEST Query: keyword='health', found 1 fids
🔍 MEST Query: returning proof (156 bytes)
🗑️ MEST Delete: keyword='health', fid='heal_00000844' (key completely removed)
🗑️ MEST Delete: post-delete root_hash=[e3, b0, c4, 42, 98, fc, 1c, 14]...
🗑️ MEST Delete: keyword='health', fid='heal_00000844' (key completely removed)
🗑️ MEST Delete: post-delete root_hash=[e3, b0, c4, 42, 98, fc, 1c, 14]...
🔧 MEST Add: keyword='health', fid='heal_00000845'
🔧 MEST Add: proof size=156 bytes, root_hash=[0d, 31, 38, f3, 11, 94, b0, aa]...
🔍 MEST Query: keyword='health', found 1 fids
🔍 MEST Query: returning proof (156 bytes)
🗑️ MEST Delete: keyword='health', fid='heal_00000845' (key completely removed)
🗑️ MEST Delete: post-delete root_hash=[e3, b0, c4, 42, 98, fc, 1c, 14]...
🗑️ MEST Delete: keyword='health', fid='heal_00000845' (key completely removed)
🗑️ MEST Delete: post-delete root_hash=[e3, b0, c4, 42, 98, fc, 1c, 14]...
🔧 MEST Add: keyword='soccer', fid='spor_00000854'
🔧 MEST Add: proof size=156 bytes, root_hash=[e7, 94, d7, ea, dd, 62, 19, c8]...
🗑️ MEST Delete: keyword='soccer', fid='spor_00000854' (key completely removed)
🗑️ MEST Delete: post-delete root_hash=[e3, b0, c4, 42, 98, fc, 1c, 14]...
🔧 MEST Add: keyword='cybersecurity', fid='tech_00000856'
🔧 MEST Add: proof size=163 bytes, root_hash=[3a, 8b, c9, f7, 24, 67, 0e, 43]...
🗑️ MEST Delete: keyword='cybersecurity', fid='tech_00000856' (key completely removed)
🗑️ MEST Delete: post-delete root_hash=[e3, b0, c4, 42, 98, fc, 1c, 14]...
🔧 MEST Add: keyword='health', fid='heal_00000862'
🔧 MEST Add: proof size=156 bytes, root_hash=[a9, 02, ef, d9, c5, 52, 2d, f5]...
🔍 MEST Query: keyword='health', found 1 fids
🔍 MEST Query: returning proof (156 bytes)
🗑️ MEST Delete: keyword='health', fid='heal_00000862' (key completely removed)
🗑️ MEST Delete: post-delete root_hash=[e3, b0, c4, 42, 98, fc, 1c, 14]...
🗑️ MEST Delete: keyword='health', fid='heal_00000862' (key completely removed)
🗑️ MEST Delete: post-delete root_hash=[e3, b0, c4, 42, 98, fc, 1c, 14]...
🔧 MEST Add: keyword='science', fid='scie_00000866'
🔧 MEST Add: proof size=157 bytes, root_hash=[86, 60, 54, bd, 5f, 4b, 72, 43]...
🔍 MEST Query: keyword='science', found 1 fids
🔍 MEST Query: returning proof (157 bytes)
🗑️ MEST Delete: keyword='science', fid='scie_00000866' (key completely removed)
🗑️ MEST Delete: post-delete root_hash=[e3, b0, c4, 42, 98, fc, 1c, 14]...
🗑️ MEST Delete: keyword='science', fid='scie_00000866' (key completely removed)
🗑️ MEST Delete: post-delete root_hash=[e3, b0, c4, 42, 98, fc, 1c, 14]...
🔧 MEST Add: keyword='cybersecurity', fid='tech_00000867'
🔧 MEST Add: proof size=163 bytes, root_hash=[a4, 4f, ea, 40, 50, a4, 1f, 66]...
🔧 MEST Add: keyword='cybersecurity', fid='tech_00000867'
🔧 MEST Add: proof size=163 bytes, root_hash=[a4, 4f, ea, 40, 50, a4, 1f, 66]...
🗑️ MEST Delete: keyword='cybersecurity', fid='tech_00000867' (key completely removed)
🗑️ MEST Delete: post-delete root_hash=[e3, b0, c4, 42, 98, fc, 1c, 14]...
🔧 MEST Add: keyword='science', fid='scie_00000868'
🔧 MEST Add: proof size=157 bytes, root_hash=[c1, da, a2, 2f, f4, 0a, 25, f0]...
🔍 MEST Query: keyword='science', found 1 fids
🔍 MEST Query: returning proof (157 bytes)
🗑️ MEST Delete: keyword='science', fid='scie_00000868' (key completely removed)
🗑️ MEST Delete: post-delete root_hash=[e3, b0, c4, 42, 98, fc, 1c, 14]...
🗑️ MEST Delete: keyword='science', fid='scie_00000868' (key completely removed)
🗑️ MEST Delete: post-delete root_hash=[e3, b0, c4, 42, 98, fc, 1c, 14]...
🔧 MEST Add: keyword='health', fid='heal_00000870'
🔧 MEST Add: proof size=156 bytes, root_hash=[96, 06, 21, a5, 93, e9, 5b, 64]...
🔍 MEST Query: keyword='health', found 1 fids
🔍 MEST Query: returning proof (156 bytes)
🗑️ MEST Delete: keyword='health', fid='heal_00000870' (key completely removed)
🗑️ MEST Delete: post-delete root_hash=[e3, b0, c4, 42, 98, fc, 1c, 14]...
🗑️ MEST Delete: keyword='health', fid='heal_00000870' (key completely removed)
🗑️ MEST Delete: post-delete root_hash=[e3, b0, c4, 42, 98, fc, 1c, 14]...
🔧 MEST Add: keyword='science', fid='scie_00000878'
🔧 MEST Add: proof size=157 bytes, root_hash=[15, 2c, bd, f8, 18, ee, a8, bc]...
🔍 MEST Query: keyword='science', found 1 fids
🔍 MEST Query: returning proof (157 bytes)
🗑️ MEST Delete: keyword='science', fid='scie_00000878' (key completely removed)
🗑️ MEST Delete: post-delete root_hash=[e3, b0, c4, 42, 98, fc, 1c, 14]...
🗑️ MEST Delete: keyword='science', fid='scie_00000878' (key completely removed)
🗑️ MEST Delete: post-delete root_hash=[e3, b0, c4, 42, 98, fc, 1c, 14]...
🔧 MEST Add: keyword='streaming', fid='ente_00000879'
🔧 MEST Add: proof size=159 bytes, root_hash=[d8, f6, 2c, fb, ba, bf, 0b, 7d]...
🔧 MEST Add: keyword='streaming', fid='ente_00000879'
🔧 MEST Add: proof size=159 bytes, root_hash=[d8, f6, 2c, fb, ba, bf, 0b, 7d]...
🗑️ MEST Delete: keyword='streaming', fid='ente_00000879' (key completely removed)
🗑️ MEST Delete: post-delete root_hash=[e3, b0, c4, 42, 98, fc, 1c, 14]...
🔧 MEST Add: keyword='cybersecurity', fid='tech_00000880'
🔧 MEST Add: proof size=163 bytes, root_hash=[87, 65, 49, 98, 89, e1, 99, 58]...
🗑️ MEST Delete: keyword='cybersecurity', fid='tech_00000880' (key completely removed)
🗑️ MEST Delete: post-delete root_hash=[e3, b0, c4, 42, 98, fc, 1c, 14]...
🔧 MEST Add: keyword='enterprise', fid='busi_00000884'
🔧 MEST Add: proof size=160 bytes, root_hash=[1b, 66, f9, 14, 73, 5d, 45, 0d]...
🔧 MEST Add: keyword='enterprise', fid='busi_00000884'
🔧 MEST Add: proof size=160 bytes, root_hash=[1b, 66, f9, 14, 73, 5d, 45, 0d]...
🗑️ MEST Delete: keyword='enterprise', fid='busi_00000884' (key completely removed)
🗑️ MEST Delete: post-delete root_hash=[e3, b0, c4, 42, 98, fc, 1c, 14]...
🔧 MEST Add: keyword='science', fid='scie_00000892'
🔧 MEST Add: proof size=157 bytes, root_hash=[7e, 9e, d3, ef, 41, 06, 71, 14]...
🔍 MEST Query: keyword='science', found 1 fids
🔍 MEST Query: returning proof (157 bytes)
🗑️ MEST Delete: keyword='science', fid='scie_00000892' (key completely removed)
🗑️ MEST Delete: post-delete root_hash=[e3, b0, c4, 42, 98, fc, 1c, 14]...
🗑️ MEST Delete: keyword='science', fid='scie_00000892' (key completely removed)
🗑️ MEST Delete: post-delete root_hash=[e3, b0, c4, 42, 98, fc, 1c, 14]...
🔧 MEST Add: keyword='enterprise', fid='busi_00000894'
🔧 MEST Add: proof size=160 bytes, root_hash=[f7, 8f, 35, f8, e1, cf, 7a, 59]...
🗑️ MEST Delete: keyword='enterprise', fid='busi_00000894' (key completely removed)
🗑️ MEST Delete: post-delete root_hash=[e3, b0, c4, 42, 98, fc, 1c, 14]...
🔧 MEST Add: keyword='enterprise', fid='busi_00000899'
🔧 MEST Add: proof size=160 bytes, root_hash=[b1, f7, d5, 15, 6a, a8, 4d, ea]...
🗑️ MEST Delete: keyword='enterprise', fid='busi_00000899' (key completely removed)
🗑️ MEST Delete: post-delete root_hash=[e3, b0, c4, 42, 98, fc, 1c, 14]...
🔧 MEST Add: keyword='science', fid='scie_00000900'
🔧 MEST Add: proof size=157 bytes, root_hash=[e3, c2, 20, 91, 6d, 09, 09, 73]...
🔍 MEST Query: keyword='science', found 1 fids
🔍 MEST Query: returning proof (157 bytes)
🗑️ MEST Delete: keyword='science', fid='scie_00000900' (key completely removed)
🗑️ MEST Delete: post-delete root_hash=[e3, b0, c4, 42, 98, fc, 1c, 14]...
🗑️ MEST Delete: keyword='science', fid='scie_00000900' (key completely removed)
🗑️ MEST Delete: post-delete root_hash=[e3, b0, c4, 42, 98, fc, 1c, 14]...
🔧 MEST Add: keyword='cybersecurity', fid='tech_00000905'
🔧 MEST Add: proof size=163 bytes, root_hash=[2e, ec, 3f, 1e, b7, 27, 3b, 15]...
🗑️ MEST Delete: keyword='cybersecurity', fid='tech_00000905' (key completely removed)
🗑️ MEST Delete: post-delete root_hash=[e3, b0, c4, 42, 98, fc, 1c, 14]...
🔧 MEST Add: keyword='health', fid='heal_00000907'
🔧 MEST Add: proof size=156 bytes, root_hash=[51, 01, 50, d6, aa, 2a, cd, c0]...
🔍 MEST Query: keyword='health', found 1 fids
🔍 MEST Query: returning proof (156 bytes)
🗑️ MEST Delete: keyword='health', fid='heal_00000907' (key completely removed)
🗑️ MEST Delete: post-delete root_hash=[e3, b0, c4, 42, 98, fc, 1c, 14]...
🗑️ MEST Delete: keyword='health', fid='heal_00000907' (key completely removed)
🗑️ MEST Delete: post-delete root_hash=[e3, b0, c4, 42, 98, fc, 1c, 14]...
🔧 MEST Add: keyword='cybersecurity', fid='tech_00000914'
🔧 MEST Add: proof size=163 bytes, root_hash=[b5, 6c, e2, 8d, ca, 53, 1b, a9]...
🗑️ MEST Delete: keyword='cybersecurity', fid='tech_00000914' (key completely removed)
🗑️ MEST Delete: post-delete root_hash=[e3, b0, c4, 42, 98, fc, 1c, 14]...
🔧 MEST Add: keyword='health', fid='heal_00000917'
🔧 MEST Add: proof size=156 bytes, root_hash=[d5, 0d, de, de, d4, 0a, e0, d3]...
🔍 MEST Query: keyword='health', found 1 fids
🔍 MEST Query: returning proof (156 bytes)
🗑️ MEST Delete: keyword='health', fid='heal_00000917' (key completely removed)
🗑️ MEST Delete: post-delete root_hash=[e3, b0, c4, 42, 98, fc, 1c, 14]...
🗑️ MEST Delete: keyword='health', fid='heal_00000917' (key completely removed)
🗑️ MEST Delete: post-delete root_hash=[e3, b0, c4, 42, 98, fc, 1c, 14]...
🔧 MEST Add: keyword='health', fid='heal_00000919'
🔧 MEST Add: proof size=156 bytes, root_hash=[60, 92, 31, f0, 32, 4f, a6, 8d]...
🔍 MEST Query: keyword='health', found 1 fids
🔍 MEST Query: returning proof (156 bytes)
🗑️ MEST Delete: keyword='health', fid='heal_00000919' (key completely removed)
🗑️ MEST Delete: post-delete root_hash=[e3, b0, c4, 42, 98, fc, 1c, 14]...
🗑️ MEST Delete: keyword='health', fid='heal_00000919' (key completely removed)
🗑️ MEST Delete: post-delete root_hash=[e3, b0, c4, 42, 98, fc, 1c, 14]...
🔧 MEST Add: keyword='health', fid='heal_00000924'
🔧 MEST Add: proof size=156 bytes, root_hash=[87, a9, 3d, 79, 51, 18, 62, 43]...
🔍 MEST Query: keyword='health', found 1 fids
🔍 MEST Query: returning proof (156 bytes)
🗑️ MEST Delete: keyword='health', fid='heal_00000924' (key completely removed)
🗑️ MEST Delete: post-delete root_hash=[e3, b0, c4, 42, 98, fc, 1c, 14]...
🗑️ MEST Delete: keyword='health', fid='heal_00000924' (key completely removed)
🗑️ MEST Delete: post-delete root_hash=[e3, b0, c4, 42, 98, fc, 1c, 14]...
🔧 MEST Add: keyword='streaming', fid='ente_00000931'
🔧 MEST Add: proof size=159 bytes, root_hash=[ba, f9, 52, 7d, f8, e3, 9d, c4]...
🗑️ MEST Delete: keyword='streaming', fid='ente_00000931' (key completely removed)
🗑️ MEST Delete: post-delete root_hash=[e3, b0, c4, 42, 98, fc, 1c, 14]...
🔧 MEST Add: keyword='science', fid='scie_00000939'
🔧 MEST Add: proof size=157 bytes, root_hash=[fa, f3, 80, 15, a0, 2c, af, b5]...
🔍 MEST Query: keyword='science', found 1 fids
🔍 MEST Query: returning proof (157 bytes)
🗑️ MEST Delete: keyword='science', fid='scie_00000939' (key completely removed)
🗑️ MEST Delete: post-delete root_hash=[e3, b0, c4, 42, 98, fc, 1c, 14]...
🗑️ MEST Delete: keyword='science', fid='scie_00000939' (key completely removed)
🗑️ MEST Delete: post-delete root_hash=[e3, b0, c4, 42, 98, fc, 1c, 14]...
🔧 MEST Add: keyword='science', fid='scie_00000940'
🔧 MEST Add: proof size=157 bytes, root_hash=[90, 06, 34, a9, 08, 8e, c1, 9c]...
🔍 MEST Query: keyword='science', found 1 fids
🔍 MEST Query: returning proof (157 bytes)
🗑️ MEST Delete: keyword='science', fid='scie_00000940' (key completely removed)
🗑️ MEST Delete: post-delete root_hash=[e3, b0, c4, 42, 98, fc, 1c, 14]...
🗑️ MEST Delete: keyword='science', fid='scie_00000940' (key completely removed)
🗑️ MEST Delete: post-delete root_hash=[e3, b0, c4, 42, 98, fc, 1c, 14]...
🔧 MEST Add: keyword='soccer', fid='spor_00000943'
🔧 MEST Add: proof size=156 bytes, root_hash=[88, 6a, 34, d5, 73, c5, fd, 8d]...
🗑️ MEST Delete: keyword='soccer', fid='spor_00000943' (key completely removed)
🗑️ MEST Delete: post-delete root_hash=[e3, b0, c4, 42, 98, fc, 1c, 14]...
🔧 MEST Add: keyword='science', fid='scie_00000948'
🔧 MEST Add: proof size=157 bytes, root_hash=[87, 2d, 17, a8, 74, 5f, 8c, 1a]...
🔍 MEST Query: keyword='science', found 1 fids
🔍 MEST Query: returning proof (157 bytes)
🗑️ MEST Delete: keyword='science', fid='scie_00000948' (key completely removed)
🗑️ MEST Delete: post-delete root_hash=[e3, b0, c4, 42, 98, fc, 1c, 14]...
🗑️ MEST Delete: keyword='science', fid='scie_00000948' (key completely removed)
🗑️ MEST Delete: post-delete root_hash=[e3, b0, c4, 42, 98, fc, 1c, 14]...
🔧 MEST Add: keyword='science', fid='scie_00000953'
🔧 MEST Add: proof size=157 bytes, root_hash=[b5, 6b, f8, d8, 67, 43, 35, 4f]...
🔍 MEST Query: keyword='science', found 1 fids
🔍 MEST Query: returning proof (157 bytes)
🗑️ MEST Delete: keyword='science', fid='scie_00000953' (key completely removed)
🗑️ MEST Delete: post-delete root_hash=[e3, b0, c4, 42, 98, fc, 1c, 14]...
🗑️ MEST Delete: keyword='science', fid='scie_00000953' (key completely removed)
🗑️ MEST Delete: post-delete root_hash=[e3, b0, c4, 42, 98, fc, 1c, 14]...
🔧 MEST Add: keyword='health', fid='heal_00000954'
🔧 MEST Add: proof size=156 bytes, root_hash=[4b, bc, 2b, 59, cf, 64, d5, a2]...
🔍 MEST Query: keyword='health', found 1 fids
🔍 MEST Query: returning proof (156 bytes)
🗑️ MEST Delete: keyword='health', fid='heal_00000954' (key completely removed)
🗑️ MEST Delete: post-delete root_hash=[e3, b0, c4, 42, 98, fc, 1c, 14]...
🗑️ MEST Delete: keyword='health', fid='heal_00000954' (key completely removed)
🗑️ MEST Delete: post-delete root_hash=[e3, b0, c4, 42, 98, fc, 1c, 14]...
🔧 MEST Add: keyword='health', fid='heal_00000960'
🔧 MEST Add: proof size=156 bytes, root_hash=[89, 24, cc, 3a, 00, 22, 97, 98]...
🔍 MEST Query: keyword='health', found 1 fids
🔍 MEST Query: returning proof (156 bytes)
🗑️ MEST Delete: keyword='health', fid='heal_00000960' (key completely removed)
🗑️ MEST Delete: post-delete root_hash=[e3, b0, c4, 42, 98, fc, 1c, 14]...
🗑️ MEST Delete: keyword='health', fid='heal_00000960' (key completely removed)
🗑️ MEST Delete: post-delete root_hash=[e3, b0, c4, 42, 98, fc, 1c, 14]...
🔧 MEST Add: keyword='health', fid='heal_00000967'
🔧 MEST Add: proof size=156 bytes, root_hash=[8b, b2, 9e, da, 9f, f7, 25, 7b]...
🔍 MEST Query: keyword='health', found 1 fids
🔍 MEST Query: returning proof (156 bytes)
🗑️ MEST Delete: keyword='health', fid='heal_00000967' (key completely removed)
🗑️ MEST Delete: post-delete root_hash=[e3, b0, c4, 42, 98, fc, 1c, 14]...
🗑️ MEST Delete: keyword='health', fid='heal_00000967' (key completely removed)
🗑️ MEST Delete: post-delete root_hash=[e3, b0, c4, 42, 98, fc, 1c, 14]...
🔧 MEST Add: keyword='soccer', fid='spor_00000968'
🔧 MEST Add: proof size=156 bytes, root_hash=[b1, 2a, 33, 57, 7b, e5, df, b0]...
🗑️ MEST Delete: keyword='soccer', fid='spor_00000968' (key completely removed)
🗑️ MEST Delete: post-delete root_hash=[e3, b0, c4, 42, 98, fc, 1c, 14]...
🔧 MEST Add: keyword='science', fid='scie_00000971'
🔧 MEST Add: proof size=157 bytes, root_hash=[35, 0f, 74, 61, 70, 06, 1e, e4]...
🔍 MEST Query: keyword='science', found 1 fids
🔍 MEST Query: returning proof (157 bytes)
🗑️ MEST Delete: keyword='science', fid='scie_00000971' (key completely removed)
🗑️ MEST Delete: post-delete root_hash=[e3, b0, c4, 42, 98, fc, 1c, 14]...
🗑️ MEST Delete: keyword='science', fid='scie_00000971' (key completely removed)
🗑️ MEST Delete: post-delete root_hash=[e3, b0, c4, 42, 98, fc, 1c, 14]...
🔧 MEST Add: keyword='streaming', fid='ente_00000977'
🔧 MEST Add: proof size=159 bytes, root_hash=[e5, 4c, 2a, a6, 25, 08, be, bc]...
🗑️ MEST Delete: keyword='streaming', fid='ente_00000977' (key completely removed)
🗑️ MEST Delete: post-delete root_hash=[e3, b0, c4, 42, 98, fc, 1c, 14]...
🔧 MEST Add: keyword='science', fid='scie_00000983'
🔧 MEST Add: proof size=157 bytes, root_hash=[21, 01, 4d, 37, a9, 06, 72, fe]...
🔍 MEST Query: keyword='science', found 1 fids
🔍 MEST Query: returning proof (157 bytes)
🗑️ MEST Delete: keyword='science', fid='scie_00000983' (key completely removed)
🗑️ MEST Delete: post-delete root_hash=[e3, b0, c4, 42, 98, fc, 1c, 14]...
🗑️ MEST Delete: keyword='science', fid='scie_00000983' (key completely removed)
🗑️ MEST Delete: post-delete root_hash=[e3, b0, c4, 42, 98, fc, 1c, 14]...
🔧 MEST Add: keyword='science', fid='scie_00000986'
🔧 MEST Add: proof size=157 bytes, root_hash=[a4, cb, 15, fb, 37, 05, f6, cf]...
🔍 MEST Query: keyword='science', found 1 fids
🔍 MEST Query: returning proof (157 bytes)
🗑️ MEST Delete: keyword='science', fid='scie_00000986' (key completely removed)
🗑️ MEST Delete: post-delete root_hash=[e3, b0, c4, 42, 98, fc, 1c, 14]...
🗑️ MEST Delete: keyword='science', fid='scie_00000986' (key completely removed)
🗑️ MEST Delete: post-delete root_hash=[e3, b0, c4, 42, 98, fc, 1c, 14]...
🔧 MEST Add: keyword='health', fid='heal_00000988'
🔧 MEST Add: proof size=156 bytes, root_hash=[dc, c8, 96, 3b, 45, 9c, 3e, ca]...
🔍 MEST Query: keyword='health', found 1 fids
🔍 MEST Query: returning proof (156 bytes)
🗑️ MEST Delete: keyword='health', fid='heal_00000988' (key completely removed)
🗑️ MEST Delete: post-delete root_hash=[e3, b0, c4, 42, 98, fc, 1c, 14]...
🗑️ MEST Delete: keyword='health', fid='heal_00000988' (key completely removed)
🗑️ MEST Delete: post-delete root_hash=[e3, b0, c4, 42, 98, fc, 1c, 14]...
🔧 MEST Add: keyword='soccer', fid='spor_00000993'
🔧 MEST Add: proof size=156 bytes, root_hash=[3e, f0, 6b, 74, bd, ce, f0, 7c]...
🔧 MEST Add: keyword='soccer', fid='spor_00000993'
🔧 MEST Add: proof size=156 bytes, root_hash=[3e, f0, 6b, 74, bd, ce, f0, 7c]...
🗑️ MEST Delete: keyword='soccer', fid='spor_00000993' (key completely removed)
🗑️ MEST Delete: post-delete root_hash=[e3, b0, c4, 42, 98, fc, 1c, 14]...
🔧 MEST Add: keyword='enterprise', fid='busi_00000996'
🔧 MEST Add: proof size=160 bytes, root_hash=[87, 02, 07, 65, 14, a8, f0, 86]...
🗑️ MEST Delete: keyword='enterprise', fid='busi_00000996' (key completely removed)
🗑️ MEST Delete: post-delete root_hash=[e3, b0, c4, 42, 98, fc, 1c, 14]...
