warning: profiles for the non root package will be ignored, specify profiles at the workspace root:
package:   /root/distributed-storage-system/crates/storager/ads_lib/Cargo.toml
workspace: /root/distributed-storage-system/Cargo.toml
warning: value assigned to `is_change` is never read
   --> crates/storager/ads_lib/src/mpt/mpt.rs:256:21
    |
256 |             let mut is_change = false;
    |                     ^^^^^^^^^
    |
    = help: maybe it is overwritten before being read?
    = note: `#[warn(unused_assignments)]` on by default

warning: value assigned to `is_change` is never read
   --> crates/storager/ads_lib/src/mpt/mpt.rs:462:25
    |
462 |                 let mut is_change = false;
    |                         ^^^^^^^^^
    |
    = help: maybe it is overwritten before being read?

warning: unused variable: `had_value`
   --> crates/storager/ads_lib/src/mpt/mpt.rs:526:21
    |
526 |                 let had_value = !old_value_str.is_empty();
    |                     ^^^^^^^^^ help: if this is intentional, prefix it with an underscore: `_had_value`
    |
    = note: `#[warn(unused_variables)]` on by default

warning: associated functions `short_node_batch_fix` and `full_node_batch_fix` are never used
    --> crates/storager/ads_lib/src/mpt/mpt.rs:1743:8
     |
  50 | impl MPT {
     | -------- associated functions in this implementation
...
1743 |     fn short_node_batch_fix(node: Arc<RwLock<ShortNode>>) -> Result<(), MPTError> {
     |        ^^^^^^^^^^^^^^^^^^^^
...
1748 |     fn full_node_batch_fix(node: Arc<RwLock<FullNode>>) -> Result<(), MPTError> {
     |        ^^^^^^^^^^^^^^^^^^^
     |
     = note: `#[warn(dead_code)]` on by default

warning: function `hash_mgt_node` is never used
   --> crates/storager/ads_lib/src/mest/proof.rs:253:4
    |
253 | fn hash_mgt_node(children: &[[u8; 32]]) -> [u8; 32] {
    |    ^^^^^^^^^^^^^

warning: `ads_rust` (lib) generated 5 warnings
warning: unused variable: `acc_old`
   --> crates/common/src/verification.rs:721:13
    |
721 |         let acc_old = match G1Affine::deserialize_uncompressed(&proof[offset..offset + acc_old_len]) {
    |             ^^^^^^^ help: if this is intentional, prefix it with an underscore: `_acc_old`
    |
    = note: `#[warn(unused_variables)]` on by default

warning: `common` (lib) generated 1 warning
warning: unused imports: `Digest` and `Sha256`
   --> crates/storager/src/ads/acctrie_ads.rs:452:20
    |
452 |         use sha2::{Digest, Sha256};
    |                    ^^^^^^  ^^^^^^
    |
    = note: `#[warn(unused_imports)]` on by default

warning: `storager` (lib) generated 1 warning (run `cargo fix --lib -p storager` to apply 1 suggestion)
    Finished `release` profile [optimized] target(s) in 0.15s
     Running `target/release/storager 50080 mest`
🔧 MEST Add: keyword='technology', fid='tech_00000007'
🔧 MEST Add: proof size=160 bytes, root_hash=[ac, f5, 33, 27, 80, 2c, bb, 4b]...
🔍 MEST Query: keyword='technology', found 1 fids
🔍 MEST Query: returning proof (160 bytes)
🗑️ MEST Delete: keyword='technology', fid='tech_00000007' (key completely removed)
🗑️ MEST Delete: post-delete root_hash=[e3, b0, c4, 42, 98, fc, 1c, 14]...
🗑️ MEST Delete: keyword='technology', fid='tech_00000007' (key completely removed)
🗑️ MEST Delete: post-delete root_hash=[e3, b0, c4, 42, 98, fc, 1c, 14]...
🔧 MEST Add: keyword='technology', fid='tech_00000010'
🔧 MEST Add: proof size=160 bytes, root_hash=[d3, 81, 87, e2, 99, 93, e0, 37]...
🔍 MEST Query: keyword='technology', found 1 fids
🔍 MEST Query: returning proof (160 bytes)
🗑️ MEST Delete: keyword='technology', fid='tech_00000010' (key completely removed)
🗑️ MEST Delete: post-delete root_hash=[e3, b0, c4, 42, 98, fc, 1c, 14]...
🗑️ MEST Delete: keyword='technology', fid='tech_00000010' (key completely removed)
🗑️ MEST Delete: post-delete root_hash=[e3, b0, c4, 42, 98, fc, 1c, 14]...
🔧 MEST Add: keyword='technology', fid='tech_00000015'
🔧 MEST Add: proof size=160 bytes, root_hash=[34, 1f, d3, d3, ee, f3, 23, df]...
🔍 MEST Query: keyword='technology', found 1 fids
🔍 MEST Query: returning proof (160 bytes)
🗑️ MEST Delete: keyword='technology', fid='tech_00000015' (key completely removed)
🗑️ MEST Delete: post-delete root_hash=[e3, b0, c4, 42, 98, fc, 1c, 14]...
🗑️ MEST Delete: keyword='technology', fid='tech_00000015' (key completely removed)
🗑️ MEST Delete: post-delete root_hash=[e3, b0, c4, 42, 98, fc, 1c, 14]...
🔧 MEST Add: keyword='technology', fid='tech_00000020'
🔧 MEST Add: proof size=160 bytes, root_hash=[f6, 6e, 4b, ad, af, bb, 13, d8]...
🔍 MEST Query: keyword='technology', found 1 fids
🔍 MEST Query: returning proof (160 bytes)
🗑️ MEST Delete: keyword='technology', fid='tech_00000020' (key completely removed)
🗑️ MEST Delete: post-delete root_hash=[e3, b0, c4, 42, 98, fc, 1c, 14]...
🗑️ MEST Delete: keyword='technology', fid='tech_00000020' (key completely removed)
🗑️ MEST Delete: post-delete root_hash=[e3, b0, c4, 42, 98, fc, 1c, 14]...
🔧 MEST Add: keyword='travel', fid='life_00000022'
🔧 MEST Add: proof size=156 bytes, root_hash=[bf, f7, 9a, 97, 97, 2d, a1, b1]...
🗑️ MEST Delete: keyword='travel', fid='life_00000022' (key completely removed)
🗑️ MEST Delete: post-delete root_hash=[e3, b0, c4, 42, 98, fc, 1c, 14]...
🔧 MEST Add: keyword='technology', fid='tech_00000027'
🔧 MEST Add: proof size=160 bytes, root_hash=[d5, 3f, 4d, a8, a0, 68, 96, e6]...
🔍 MEST Query: keyword='technology', found 1 fids
🔍 MEST Query: returning proof (160 bytes)
🗑️ MEST Delete: keyword='technology', fid='tech_00000027' (key completely removed)
🗑️ MEST Delete: post-delete root_hash=[e3, b0, c4, 42, 98, fc, 1c, 14]...
🗑️ MEST Delete: keyword='technology', fid='tech_00000027' (key completely removed)
🗑️ MEST Delete: post-delete root_hash=[e3, b0, c4, 42, 98, fc, 1c, 14]...
🔧 MEST Add: keyword='technology', fid='tech_00000031'
🔧 MEST Add: proof size=160 bytes, root_hash=[bc, fc, 30, 4e, 6b, 31, 62, 16]...
🔍 MEST Query: keyword='technology', found 1 fids
🔍 MEST Query: returning proof (160 bytes)
🗑️ MEST Delete: keyword='technology', fid='tech_00000031' (key completely removed)
🗑️ MEST Delete: post-delete root_hash=[e3, b0, c4, 42, 98, fc, 1c, 14]...
🗑️ MEST Delete: keyword='technology', fid='tech_00000031' (key completely removed)
🗑️ MEST Delete: post-delete root_hash=[e3, b0, c4, 42, 98, fc, 1c, 14]...
🔧 MEST Add: keyword='technology', fid='tech_00000036'
🔧 MEST Add: proof size=160 bytes, root_hash=[40, 45, 2d, a9, 65, 28, d2, 7f]...
🔍 MEST Query: keyword='technology', found 1 fids
🔍 MEST Query: returning proof (160 bytes)
🗑️ MEST Delete: keyword='technology', fid='tech_00000036' (key completely removed)
🗑️ MEST Delete: post-delete root_hash=[e3, b0, c4, 42, 98, fc, 1c, 14]...
🗑️ MEST Delete: keyword='technology', fid='tech_00000036' (key completely removed)
🗑️ MEST Delete: post-delete root_hash=[e3, b0, c4, 42, 98, fc, 1c, 14]...
🔧 MEST Add: keyword='technology', fid='tech_00000044'
🔧 MEST Add: proof size=160 bytes, root_hash=[97, d2, b1, 60, 83, 21, 63, ae]...
🔍 MEST Query: keyword='technology', found 1 fids
🔍 MEST Query: returning proof (160 bytes)
🗑️ MEST Delete: keyword='technology', fid='tech_00000044' (key completely removed)
🗑️ MEST Delete: post-delete root_hash=[e3, b0, c4, 42, 98, fc, 1c, 14]...
🗑️ MEST Delete: keyword='technology', fid='tech_00000044' (key completely removed)
🗑️ MEST Delete: post-delete root_hash=[e3, b0, c4, 42, 98, fc, 1c, 14]...
🔧 MEST Add: keyword='technology', fid='tech_00000053'
🔧 MEST Add: proof size=160 bytes, root_hash=[a8, d4, b3, 19, f0, f2, db, d6]...
🔍 MEST Query: keyword='technology', found 1 fids
🔍 MEST Query: returning proof (160 bytes)
🗑️ MEST Delete: keyword='technology', fid='tech_00000053' (key completely removed)
🗑️ MEST Delete: post-delete root_hash=[e3, b0, c4, 42, 98, fc, 1c, 14]...
🗑️ MEST Delete: keyword='technology', fid='tech_00000053' (key completely removed)
🗑️ MEST Delete: post-delete root_hash=[e3, b0, c4, 42, 98, fc, 1c, 14]...
🔧 MEST Add: keyword='green', fid='envi_00000055'
🔧 MEST Add: proof size=155 bytes, root_hash=[b4, 9b, d6, 4e, 00, fc, 1e, c2]...
🔧 MEST Add: keyword='green', fid='envi_00000055'
🔧 MEST Add: proof size=155 bytes, root_hash=[b4, 9b, d6, 4e, 00, fc, 1e, c2]...
🗑️ MEST Delete: keyword='green', fid='envi_00000055' (key completely removed)
🗑️ MEST Delete: post-delete root_hash=[e3, b0, c4, 42, 98, fc, 1c, 14]...
🔧 MEST Add: keyword='technology', fid='tech_00000056'
🔧 MEST Add: proof size=160 bytes, root_hash=[68, d2, 8c, cc, b3, 0a, 4d, 75]...
🔍 MEST Query: keyword='technology', found 1 fids
🔍 MEST Query: returning proof (160 bytes)
🗑️ MEST Delete: keyword='technology', fid='tech_00000056' (key completely removed)
🗑️ MEST Delete: post-delete root_hash=[e3, b0, c4, 42, 98, fc, 1c, 14]...
🗑️ MEST Delete: keyword='technology', fid='tech_00000056' (key completely removed)
🗑️ MEST Delete: post-delete root_hash=[e3, b0, c4, 42, 98, fc, 1c, 14]...
🔧 MEST Add: keyword='technology', fid='tech_00000072'
🔧 MEST Add: proof size=160 bytes, root_hash=[27, 27, 3e, c5, e4, c3, 4f, e2]...
🔍 MEST Query: keyword='technology', found 1 fids
🔍 MEST Query: returning proof (160 bytes)
🗑️ MEST Delete: keyword='technology', fid='tech_00000072' (key completely removed)
🗑️ MEST Delete: post-delete root_hash=[e3, b0, c4, 42, 98, fc, 1c, 14]...
🗑️ MEST Delete: keyword='technology', fid='tech_00000072' (key completely removed)
🗑️ MEST Delete: post-delete root_hash=[e3, b0, c4, 42, 98, fc, 1c, 14]...
🔧 MEST Add: keyword='technology', fid='tech_00000077'
🔧 MEST Add: proof size=160 bytes, root_hash=[1a, 80, bb, 59, 8e, 01, 4c, 17]...
🔍 MEST Query: keyword='technology', found 1 fids
🔍 MEST Query: returning proof (160 bytes)
🗑️ MEST Delete: keyword='technology', fid='tech_00000077' (key completely removed)
🗑️ MEST Delete: post-delete root_hash=[e3, b0, c4, 42, 98, fc, 1c, 14]...
🗑️ MEST Delete: keyword='technology', fid='tech_00000077' (key completely removed)
🗑️ MEST Delete: post-delete root_hash=[e3, b0, c4, 42, 98, fc, 1c, 14]...
🔧 MEST Add: keyword='green', fid='envi_00000087'
🔧 MEST Add: proof size=155 bytes, root_hash=[2c, 3f, 15, 07, 39, a3, 40, 95]...
🔧 MEST Add: keyword='green', fid='envi_00000087'
🔧 MEST Add: proof size=155 bytes, root_hash=[2c, 3f, 15, 07, 39, a3, 40, 95]...
🗑️ MEST Delete: keyword='green', fid='envi_00000087' (key completely removed)
🗑️ MEST Delete: post-delete root_hash=[e3, b0, c4, 42, 98, fc, 1c, 14]...
🔧 MEST Add: keyword='technology', fid='tech_00000100'
🔧 MEST Add: proof size=160 bytes, root_hash=[89, 79, 9c, 01, 8c, c2, cd, f3]...
🔍 MEST Query: keyword='technology', found 1 fids
🔍 MEST Query: returning proof (160 bytes)
🗑️ MEST Delete: keyword='technology', fid='tech_00000100' (key completely removed)
🗑️ MEST Delete: post-delete root_hash=[e3, b0, c4, 42, 98, fc, 1c, 14]...
🗑️ MEST Delete: keyword='technology', fid='tech_00000100' (key completely removed)
🗑️ MEST Delete: post-delete root_hash=[e3, b0, c4, 42, 98, fc, 1c, 14]...
🔧 MEST Add: keyword='technology', fid='tech_00000103'
🔧 MEST Add: proof size=160 bytes, root_hash=[41, ec, 2e, 35, 4d, c0, c1, de]...
🔍 MEST Query: keyword='technology', found 1 fids
🔍 MEST Query: returning proof (160 bytes)
🗑️ MEST Delete: keyword='technology', fid='tech_00000103' (key completely removed)
🗑️ MEST Delete: post-delete root_hash=[e3, b0, c4, 42, 98, fc, 1c, 14]...
🗑️ MEST Delete: keyword='technology', fid='tech_00000103' (key completely removed)
🗑️ MEST Delete: post-delete root_hash=[e3, b0, c4, 42, 98, fc, 1c, 14]...
🔧 MEST Add: keyword='technology', fid='tech_00000108'
🔧 MEST Add: proof size=160 bytes, root_hash=[8c, f0, ac, 12, 70, 9d, 1b, cb]...
🔍 MEST Query: keyword='technology', found 1 fids
🔍 MEST Query: returning proof (160 bytes)
🗑️ MEST Delete: keyword='technology', fid='tech_00000108' (key completely removed)
🗑️ MEST Delete: post-delete root_hash=[e3, b0, c4, 42, 98, fc, 1c, 14]...
🗑️ MEST Delete: keyword='technology', fid='tech_00000108' (key completely removed)
🗑️ MEST Delete: post-delete root_hash=[e3, b0, c4, 42, 98, fc, 1c, 14]...
🔧 MEST Add: keyword='technology', fid='tech_00000122'
🔧 MEST Add: proof size=160 bytes, root_hash=[e0, 04, 32, 66, cb, 72, 76, bf]...
🔍 MEST Query: keyword='technology', found 1 fids
🔍 MEST Query: returning proof (160 bytes)
🗑️ MEST Delete: keyword='technology', fid='tech_00000122' (key completely removed)
🗑️ MEST Delete: post-delete root_hash=[e3, b0, c4, 42, 98, fc, 1c, 14]...
🗑️ MEST Delete: keyword='technology', fid='tech_00000122' (key completely removed)
🗑️ MEST Delete: post-delete root_hash=[e3, b0, c4, 42, 98, fc, 1c, 14]...
🔧 MEST Add: keyword='technology', fid='tech_00000127'
🔧 MEST Add: proof size=160 bytes, root_hash=[e8, cf, 5c, eb, ea, 80, 11, 76]...
🔍 MEST Query: keyword='technology', found 1 fids
🔍 MEST Query: returning proof (160 bytes)
🗑️ MEST Delete: keyword='technology', fid='tech_00000127' (key completely removed)
🗑️ MEST Delete: post-delete root_hash=[e3, b0, c4, 42, 98, fc, 1c, 14]...
🗑️ MEST Delete: keyword='technology', fid='tech_00000127' (key completely removed)
🗑️ MEST Delete: post-delete root_hash=[e3, b0, c4, 42, 98, fc, 1c, 14]...
🔧 MEST Add: keyword='technology', fid='tech_00000136'
🔧 MEST Add: proof size=160 bytes, root_hash=[e3, 0b, 48, 20, 58, 85, b9, f2]...
🔍 MEST Query: keyword='technology', found 1 fids
🔍 MEST Query: returning proof (160 bytes)
🗑️ MEST Delete: keyword='technology', fid='tech_00000136' (key completely removed)
🗑️ MEST Delete: post-delete root_hash=[e3, b0, c4, 42, 98, fc, 1c, 14]...
🗑️ MEST Delete: keyword='technology', fid='tech_00000136' (key completely removed)
🗑️ MEST Delete: post-delete root_hash=[e3, b0, c4, 42, 98, fc, 1c, 14]...
🔧 MEST Add: keyword='technology', fid='tech_00000141'
🔧 MEST Add: proof size=160 bytes, root_hash=[c0, 40, 5d, 57, f0, 3e, c9, eb]...
🔍 MEST Query: keyword='technology', found 1 fids
🔍 MEST Query: returning proof (160 bytes)
🗑️ MEST Delete: keyword='technology', fid='tech_00000141' (key completely removed)
🗑️ MEST Delete: post-delete root_hash=[e3, b0, c4, 42, 98, fc, 1c, 14]...
🗑️ MEST Delete: keyword='technology', fid='tech_00000141' (key completely removed)
🗑️ MEST Delete: post-delete root_hash=[e3, b0, c4, 42, 98, fc, 1c, 14]...
🔧 MEST Add: keyword='green', fid='envi_00000150'
🔧 MEST Add: proof size=155 bytes, root_hash=[2b, fe, 9f, b7, a5, 6b, 2d, 0d]...
🗑️ MEST Delete: keyword='green', fid='envi_00000150' (key completely removed)
🗑️ MEST Delete: post-delete root_hash=[e3, b0, c4, 42, 98, fc, 1c, 14]...
🔧 MEST Add: keyword='technology', fid='tech_00000155'
🔧 MEST Add: proof size=160 bytes, root_hash=[9b, 33, 1b, 46, 52, 17, 18, e3]...
🔍 MEST Query: keyword='technology', found 1 fids
🔍 MEST Query: returning proof (160 bytes)
🗑️ MEST Delete: keyword='technology', fid='tech_00000155' (key completely removed)
🗑️ MEST Delete: post-delete root_hash=[e3, b0, c4, 42, 98, fc, 1c, 14]...
🗑️ MEST Delete: keyword='technology', fid='tech_00000155' (key completely removed)
🗑️ MEST Delete: post-delete root_hash=[e3, b0, c4, 42, 98, fc, 1c, 14]...
🔧 MEST Add: keyword='green', fid='envi_00000156'
🔧 MEST Add: proof size=155 bytes, root_hash=[41, 43, 61, 3d, 66, 1b, 0d, e0]...
🔧 MEST Add: keyword='green', fid='envi_00000156'
🔧 MEST Add: proof size=155 bytes, root_hash=[41, 43, 61, 3d, 66, 1b, 0d, e0]...
🗑️ MEST Delete: keyword='green', fid='envi_00000156' (key completely removed)
🗑️ MEST Delete: post-delete root_hash=[e3, b0, c4, 42, 98, fc, 1c, 14]...
🔧 MEST Add: keyword='technology', fid='tech_00000169'
🔧 MEST Add: proof size=160 bytes, root_hash=[73, 03, 60, 8c, da, 03, 04, fe]...
🔍 MEST Query: keyword='technology', found 1 fids
🔍 MEST Query: returning proof (160 bytes)
🗑️ MEST Delete: keyword='technology', fid='tech_00000169' (key completely removed)
🗑️ MEST Delete: post-delete root_hash=[e3, b0, c4, 42, 98, fc, 1c, 14]...
🗑️ MEST Delete: keyword='technology', fid='tech_00000169' (key completely removed)
🗑️ MEST Delete: post-delete root_hash=[e3, b0, c4, 42, 98, fc, 1c, 14]...
🔧 MEST Add: keyword='hospital', fid='heal_00000172'
🔧 MEST Add: proof size=158 bytes, root_hash=[5c, df, e2, df, 93, d4, 0d, b1]...
🗑️ MEST Delete: keyword='hospital', fid='heal_00000172' (key completely removed)
🗑️ MEST Delete: post-delete root_hash=[e3, b0, c4, 42, 98, fc, 1c, 14]...
🔧 MEST Add: keyword='technology', fid='tech_00000174'
🔧 MEST Add: proof size=160 bytes, root_hash=[0b, 5b, 4c, 7f, 34, 71, a9, dd]...
🔍 MEST Query: keyword='technology', found 1 fids
🔍 MEST Query: returning proof (160 bytes)
🗑️ MEST Delete: keyword='technology', fid='tech_00000174' (key completely removed)
🗑️ MEST Delete: post-delete root_hash=[e3, b0, c4, 42, 98, fc, 1c, 14]...
🗑️ MEST Delete: keyword='technology', fid='tech_00000174' (key completely removed)
🗑️ MEST Delete: post-delete root_hash=[e3, b0, c4, 42, 98, fc, 1c, 14]...
🔧 MEST Add: keyword='green', fid='envi_00000176'
🔧 MEST Add: proof size=155 bytes, root_hash=[4c, ec, 7f, ac, b7, c7, 78, 7c]...
🗑️ MEST Delete: keyword='green', fid='envi_00000176' (key completely removed)
🗑️ MEST Delete: post-delete root_hash=[e3, b0, c4, 42, 98, fc, 1c, 14]...
🔧 MEST Add: keyword='technology', fid='tech_00000177'
🔧 MEST Add: proof size=160 bytes, root_hash=[af, ef, 44, 92, a6, e8, cf, 48]...
🔍 MEST Query: keyword='technology', found 1 fids
🔍 MEST Query: returning proof (160 bytes)
🗑️ MEST Delete: keyword='technology', fid='tech_00000177' (key completely removed)
🗑️ MEST Delete: post-delete root_hash=[e3, b0, c4, 42, 98, fc, 1c, 14]...
🗑️ MEST Delete: keyword='technology', fid='tech_00000177' (key completely removed)
🗑️ MEST Delete: post-delete root_hash=[e3, b0, c4, 42, 98, fc, 1c, 14]...
🔧 MEST Add: keyword='green', fid='envi_00000185'
🔧 MEST Add: proof size=155 bytes, root_hash=[12, 1b, 33, b0, 8b, 0a, 59, 47]...
🗑️ MEST Delete: keyword='green', fid='envi_00000185' (key completely removed)
🗑️ MEST Delete: post-delete root_hash=[e3, b0, c4, 42, 98, fc, 1c, 14]...
🔧 MEST Add: keyword='technology', fid='tech_00000187'
🔧 MEST Add: proof size=160 bytes, root_hash=[8e, 7b, 03, c1, 65, 04, 7a, a4]...
🔍 MEST Query: keyword='technology', found 1 fids
🔍 MEST Query: returning proof (160 bytes)
🗑️ MEST Delete: keyword='technology', fid='tech_00000187' (key completely removed)
🗑️ MEST Delete: post-delete root_hash=[e3, b0, c4, 42, 98, fc, 1c, 14]...
🗑️ MEST Delete: keyword='technology', fid='tech_00000187' (key completely removed)
🗑️ MEST Delete: post-delete root_hash=[e3, b0, c4, 42, 98, fc, 1c, 14]...
🔧 MEST Add: keyword='technology', fid='tech_00000197'
🔧 MEST Add: proof size=160 bytes, root_hash=[78, 8c, be, 28, 31, e1, f0, f1]...
🔍 MEST Query: keyword='technology', found 1 fids
🔍 MEST Query: returning proof (160 bytes)
🗑️ MEST Delete: keyword='technology', fid='tech_00000197' (key completely removed)
🗑️ MEST Delete: post-delete root_hash=[e3, b0, c4, 42, 98, fc, 1c, 14]...
🗑️ MEST Delete: keyword='technology', fid='tech_00000197' (key completely removed)
🗑️ MEST Delete: post-delete root_hash=[e3, b0, c4, 42, 98, fc, 1c, 14]...
🔧 MEST Add: keyword='hospital', fid='heal_00000198'
🔧 MEST Add: proof size=158 bytes, root_hash=[e7, de, 1e, 7b, 94, 31, be, 46]...
🔧 MEST Add: keyword='hospital', fid='heal_00000198'
🔧 MEST Add: proof size=158 bytes, root_hash=[e7, de, 1e, 7b, 94, 31, be, 46]...
🗑️ MEST Delete: keyword='hospital', fid='heal_00000198' (key completely removed)
🗑️ MEST Delete: post-delete root_hash=[e3, b0, c4, 42, 98, fc, 1c, 14]...
🔧 MEST Add: keyword='technology', fid='tech_00000203'
🔧 MEST Add: proof size=160 bytes, root_hash=[ca, 17, ac, e4, 83, 6c, 92, bd]...
🔍 MEST Query: keyword='technology', found 1 fids
🔍 MEST Query: returning proof (160 bytes)
🗑️ MEST Delete: keyword='technology', fid='tech_00000203' (key completely removed)
🗑️ MEST Delete: post-delete root_hash=[e3, b0, c4, 42, 98, fc, 1c, 14]...
🗑️ MEST Delete: keyword='technology', fid='tech_00000203' (key completely removed)
🗑️ MEST Delete: post-delete root_hash=[e3, b0, c4, 42, 98, fc, 1c, 14]...
🔧 MEST Add: keyword='technology', fid='tech_00000205'
🔧 MEST Add: proof size=160 bytes, root_hash=[05, 3a, ec, 7f, e7, 48, 4d, a2]...
🔍 MEST Query: keyword='technology', found 1 fids
🔍 MEST Query: returning proof (160 bytes)
🗑️ MEST Delete: keyword='technology', fid='tech_00000205' (key completely removed)
🗑️ MEST Delete: post-delete root_hash=[e3, b0, c4, 42, 98, fc, 1c, 14]...
🗑️ MEST Delete: keyword='technology', fid='tech_00000205' (key completely removed)
🗑️ MEST Delete: post-delete root_hash=[e3, b0, c4, 42, 98, fc, 1c, 14]...
🔧 MEST Add: keyword='technology', fid='tech_00000209'
🔧 MEST Add: proof size=160 bytes, root_hash=[e3, db, 6c, cb, a9, 48, e9, b2]...
🔍 MEST Query: keyword='technology', found 1 fids
🔍 MEST Query: returning proof (160 bytes)
🗑️ MEST Delete: keyword='technology', fid='tech_00000209' (key completely removed)
🗑️ MEST Delete: post-delete root_hash=[e3, b0, c4, 42, 98, fc, 1c, 14]...
🗑️ MEST Delete: keyword='technology', fid='tech_00000209' (key completely removed)
🗑️ MEST Delete: post-delete root_hash=[e3, b0, c4, 42, 98, fc, 1c, 14]...
🔧 MEST Add: keyword='technology', fid='tech_00000210'
🔧 MEST Add: proof size=160 bytes, root_hash=[4a, 5f, 84, 01, b0, 9b, 3f, fa]...
🔍 MEST Query: keyword='technology', found 1 fids
🔍 MEST Query: returning proof (160 bytes)
🗑️ MEST Delete: keyword='technology', fid='tech_00000210' (key completely removed)
🗑️ MEST Delete: post-delete root_hash=[e3, b0, c4, 42, 98, fc, 1c, 14]...
🗑️ MEST Delete: keyword='technology', fid='tech_00000210' (key completely removed)
🗑️ MEST Delete: post-delete root_hash=[e3, b0, c4, 42, 98, fc, 1c, 14]...
🔧 MEST Add: keyword='technology', fid='tech_00000212'
🔧 MEST Add: proof size=160 bytes, root_hash=[3d, 91, a7, c9, e5, 01, f7, 01]...
🔍 MEST Query: keyword='technology', found 1 fids
🔍 MEST Query: returning proof (160 bytes)
🗑️ MEST Delete: keyword='technology', fid='tech_00000212' (key completely removed)
🗑️ MEST Delete: post-delete root_hash=[e3, b0, c4, 42, 98, fc, 1c, 14]...
🗑️ MEST Delete: keyword='technology', fid='tech_00000212' (key completely removed)
🗑️ MEST Delete: post-delete root_hash=[e3, b0, c4, 42, 98, fc, 1c, 14]...
🔧 MEST Add: keyword='technology', fid='tech_00000215'
🔧 MEST Add: proof size=160 bytes, root_hash=[d2, 96, 30, aa, b2, d2, 0f, 10]...
🔍 MEST Query: keyword='technology', found 1 fids
🔍 MEST Query: returning proof (160 bytes)
🗑️ MEST Delete: keyword='technology', fid='tech_00000215' (key completely removed)
🗑️ MEST Delete: post-delete root_hash=[e3, b0, c4, 42, 98, fc, 1c, 14]...
🗑️ MEST Delete: keyword='technology', fid='tech_00000215' (key completely removed)
🗑️ MEST Delete: post-delete root_hash=[e3, b0, c4, 42, 98, fc, 1c, 14]...
🔧 MEST Add: keyword='travel', fid='life_00000220'
🔧 MEST Add: proof size=156 bytes, root_hash=[7a, f7, 52, 3e, fb, 41, 8b, 00]...
🗑️ MEST Delete: keyword='travel', fid='life_00000220' (key completely removed)
🗑️ MEST Delete: post-delete root_hash=[e3, b0, c4, 42, 98, fc, 1c, 14]...
🔧 MEST Add: keyword='technology', fid='tech_00000221'
🔧 MEST Add: proof size=160 bytes, root_hash=[56, d4, b0, cf, ee, 85, 1a, 87]...
🔍 MEST Query: keyword='technology', found 1 fids
🔍 MEST Query: returning proof (160 bytes)
🗑️ MEST Delete: keyword='technology', fid='tech_00000221' (key completely removed)
🗑️ MEST Delete: post-delete root_hash=[e3, b0, c4, 42, 98, fc, 1c, 14]...
🗑️ MEST Delete: keyword='technology', fid='tech_00000221' (key completely removed)
🗑️ MEST Delete: post-delete root_hash=[e3, b0, c4, 42, 98, fc, 1c, 14]...
🔧 MEST Add: keyword='hospital', fid='heal_00000222'
🔧 MEST Add: proof size=158 bytes, root_hash=[3b, 4d, ab, 73, ba, d1, 8f, b5]...
🗑️ MEST Delete: keyword='hospital', fid='heal_00000222' (key completely removed)
🗑️ MEST Delete: post-delete root_hash=[e3, b0, c4, 42, 98, fc, 1c, 14]...
🔧 MEST Add: keyword='technology', fid='tech_00000227'
🔧 MEST Add: proof size=160 bytes, root_hash=[4d, 50, 59, 2e, aa, bd, 51, 48]...
🔍 MEST Query: keyword='technology', found 1 fids
🔍 MEST Query: returning proof (160 bytes)
🗑️ MEST Delete: keyword='technology', fid='tech_00000227' (key completely removed)
🗑️ MEST Delete: post-delete root_hash=[e3, b0, c4, 42, 98, fc, 1c, 14]...
🗑️ MEST Delete: keyword='technology', fid='tech_00000227' (key completely removed)
🗑️ MEST Delete: post-delete root_hash=[e3, b0, c4, 42, 98, fc, 1c, 14]...
🔧 MEST Add: keyword='technology', fid='tech_00000230'
🔧 MEST Add: proof size=160 bytes, root_hash=[a6, df, c8, 01, 9b, fd, 00, 03]...
🔍 MEST Query: keyword='technology', found 1 fids
🔍 MEST Query: returning proof (160 bytes)
🗑️ MEST Delete: keyword='technology', fid='tech_00000230' (key completely removed)
🗑️ MEST Delete: post-delete root_hash=[e3, b0, c4, 42, 98, fc, 1c, 14]...
🗑️ MEST Delete: keyword='technology', fid='tech_00000230' (key completely removed)
🗑️ MEST Delete: post-delete root_hash=[e3, b0, c4, 42, 98, fc, 1c, 14]...
🔧 MEST Add: keyword='technology', fid='tech_00000231'
🔧 MEST Add: proof size=160 bytes, root_hash=[10, 81, e1, a9, cf, f7, 2f, b0]...
🔍 MEST Query: keyword='technology', found 1 fids
🔍 MEST Query: returning proof (160 bytes)
🗑️ MEST Delete: keyword='technology', fid='tech_00000231' (key completely removed)
🗑️ MEST Delete: post-delete root_hash=[e3, b0, c4, 42, 98, fc, 1c, 14]...
🗑️ MEST Delete: keyword='technology', fid='tech_00000231' (key completely removed)
🗑️ MEST Delete: post-delete root_hash=[e3, b0, c4, 42, 98, fc, 1c, 14]...
🔧 MEST Add: keyword='technology', fid='tech_00000242'
🔧 MEST Add: proof size=160 bytes, root_hash=[e9, 1b, af, b1, 63, 52, ad, 51]...
🔍 MEST Query: keyword='technology', found 1 fids
🔍 MEST Query: returning proof (160 bytes)
🗑️ MEST Delete: keyword='technology', fid='tech_00000242' (key completely removed)
🗑️ MEST Delete: post-delete root_hash=[e3, b0, c4, 42, 98, fc, 1c, 14]...
🗑️ MEST Delete: keyword='technology', fid='tech_00000242' (key completely removed)
🗑️ MEST Delete: post-delete root_hash=[e3, b0, c4, 42, 98, fc, 1c, 14]...
🔧 MEST Add: keyword='technology', fid='tech_00000257'
🔧 MEST Add: proof size=160 bytes, root_hash=[39, 1e, 99, 08, d0, 27, 71, 86]...
🔍 MEST Query: keyword='technology', found 1 fids
🔍 MEST Query: returning proof (160 bytes)
🗑️ MEST Delete: keyword='technology', fid='tech_00000257' (key completely removed)
🗑️ MEST Delete: post-delete root_hash=[e3, b0, c4, 42, 98, fc, 1c, 14]...
🗑️ MEST Delete: keyword='technology', fid='tech_00000257' (key completely removed)
🗑️ MEST Delete: post-delete root_hash=[e3, b0, c4, 42, 98, fc, 1c, 14]...
🔧 MEST Add: keyword='technology', fid='tech_00000260'
🔧 MEST Add: proof size=160 bytes, root_hash=[c7, 01, 0d, fa, 08, c2, ad, 38]...
🔍 MEST Query: keyword='technology', found 1 fids
🔍 MEST Query: returning proof (160 bytes)
🗑️ MEST Delete: keyword='technology', fid='tech_00000260' (key completely removed)
🗑️ MEST Delete: post-delete root_hash=[e3, b0, c4, 42, 98, fc, 1c, 14]...
🗑️ MEST Delete: keyword='technology', fid='tech_00000260' (key completely removed)
🗑️ MEST Delete: post-delete root_hash=[e3, b0, c4, 42, 98, fc, 1c, 14]...
🔧 MEST Add: keyword='technology', fid='tech_00000263'
🔧 MEST Add: proof size=160 bytes, root_hash=[36, d4, 00, 49, 09, 71, 36, 1e]...
🔍 MEST Query: keyword='technology', found 1 fids
🔍 MEST Query: returning proof (160 bytes)
🗑️ MEST Delete: keyword='technology', fid='tech_00000263' (key completely removed)
🗑️ MEST Delete: post-delete root_hash=[e3, b0, c4, 42, 98, fc, 1c, 14]...
🗑️ MEST Delete: keyword='technology', fid='tech_00000263' (key completely removed)
🗑️ MEST Delete: post-delete root_hash=[e3, b0, c4, 42, 98, fc, 1c, 14]...
🔧 MEST Add: keyword='technology', fid='tech_00000270'
🔧 MEST Add: proof size=160 bytes, root_hash=[46, 33, a0, 9c, 08, 0b, 1b, cd]...
🔍 MEST Query: keyword='technology', found 1 fids
🔍 MEST Query: returning proof (160 bytes)
🗑️ MEST Delete: keyword='technology', fid='tech_00000270' (key completely removed)
🗑️ MEST Delete: post-delete root_hash=[e3, b0, c4, 42, 98, fc, 1c, 14]...
🗑️ MEST Delete: keyword='technology', fid='tech_00000270' (key completely removed)
🗑️ MEST Delete: post-delete root_hash=[e3, b0, c4, 42, 98, fc, 1c, 14]...
🔧 MEST Add: keyword='travel', fid='life_00000271'
🔧 MEST Add: proof size=156 bytes, root_hash=[57, d7, 3a, 98, 60, 14, 81, 26]...
🗑️ MEST Delete: keyword='travel', fid='life_00000271' (key completely removed)
🗑️ MEST Delete: post-delete root_hash=[e3, b0, c4, 42, 98, fc, 1c, 14]...
🔧 MEST Add: keyword='technology', fid='tech_00000274'
🔧 MEST Add: proof size=160 bytes, root_hash=[c1, 55, b1, d2, f2, f9, c9, 87]...
🔍 MEST Query: keyword='technology', found 1 fids
🔍 MEST Query: returning proof (160 bytes)
🗑️ MEST Delete: keyword='technology', fid='tech_00000274' (key completely removed)
🗑️ MEST Delete: post-delete root_hash=[e3, b0, c4, 42, 98, fc, 1c, 14]...
🗑️ MEST Delete: keyword='technology', fid='tech_00000274' (key completely removed)
🗑️ MEST Delete: post-delete root_hash=[e3, b0, c4, 42, 98, fc, 1c, 14]...
🔧 MEST Add: keyword='technology', fid='tech_00000279'
🔧 MEST Add: proof size=160 bytes, root_hash=[2f, 1e, 75, aa, c7, 13, ca, 11]...
🔍 MEST Query: keyword='technology', found 1 fids
🔍 MEST Query: returning proof (160 bytes)
🗑️ MEST Delete: keyword='technology', fid='tech_00000279' (key completely removed)
🗑️ MEST Delete: post-delete root_hash=[e3, b0, c4, 42, 98, fc, 1c, 14]...
🗑️ MEST Delete: keyword='technology', fid='tech_00000279' (key completely removed)
🗑️ MEST Delete: post-delete root_hash=[e3, b0, c4, 42, 98, fc, 1c, 14]...
🔧 MEST Add: keyword='technology', fid='tech_00000286'
🔧 MEST Add: proof size=160 bytes, root_hash=[f1, 84, 83, bb, 79, d1, 67, 14]...
🔍 MEST Query: keyword='technology', found 1 fids
🔍 MEST Query: returning proof (160 bytes)
🗑️ MEST Delete: keyword='technology', fid='tech_00000286' (key completely removed)
🗑️ MEST Delete: post-delete root_hash=[e3, b0, c4, 42, 98, fc, 1c, 14]...
🗑️ MEST Delete: keyword='technology', fid='tech_00000286' (key completely removed)
🗑️ MEST Delete: post-delete root_hash=[e3, b0, c4, 42, 98, fc, 1c, 14]...
🔧 MEST Add: keyword='technology', fid='tech_00000288'
🔧 MEST Add: proof size=160 bytes, root_hash=[15, 3a, 6e, 19, 48, b2, c7, 8c]...
🔍 MEST Query: keyword='technology', found 1 fids
🔍 MEST Query: returning proof (160 bytes)
🗑️ MEST Delete: keyword='technology', fid='tech_00000288' (key completely removed)
🗑️ MEST Delete: post-delete root_hash=[e3, b0, c4, 42, 98, fc, 1c, 14]...
🗑️ MEST Delete: keyword='technology', fid='tech_00000288' (key completely removed)
🗑️ MEST Delete: post-delete root_hash=[e3, b0, c4, 42, 98, fc, 1c, 14]...
🔧 MEST Add: keyword='technology', fid='tech_00000290'
🔧 MEST Add: proof size=160 bytes, root_hash=[0a, ce, 16, b4, 06, a8, 0f, eb]...
🔍 MEST Query: keyword='technology', found 1 fids
🔍 MEST Query: returning proof (160 bytes)
🗑️ MEST Delete: keyword='technology', fid='tech_00000290' (key completely removed)
🗑️ MEST Delete: post-delete root_hash=[e3, b0, c4, 42, 98, fc, 1c, 14]...
🗑️ MEST Delete: keyword='technology', fid='tech_00000290' (key completely removed)
🗑️ MEST Delete: post-delete root_hash=[e3, b0, c4, 42, 98, fc, 1c, 14]...
🔧 MEST Add: keyword='technology', fid='tech_00000293'
🔧 MEST Add: proof size=160 bytes, root_hash=[02, 68, 56, 2e, a9, 1a, aa, 9a]...
🔍 MEST Query: keyword='technology', found 1 fids
🔍 MEST Query: returning proof (160 bytes)
🗑️ MEST Delete: keyword='technology', fid='tech_00000293' (key completely removed)
🗑️ MEST Delete: post-delete root_hash=[e3, b0, c4, 42, 98, fc, 1c, 14]...
🗑️ MEST Delete: keyword='technology', fid='tech_00000293' (key completely removed)
🗑️ MEST Delete: post-delete root_hash=[e3, b0, c4, 42, 98, fc, 1c, 14]...
🔧 MEST Add: keyword='technology', fid='tech_00000309'
🔧 MEST Add: proof size=160 bytes, root_hash=[3e, 7b, 40, 80, 51, d7, 98, 14]...
🔍 MEST Query: keyword='technology', found 1 fids
🔍 MEST Query: returning proof (160 bytes)
🗑️ MEST Delete: keyword='technology', fid='tech_00000309' (key completely removed)
🗑️ MEST Delete: post-delete root_hash=[e3, b0, c4, 42, 98, fc, 1c, 14]...
🗑️ MEST Delete: keyword='technology', fid='tech_00000309' (key completely removed)
🗑️ MEST Delete: post-delete root_hash=[e3, b0, c4, 42, 98, fc, 1c, 14]...
🔧 MEST Add: keyword='technology', fid='tech_00000318'
🔧 MEST Add: proof size=160 bytes, root_hash=[fc, be, cd, f3, dd, f7, 4e, e8]...
🔍 MEST Query: keyword='technology', found 1 fids
🔍 MEST Query: returning proof (160 bytes)
🗑️ MEST Delete: keyword='technology', fid='tech_00000318' (key completely removed)
🗑️ MEST Delete: post-delete root_hash=[e3, b0, c4, 42, 98, fc, 1c, 14]...
🗑️ MEST Delete: keyword='technology', fid='tech_00000318' (key completely removed)
🗑️ MEST Delete: post-delete root_hash=[e3, b0, c4, 42, 98, fc, 1c, 14]...
🔧 MEST Add: keyword='technology', fid='tech_00000319'
🔧 MEST Add: proof size=160 bytes, root_hash=[3a, 6b, 44, 26, af, b2, b9, 8f]...
🔍 MEST Query: keyword='technology', found 1 fids
🔍 MEST Query: returning proof (160 bytes)
🗑️ MEST Delete: keyword='technology', fid='tech_00000319' (key completely removed)
🗑️ MEST Delete: post-delete root_hash=[e3, b0, c4, 42, 98, fc, 1c, 14]...
🗑️ MEST Delete: keyword='technology', fid='tech_00000319' (key completely removed)
🗑️ MEST Delete: post-delete root_hash=[e3, b0, c4, 42, 98, fc, 1c, 14]...
🔧 MEST Add: keyword='technology', fid='tech_00000320'
🔧 MEST Add: proof size=160 bytes, root_hash=[28, eb, cb, 49, 5a, 7e, 03, 2f]...
🔍 MEST Query: keyword='technology', found 1 fids
🔍 MEST Query: returning proof (160 bytes)
🗑️ MEST Delete: keyword='technology', fid='tech_00000320' (key completely removed)
🗑️ MEST Delete: post-delete root_hash=[e3, b0, c4, 42, 98, fc, 1c, 14]...
🗑️ MEST Delete: keyword='technology', fid='tech_00000320' (key completely removed)
🗑️ MEST Delete: post-delete root_hash=[e3, b0, c4, 42, 98, fc, 1c, 14]...
🔧 MEST Add: keyword='technology', fid='tech_00000325'
🔧 MEST Add: proof size=160 bytes, root_hash=[bf, a3, 9c, 5d, a8, 4c, 77, f8]...
🔍 MEST Query: keyword='technology', found 1 fids
🔍 MEST Query: returning proof (160 bytes)
🗑️ MEST Delete: keyword='technology', fid='tech_00000325' (key completely removed)
🗑️ MEST Delete: post-delete root_hash=[e3, b0, c4, 42, 98, fc, 1c, 14]...
🗑️ MEST Delete: keyword='technology', fid='tech_00000325' (key completely removed)
🗑️ MEST Delete: post-delete root_hash=[e3, b0, c4, 42, 98, fc, 1c, 14]...
🔧 MEST Add: keyword='technology', fid='tech_00000326'
🔧 MEST Add: proof size=160 bytes, root_hash=[7f, fa, 5d, 64, ac, 86, ea, 2e]...
🔍 MEST Query: keyword='technology', found 1 fids
🔍 MEST Query: returning proof (160 bytes)
🗑️ MEST Delete: keyword='technology', fid='tech_00000326' (key completely removed)
🗑️ MEST Delete: post-delete root_hash=[e3, b0, c4, 42, 98, fc, 1c, 14]...
🗑️ MEST Delete: keyword='technology', fid='tech_00000326' (key completely removed)
🗑️ MEST Delete: post-delete root_hash=[e3, b0, c4, 42, 98, fc, 1c, 14]...
🔧 MEST Add: keyword='green', fid='envi_00000332'
🔧 MEST Add: proof size=155 bytes, root_hash=[7a, e1, 4c, 1f, a5, bd, b5, 0c]...
🔧 MEST Add: keyword='green', fid='envi_00000332'
🔧 MEST Add: proof size=155 bytes, root_hash=[7a, e1, 4c, 1f, a5, bd, b5, 0c]...
🗑️ MEST Delete: keyword='green', fid='envi_00000332' (key completely removed)
🗑️ MEST Delete: post-delete root_hash=[e3, b0, c4, 42, 98, fc, 1c, 14]...
🔧 MEST Add: keyword='travel', fid='life_00000334'
🔧 MEST Add: proof size=156 bytes, root_hash=[fe, 0d, 3b, 4e, 63, da, 27, 1d]...
🗑️ MEST Delete: keyword='travel', fid='life_00000334' (key completely removed)
🗑️ MEST Delete: post-delete root_hash=[e3, b0, c4, 42, 98, fc, 1c, 14]...
🔧 MEST Add: keyword='technology', fid='tech_00000338'
🔧 MEST Add: proof size=160 bytes, root_hash=[69, fb, 66, 4e, 73, b7, 5d, d2]...
🔍 MEST Query: keyword='technology', found 1 fids
🔍 MEST Query: returning proof (160 bytes)
🗑️ MEST Delete: keyword='technology', fid='tech_00000338' (key completely removed)
🗑️ MEST Delete: post-delete root_hash=[e3, b0, c4, 42, 98, fc, 1c, 14]...
🗑️ MEST Delete: keyword='technology', fid='tech_00000338' (key completely removed)
🗑️ MEST Delete: post-delete root_hash=[e3, b0, c4, 42, 98, fc, 1c, 14]...
🔧 MEST Add: keyword='green', fid='envi_00000340'
🔧 MEST Add: proof size=155 bytes, root_hash=[a1, 8a, a9, 8d, 57, d5, a2, 53]...
🔧 MEST Add: keyword='green', fid='envi_00000340'
🔧 MEST Add: proof size=155 bytes, root_hash=[a1, 8a, a9, 8d, 57, d5, a2, 53]...
🗑️ MEST Delete: keyword='green', fid='envi_00000340' (key completely removed)
🗑️ MEST Delete: post-delete root_hash=[e3, b0, c4, 42, 98, fc, 1c, 14]...
🔧 MEST Add: keyword='technology', fid='tech_00000355'
🔧 MEST Add: proof size=160 bytes, root_hash=[30, 8e, 67, ff, 56, 00, 6c, 27]...
🔍 MEST Query: keyword='technology', found 1 fids
🔍 MEST Query: returning proof (160 bytes)
🗑️ MEST Delete: keyword='technology', fid='tech_00000355' (key completely removed)
🗑️ MEST Delete: post-delete root_hash=[e3, b0, c4, 42, 98, fc, 1c, 14]...
🗑️ MEST Delete: keyword='technology', fid='tech_00000355' (key completely removed)
🗑️ MEST Delete: post-delete root_hash=[e3, b0, c4, 42, 98, fc, 1c, 14]...
🔧 MEST Add: keyword='technology', fid='tech_00000364'
🔧 MEST Add: proof size=160 bytes, root_hash=[24, 0d, 08, 30, 71, 72, 50, a7]...
🔍 MEST Query: keyword='technology', found 1 fids
🔍 MEST Query: returning proof (160 bytes)
🗑️ MEST Delete: keyword='technology', fid='tech_00000364' (key completely removed)
🗑️ MEST Delete: post-delete root_hash=[e3, b0, c4, 42, 98, fc, 1c, 14]...
🗑️ MEST Delete: keyword='technology', fid='tech_00000364' (key completely removed)
🗑️ MEST Delete: post-delete root_hash=[e3, b0, c4, 42, 98, fc, 1c, 14]...
🔧 MEST Add: keyword='technology', fid='tech_00000366'
🔧 MEST Add: proof size=160 bytes, root_hash=[d3, bf, 0f, 53, 16, 3f, c0, ea]...
🔍 MEST Query: keyword='technology', found 1 fids
🔍 MEST Query: returning proof (160 bytes)
🗑️ MEST Delete: keyword='technology', fid='tech_00000366' (key completely removed)
🗑️ MEST Delete: post-delete root_hash=[e3, b0, c4, 42, 98, fc, 1c, 14]...
🗑️ MEST Delete: keyword='technology', fid='tech_00000366' (key completely removed)
🗑️ MEST Delete: post-delete root_hash=[e3, b0, c4, 42, 98, fc, 1c, 14]...
🔧 MEST Add: keyword='hospital', fid='heal_00000369'
🔧 MEST Add: proof size=158 bytes, root_hash=[82, 05, 4b, 61, ad, 9d, a2, 3c]...
🗑️ MEST Delete: keyword='hospital', fid='heal_00000369' (key completely removed)
🗑️ MEST Delete: post-delete root_hash=[e3, b0, c4, 42, 98, fc, 1c, 14]...
🔧 MEST Add: keyword='hospital', fid='heal_00000376'
🔧 MEST Add: proof size=158 bytes, root_hash=[3a, de, 01, cc, bd, 52, 4c, a3]...
🗑️ MEST Delete: keyword='hospital', fid='heal_00000376' (key completely removed)
🗑️ MEST Delete: post-delete root_hash=[e3, b0, c4, 42, 98, fc, 1c, 14]...
🔧 MEST Add: keyword='technology', fid='tech_00000378'
🔧 MEST Add: proof size=160 bytes, root_hash=[18, aa, b0, 33, 6c, 9c, 97, 46]...
🔍 MEST Query: keyword='technology', found 1 fids
🔍 MEST Query: returning proof (160 bytes)
🗑️ MEST Delete: keyword='technology', fid='tech_00000378' (key completely removed)
🗑️ MEST Delete: post-delete root_hash=[e3, b0, c4, 42, 98, fc, 1c, 14]...
🗑️ MEST Delete: keyword='technology', fid='tech_00000378' (key completely removed)
🗑️ MEST Delete: post-delete root_hash=[e3, b0, c4, 42, 98, fc, 1c, 14]...
🔧 MEST Add: keyword='technology', fid='tech_00000386'
🔧 MEST Add: proof size=160 bytes, root_hash=[44, e4, bb, d5, e9, 42, 27, e3]...
🔍 MEST Query: keyword='technology', found 1 fids
🔍 MEST Query: returning proof (160 bytes)
🗑️ MEST Delete: keyword='technology', fid='tech_00000386' (key completely removed)
🗑️ MEST Delete: post-delete root_hash=[e3, b0, c4, 42, 98, fc, 1c, 14]...
🗑️ MEST Delete: keyword='technology', fid='tech_00000386' (key completely removed)
🗑️ MEST Delete: post-delete root_hash=[e3, b0, c4, 42, 98, fc, 1c, 14]...
🔧 MEST Add: keyword='technology', fid='tech_00000391'
🔧 MEST Add: proof size=160 bytes, root_hash=[ed, 8b, b8, d3, 61, d7, 2b, 1d]...
🔍 MEST Query: keyword='technology', found 1 fids
🔍 MEST Query: returning proof (160 bytes)
🗑️ MEST Delete: keyword='technology', fid='tech_00000391' (key completely removed)
🗑️ MEST Delete: post-delete root_hash=[e3, b0, c4, 42, 98, fc, 1c, 14]...
🗑️ MEST Delete: keyword='technology', fid='tech_00000391' (key completely removed)
🗑️ MEST Delete: post-delete root_hash=[e3, b0, c4, 42, 98, fc, 1c, 14]...
🔧 MEST Add: keyword='technology', fid='tech_00000397'
🔧 MEST Add: proof size=160 bytes, root_hash=[fe, d9, d0, 3c, e5, da, 8a, f9]...
🔍 MEST Query: keyword='technology', found 1 fids
🔍 MEST Query: returning proof (160 bytes)
🗑️ MEST Delete: keyword='technology', fid='tech_00000397' (key completely removed)
🗑️ MEST Delete: post-delete root_hash=[e3, b0, c4, 42, 98, fc, 1c, 14]...
🗑️ MEST Delete: keyword='technology', fid='tech_00000397' (key completely removed)
🗑️ MEST Delete: post-delete root_hash=[e3, b0, c4, 42, 98, fc, 1c, 14]...
🔧 MEST Add: keyword='technology', fid='tech_00000410'
🔧 MEST Add: proof size=160 bytes, root_hash=[92, 7e, 91, 84, 03, bf, 09, b2]...
🔍 MEST Query: keyword='technology', found 1 fids
🔍 MEST Query: returning proof (160 bytes)
🗑️ MEST Delete: keyword='technology', fid='tech_00000410' (key completely removed)
🗑️ MEST Delete: post-delete root_hash=[e3, b0, c4, 42, 98, fc, 1c, 14]...
🗑️ MEST Delete: keyword='technology', fid='tech_00000410' (key completely removed)
🗑️ MEST Delete: post-delete root_hash=[e3, b0, c4, 42, 98, fc, 1c, 14]...
🔧 MEST Add: keyword='technology', fid='tech_00000411'
🔧 MEST Add: proof size=160 bytes, root_hash=[90, d9, a8, 0b, 97, 98, 2a, a2]...
🔍 MEST Query: keyword='technology', found 1 fids
🔍 MEST Query: returning proof (160 bytes)
🗑️ MEST Delete: keyword='technology', fid='tech_00000411' (key completely removed)
🗑️ MEST Delete: post-delete root_hash=[e3, b0, c4, 42, 98, fc, 1c, 14]...
🗑️ MEST Delete: keyword='technology', fid='tech_00000411' (key completely removed)
🗑️ MEST Delete: post-delete root_hash=[e3, b0, c4, 42, 98, fc, 1c, 14]...
🔧 MEST Add: keyword='technology', fid='tech_00000413'
🔧 MEST Add: proof size=160 bytes, root_hash=[b3, aa, 90, 3b, 4d, 7a, 6b, 3a]...
🔍 MEST Query: keyword='technology', found 1 fids
🔍 MEST Query: returning proof (160 bytes)
🗑️ MEST Delete: keyword='technology', fid='tech_00000413' (key completely removed)
🗑️ MEST Delete: post-delete root_hash=[e3, b0, c4, 42, 98, fc, 1c, 14]...
🗑️ MEST Delete: keyword='technology', fid='tech_00000413' (key completely removed)
🗑️ MEST Delete: post-delete root_hash=[e3, b0, c4, 42, 98, fc, 1c, 14]...
🔧 MEST Add: keyword='technology', fid='tech_00000415'
🔧 MEST Add: proof size=160 bytes, root_hash=[64, 36, 23, eb, b7, 44, a8, c6]...
🔍 MEST Query: keyword='technology', found 1 fids
🔍 MEST Query: returning proof (160 bytes)
🗑️ MEST Delete: keyword='technology', fid='tech_00000415' (key completely removed)
🗑️ MEST Delete: post-delete root_hash=[e3, b0, c4, 42, 98, fc, 1c, 14]...
🗑️ MEST Delete: keyword='technology', fid='tech_00000415' (key completely removed)
🗑️ MEST Delete: post-delete root_hash=[e3, b0, c4, 42, 98, fc, 1c, 14]...
🔧 MEST Add: keyword='technology', fid='tech_00000418'
🔧 MEST Add: proof size=160 bytes, root_hash=[f6, 7c, 39, 7b, 13, 00, cd, b2]...
🔍 MEST Query: keyword='technology', found 1 fids
🔍 MEST Query: returning proof (160 bytes)
🗑️ MEST Delete: keyword='technology', fid='tech_00000418' (key completely removed)
🗑️ MEST Delete: post-delete root_hash=[e3, b0, c4, 42, 98, fc, 1c, 14]...
🗑️ MEST Delete: keyword='technology', fid='tech_00000418' (key completely removed)
🗑️ MEST Delete: post-delete root_hash=[e3, b0, c4, 42, 98, fc, 1c, 14]...
🔧 MEST Add: keyword='technology', fid='tech_00000420'
🔧 MEST Add: proof size=160 bytes, root_hash=[ef, bb, 91, 9d, a2, e5, dd, 7b]...
🔍 MEST Query: keyword='technology', found 1 fids
🔍 MEST Query: returning proof (160 bytes)
🗑️ MEST Delete: keyword='technology', fid='tech_00000420' (key completely removed)
🗑️ MEST Delete: post-delete root_hash=[e3, b0, c4, 42, 98, fc, 1c, 14]...
🗑️ MEST Delete: keyword='technology', fid='tech_00000420' (key completely removed)
🗑️ MEST Delete: post-delete root_hash=[e3, b0, c4, 42, 98, fc, 1c, 14]...
🔧 MEST Add: keyword='hospital', fid='heal_00000426'
🔧 MEST Add: proof size=158 bytes, root_hash=[70, e0, 1d, 7f, 17, f3, e1, ad]...
🔧 MEST Add: keyword='hospital', fid='heal_00000426'
🔧 MEST Add: proof size=158 bytes, root_hash=[70, e0, 1d, 7f, 17, f3, e1, ad]...
🗑️ MEST Delete: keyword='hospital', fid='heal_00000426' (key completely removed)
🗑️ MEST Delete: post-delete root_hash=[e3, b0, c4, 42, 98, fc, 1c, 14]...
🔧 MEST Add: keyword='technology', fid='tech_00000432'
🔧 MEST Add: proof size=160 bytes, root_hash=[57, 4e, e2, ec, 08, fc, 77, e0]...
🔍 MEST Query: keyword='technology', found 1 fids
🔍 MEST Query: returning proof (160 bytes)
🗑️ MEST Delete: keyword='technology', fid='tech_00000432' (key completely removed)
🗑️ MEST Delete: post-delete root_hash=[e3, b0, c4, 42, 98, fc, 1c, 14]...
🗑️ MEST Delete: keyword='technology', fid='tech_00000432' (key completely removed)
🗑️ MEST Delete: post-delete root_hash=[e3, b0, c4, 42, 98, fc, 1c, 14]...
🔧 MEST Add: keyword='technology', fid='tech_00000433'
🔧 MEST Add: proof size=160 bytes, root_hash=[eb, e6, 08, 7d, ee, 65, 36, 82]...
🔍 MEST Query: keyword='technology', found 1 fids
🔍 MEST Query: returning proof (160 bytes)
🗑️ MEST Delete: keyword='technology', fid='tech_00000433' (key completely removed)
🗑️ MEST Delete: post-delete root_hash=[e3, b0, c4, 42, 98, fc, 1c, 14]...
🗑️ MEST Delete: keyword='technology', fid='tech_00000433' (key completely removed)
🗑️ MEST Delete: post-delete root_hash=[e3, b0, c4, 42, 98, fc, 1c, 14]...
🔧 MEST Add: keyword='technology', fid='tech_00000440'
🔧 MEST Add: proof size=160 bytes, root_hash=[05, 5f, c6, ea, ed, da, 00, d7]...
🔍 MEST Query: keyword='technology', found 1 fids
🔍 MEST Query: returning proof (160 bytes)
🗑️ MEST Delete: keyword='technology', fid='tech_00000440' (key completely removed)
🗑️ MEST Delete: post-delete root_hash=[e3, b0, c4, 42, 98, fc, 1c, 14]...
🗑️ MEST Delete: keyword='technology', fid='tech_00000440' (key completely removed)
🗑️ MEST Delete: post-delete root_hash=[e3, b0, c4, 42, 98, fc, 1c, 14]...
🔧 MEST Add: keyword='technology', fid='tech_00000446'
🔧 MEST Add: proof size=160 bytes, root_hash=[02, aa, ba, 1f, c6, 20, 8c, ff]...
🔍 MEST Query: keyword='technology', found 1 fids
🔍 MEST Query: returning proof (160 bytes)
🗑️ MEST Delete: keyword='technology', fid='tech_00000446' (key completely removed)
🗑️ MEST Delete: post-delete root_hash=[e3, b0, c4, 42, 98, fc, 1c, 14]...
🗑️ MEST Delete: keyword='technology', fid='tech_00000446' (key completely removed)
🗑️ MEST Delete: post-delete root_hash=[e3, b0, c4, 42, 98, fc, 1c, 14]...
🔧 MEST Add: keyword='technology', fid='tech_00000459'
🔧 MEST Add: proof size=160 bytes, root_hash=[e8, 36, d0, 03, 02, 2a, f4, 80]...
🔍 MEST Query: keyword='technology', found 1 fids
🔍 MEST Query: returning proof (160 bytes)
🗑️ MEST Delete: keyword='technology', fid='tech_00000459' (key completely removed)
🗑️ MEST Delete: post-delete root_hash=[e3, b0, c4, 42, 98, fc, 1c, 14]...
🗑️ MEST Delete: keyword='technology', fid='tech_00000459' (key completely removed)
🗑️ MEST Delete: post-delete root_hash=[e3, b0, c4, 42, 98, fc, 1c, 14]...
🔧 MEST Add: keyword='technology', fid='tech_00000465'
🔧 MEST Add: proof size=160 bytes, root_hash=[50, 07, 8e, fc, 4f, 07, ad, 09]...
🔍 MEST Query: keyword='technology', found 1 fids
🔍 MEST Query: returning proof (160 bytes)
🗑️ MEST Delete: keyword='technology', fid='tech_00000465' (key completely removed)
🗑️ MEST Delete: post-delete root_hash=[e3, b0, c4, 42, 98, fc, 1c, 14]...
🗑️ MEST Delete: keyword='technology', fid='tech_00000465' (key completely removed)
🗑️ MEST Delete: post-delete root_hash=[e3, b0, c4, 42, 98, fc, 1c, 14]...
🔧 MEST Add: keyword='technology', fid='tech_00000468'
🔧 MEST Add: proof size=160 bytes, root_hash=[55, ae, d6, b6, bc, 32, fa, f7]...
🔍 MEST Query: keyword='technology', found 1 fids
🔍 MEST Query: returning proof (160 bytes)
🗑️ MEST Delete: keyword='technology', fid='tech_00000468' (key completely removed)
🗑️ MEST Delete: post-delete root_hash=[e3, b0, c4, 42, 98, fc, 1c, 14]...
🗑️ MEST Delete: keyword='technology', fid='tech_00000468' (key completely removed)
🗑️ MEST Delete: post-delete root_hash=[e3, b0, c4, 42, 98, fc, 1c, 14]...
🔧 MEST Add: keyword='technology', fid='tech_00000470'
🔧 MEST Add: proof size=160 bytes, root_hash=[d5, aa, 5f, 5d, 62, b1, b9, 70]...
🔍 MEST Query: keyword='technology', found 1 fids
🔍 MEST Query: returning proof (160 bytes)
🗑️ MEST Delete: keyword='technology', fid='tech_00000470' (key completely removed)
🗑️ MEST Delete: post-delete root_hash=[e3, b0, c4, 42, 98, fc, 1c, 14]...
🗑️ MEST Delete: keyword='technology', fid='tech_00000470' (key completely removed)
🗑️ MEST Delete: post-delete root_hash=[e3, b0, c4, 42, 98, fc, 1c, 14]...
🔧 MEST Add: keyword='technology', fid='tech_00000471'
🔧 MEST Add: proof size=160 bytes, root_hash=[9a, 0c, 7e, 7d, eb, 4a, fc, b9]...
🔍 MEST Query: keyword='technology', found 1 fids
🔍 MEST Query: returning proof (160 bytes)
🗑️ MEST Delete: keyword='technology', fid='tech_00000471' (key completely removed)
🗑️ MEST Delete: post-delete root_hash=[e3, b0, c4, 42, 98, fc, 1c, 14]...
🗑️ MEST Delete: keyword='technology', fid='tech_00000471' (key completely removed)
🗑️ MEST Delete: post-delete root_hash=[e3, b0, c4, 42, 98, fc, 1c, 14]...
🔧 MEST Add: keyword='technology', fid='tech_00000472'
🔧 MEST Add: proof size=160 bytes, root_hash=[33, ca, 1e, 69, c9, 00, 2b, 1b]...
🔍 MEST Query: keyword='technology', found 1 fids
🔍 MEST Query: returning proof (160 bytes)
🗑️ MEST Delete: keyword='technology', fid='tech_00000472' (key completely removed)
🗑️ MEST Delete: post-delete root_hash=[e3, b0, c4, 42, 98, fc, 1c, 14]...
🗑️ MEST Delete: keyword='technology', fid='tech_00000472' (key completely removed)
🗑️ MEST Delete: post-delete root_hash=[e3, b0, c4, 42, 98, fc, 1c, 14]...
🔧 MEST Add: keyword='technology', fid='tech_00000474'
🔧 MEST Add: proof size=160 bytes, root_hash=[a3, 02, ea, 90, e3, 2a, af, e7]...
🔍 MEST Query: keyword='technology', found 1 fids
🔍 MEST Query: returning proof (160 bytes)
🗑️ MEST Delete: keyword='technology', fid='tech_00000474' (key completely removed)
🗑️ MEST Delete: post-delete root_hash=[e3, b0, c4, 42, 98, fc, 1c, 14]...
🗑️ MEST Delete: keyword='technology', fid='tech_00000474' (key completely removed)
🗑️ MEST Delete: post-delete root_hash=[e3, b0, c4, 42, 98, fc, 1c, 14]...
🔧 MEST Add: keyword='technology', fid='tech_00000493'
🔧 MEST Add: proof size=160 bytes, root_hash=[7a, ab, ed, cb, 56, 86, c4, 5f]...
🔍 MEST Query: keyword='technology', found 1 fids
🔍 MEST Query: returning proof (160 bytes)
🗑️ MEST Delete: keyword='technology', fid='tech_00000493' (key completely removed)
🗑️ MEST Delete: post-delete root_hash=[e3, b0, c4, 42, 98, fc, 1c, 14]...
🗑️ MEST Delete: keyword='technology', fid='tech_00000493' (key completely removed)
🗑️ MEST Delete: post-delete root_hash=[e3, b0, c4, 42, 98, fc, 1c, 14]...
🔧 MEST Add: keyword='technology', fid='tech_00000505'
🔧 MEST Add: proof size=160 bytes, root_hash=[fa, b9, 47, c4, 30, d9, 74, 0d]...
🔍 MEST Query: keyword='technology', found 1 fids
🔍 MEST Query: returning proof (160 bytes)
🗑️ MEST Delete: keyword='technology', fid='tech_00000505' (key completely removed)
🗑️ MEST Delete: post-delete root_hash=[e3, b0, c4, 42, 98, fc, 1c, 14]...
🗑️ MEST Delete: keyword='technology', fid='tech_00000505' (key completely removed)
🗑️ MEST Delete: post-delete root_hash=[e3, b0, c4, 42, 98, fc, 1c, 14]...
🔧 MEST Add: keyword='green', fid='envi_00000516'
🔧 MEST Add: proof size=155 bytes, root_hash=[86, 3b, a8, 30, 41, ab, a7, a2]...
🗑️ MEST Delete: keyword='green', fid='envi_00000516' (key completely removed)
🗑️ MEST Delete: post-delete root_hash=[e3, b0, c4, 42, 98, fc, 1c, 14]...
🔧 MEST Add: keyword='technology', fid='tech_00000519'
🔧 MEST Add: proof size=160 bytes, root_hash=[37, c5, 53, 06, 99, da, 41, e8]...
🔍 MEST Query: keyword='technology', found 1 fids
🔍 MEST Query: returning proof (160 bytes)
🗑️ MEST Delete: keyword='technology', fid='tech_00000519' (key completely removed)
🗑️ MEST Delete: post-delete root_hash=[e3, b0, c4, 42, 98, fc, 1c, 14]...
🗑️ MEST Delete: keyword='technology', fid='tech_00000519' (key completely removed)
🗑️ MEST Delete: post-delete root_hash=[e3, b0, c4, 42, 98, fc, 1c, 14]...
🔧 MEST Add: keyword='technology', fid='tech_00000529'
🔧 MEST Add: proof size=160 bytes, root_hash=[4e, 38, 7e, fc, 81, 57, 80, 24]...
🔍 MEST Query: keyword='technology', found 1 fids
🔍 MEST Query: returning proof (160 bytes)
🗑️ MEST Delete: keyword='technology', fid='tech_00000529' (key completely removed)
🗑️ MEST Delete: post-delete root_hash=[e3, b0, c4, 42, 98, fc, 1c, 14]...
🗑️ MEST Delete: keyword='technology', fid='tech_00000529' (key completely removed)
🗑️ MEST Delete: post-delete root_hash=[e3, b0, c4, 42, 98, fc, 1c, 14]...
🔧 MEST Add: keyword='technology', fid='tech_00000538'
🔧 MEST Add: proof size=160 bytes, root_hash=[be, 8e, c9, 17, ac, 4d, 39, 3b]...
🔍 MEST Query: keyword='technology', found 1 fids
🔍 MEST Query: returning proof (160 bytes)
🗑️ MEST Delete: keyword='technology', fid='tech_00000538' (key completely removed)
🗑️ MEST Delete: post-delete root_hash=[e3, b0, c4, 42, 98, fc, 1c, 14]...
🗑️ MEST Delete: keyword='technology', fid='tech_00000538' (key completely removed)
🗑️ MEST Delete: post-delete root_hash=[e3, b0, c4, 42, 98, fc, 1c, 14]...
🔧 MEST Add: keyword='technology', fid='tech_00000550'
🔧 MEST Add: proof size=160 bytes, root_hash=[21, 09, 44, 1e, 49, 41, c1, f2]...
🔍 MEST Query: keyword='technology', found 1 fids
🔍 MEST Query: returning proof (160 bytes)
🗑️ MEST Delete: keyword='technology', fid='tech_00000550' (key completely removed)
🗑️ MEST Delete: post-delete root_hash=[e3, b0, c4, 42, 98, fc, 1c, 14]...
🗑️ MEST Delete: keyword='technology', fid='tech_00000550' (key completely removed)
🗑️ MEST Delete: post-delete root_hash=[e3, b0, c4, 42, 98, fc, 1c, 14]...
🔧 MEST Add: keyword='hospital', fid='heal_00000554'
🔧 MEST Add: proof size=158 bytes, root_hash=[72, 1a, 7b, cf, 5f, 63, a3, 07]...
🔧 MEST Add: keyword='hospital', fid='heal_00000554'
🔧 MEST Add: proof size=158 bytes, root_hash=[72, 1a, 7b, cf, 5f, 63, a3, 07]...
🗑️ MEST Delete: keyword='hospital', fid='heal_00000554' (key completely removed)
🗑️ MEST Delete: post-delete root_hash=[e3, b0, c4, 42, 98, fc, 1c, 14]...
🔧 MEST Add: keyword='technology', fid='tech_00000557'
🔧 MEST Add: proof size=160 bytes, root_hash=[1f, 67, 91, 13, 45, 9a, cd, 01]...
🔍 MEST Query: keyword='technology', found 1 fids
🔍 MEST Query: returning proof (160 bytes)
🗑️ MEST Delete: keyword='technology', fid='tech_00000557' (key completely removed)
🗑️ MEST Delete: post-delete root_hash=[e3, b0, c4, 42, 98, fc, 1c, 14]...
🗑️ MEST Delete: keyword='technology', fid='tech_00000557' (key completely removed)
🗑️ MEST Delete: post-delete root_hash=[e3, b0, c4, 42, 98, fc, 1c, 14]...
🔧 MEST Add: keyword='green', fid='envi_00000562'
🔧 MEST Add: proof size=155 bytes, root_hash=[2c, d8, c9, 05, 30, 60, 9a, b5]...
🗑️ MEST Delete: keyword='green', fid='envi_00000562' (key completely removed)
🗑️ MEST Delete: post-delete root_hash=[e3, b0, c4, 42, 98, fc, 1c, 14]...
🔧 MEST Add: keyword='hospital', fid='heal_00000568'
🔧 MEST Add: proof size=158 bytes, root_hash=[30, 2a, 0a, 41, 97, c5, 1d, 33]...
🗑️ MEST Delete: keyword='hospital', fid='heal_00000568' (key completely removed)
🗑️ MEST Delete: post-delete root_hash=[e3, b0, c4, 42, 98, fc, 1c, 14]...
🔧 MEST Add: keyword='green', fid='envi_00000570'
🔧 MEST Add: proof size=155 bytes, root_hash=[d6, d4, 64, 65, ca, 8d, 80, 6b]...
🗑️ MEST Delete: keyword='green', fid='envi_00000570' (key completely removed)
🗑️ MEST Delete: post-delete root_hash=[e3, b0, c4, 42, 98, fc, 1c, 14]...
🔧 MEST Add: keyword='technology', fid='tech_00000577'
🔧 MEST Add: proof size=160 bytes, root_hash=[0e, 38, 23, c4, b9, f5, 31, 72]...
🔍 MEST Query: keyword='technology', found 1 fids
🔍 MEST Query: returning proof (160 bytes)
🗑️ MEST Delete: keyword='technology', fid='tech_00000577' (key completely removed)
🗑️ MEST Delete: post-delete root_hash=[e3, b0, c4, 42, 98, fc, 1c, 14]...
🗑️ MEST Delete: keyword='technology', fid='tech_00000577' (key completely removed)
🗑️ MEST Delete: post-delete root_hash=[e3, b0, c4, 42, 98, fc, 1c, 14]...
🔧 MEST Add: keyword='technology', fid='tech_00000581'
🔧 MEST Add: proof size=160 bytes, root_hash=[7c, 55, 21, a8, e3, 7d, c2, 61]...
🔍 MEST Query: keyword='technology', found 1 fids
🔍 MEST Query: returning proof (160 bytes)
🗑️ MEST Delete: keyword='technology', fid='tech_00000581' (key completely removed)
🗑️ MEST Delete: post-delete root_hash=[e3, b0, c4, 42, 98, fc, 1c, 14]...
🗑️ MEST Delete: keyword='technology', fid='tech_00000581' (key completely removed)
🗑️ MEST Delete: post-delete root_hash=[e3, b0, c4, 42, 98, fc, 1c, 14]...
🔧 MEST Add: keyword='travel', fid='life_00000583'
🔧 MEST Add: proof size=156 bytes, root_hash=[e3, 9e, 96, bf, 7e, 23, 34, ad]...
🔧 MEST Add: keyword='travel', fid='life_00000583'
🔧 MEST Add: proof size=156 bytes, root_hash=[e3, 9e, 96, bf, 7e, 23, 34, ad]...
🗑️ MEST Delete: keyword='travel', fid='life_00000583' (key completely removed)
🗑️ MEST Delete: post-delete root_hash=[e3, b0, c4, 42, 98, fc, 1c, 14]...
🔧 MEST Add: keyword='green', fid='envi_00000594'
🔧 MEST Add: proof size=155 bytes, root_hash=[56, ed, 72, 8c, 52, a5, 34, 9c]...
🔧 MEST Add: keyword='green', fid='envi_00000594'
🔧 MEST Add: proof size=155 bytes, root_hash=[56, ed, 72, 8c, 52, a5, 34, 9c]...
🗑️ MEST Delete: keyword='green', fid='envi_00000594' (key completely removed)
🗑️ MEST Delete: post-delete root_hash=[e3, b0, c4, 42, 98, fc, 1c, 14]...
🔧 MEST Add: keyword='travel', fid='life_00000595'
🔧 MEST Add: proof size=156 bytes, root_hash=[4c, 5e, ae, e7, 5a, e1, c2, 03]...
🗑️ MEST Delete: keyword='travel', fid='life_00000595' (key completely removed)
🗑️ MEST Delete: post-delete root_hash=[e3, b0, c4, 42, 98, fc, 1c, 14]...
🔧 MEST Add: keyword='technology', fid='tech_00000599'
🔧 MEST Add: proof size=160 bytes, root_hash=[a0, b6, f3, 09, 3d, 83, 40, 35]...
🔍 MEST Query: keyword='technology', found 1 fids
🔍 MEST Query: returning proof (160 bytes)
🗑️ MEST Delete: keyword='technology', fid='tech_00000599' (key completely removed)
🗑️ MEST Delete: post-delete root_hash=[e3, b0, c4, 42, 98, fc, 1c, 14]...
🗑️ MEST Delete: keyword='technology', fid='tech_00000599' (key completely removed)
🗑️ MEST Delete: post-delete root_hash=[e3, b0, c4, 42, 98, fc, 1c, 14]...
🔧 MEST Add: keyword='technology', fid='tech_00000607'
🔧 MEST Add: proof size=160 bytes, root_hash=[c5, 0b, b3, 98, 3b, 33, f2, 28]...
🔍 MEST Query: keyword='technology', found 1 fids
🔍 MEST Query: returning proof (160 bytes)
🗑️ MEST Delete: keyword='technology', fid='tech_00000607' (key completely removed)
🗑️ MEST Delete: post-delete root_hash=[e3, b0, c4, 42, 98, fc, 1c, 14]...
🗑️ MEST Delete: keyword='technology', fid='tech_00000607' (key completely removed)
🗑️ MEST Delete: post-delete root_hash=[e3, b0, c4, 42, 98, fc, 1c, 14]...
🔧 MEST Add: keyword='technology', fid='tech_00000611'
🔧 MEST Add: proof size=160 bytes, root_hash=[09, 4f, e1, f0, 3e, 3b, cf, 81]...
🔍 MEST Query: keyword='technology', found 1 fids
🔍 MEST Query: returning proof (160 bytes)
🗑️ MEST Delete: keyword='technology', fid='tech_00000611' (key completely removed)
🗑️ MEST Delete: post-delete root_hash=[e3, b0, c4, 42, 98, fc, 1c, 14]...
🗑️ MEST Delete: keyword='technology', fid='tech_00000611' (key completely removed)
🗑️ MEST Delete: post-delete root_hash=[e3, b0, c4, 42, 98, fc, 1c, 14]...
🔧 MEST Add: keyword='technology', fid='tech_00000615'
🔧 MEST Add: proof size=160 bytes, root_hash=[59, bf, 98, 66, 0b, f1, 70, 3c]...
🔍 MEST Query: keyword='technology', found 1 fids
🔍 MEST Query: returning proof (160 bytes)
🗑️ MEST Delete: keyword='technology', fid='tech_00000615' (key completely removed)
🗑️ MEST Delete: post-delete root_hash=[e3, b0, c4, 42, 98, fc, 1c, 14]...
🗑️ MEST Delete: keyword='technology', fid='tech_00000615' (key completely removed)
🗑️ MEST Delete: post-delete root_hash=[e3, b0, c4, 42, 98, fc, 1c, 14]...
🔧 MEST Add: keyword='green', fid='envi_00000621'
🔧 MEST Add: proof size=155 bytes, root_hash=[cd, 6c, e8, c8, 5f, 19, df, 08]...
🗑️ MEST Delete: keyword='green', fid='envi_00000621' (key completely removed)
🗑️ MEST Delete: post-delete root_hash=[e3, b0, c4, 42, 98, fc, 1c, 14]...
🔧 MEST Add: keyword='hospital', fid='heal_00000623'
🔧 MEST Add: proof size=158 bytes, root_hash=[3b, 4c, 8f, e2, 36, d1, 8a, 28]...
🗑️ MEST Delete: keyword='hospital', fid='heal_00000623' (key completely removed)
🗑️ MEST Delete: post-delete root_hash=[e3, b0, c4, 42, 98, fc, 1c, 14]...
🔧 MEST Add: keyword='technology', fid='tech_00000634'
🔧 MEST Add: proof size=160 bytes, root_hash=[83, 2c, 67, cb, aa, 97, 17, 45]...
🔍 MEST Query: keyword='technology', found 1 fids
🔍 MEST Query: returning proof (160 bytes)
🗑️ MEST Delete: keyword='technology', fid='tech_00000634' (key completely removed)
🗑️ MEST Delete: post-delete root_hash=[e3, b0, c4, 42, 98, fc, 1c, 14]...
🗑️ MEST Delete: keyword='technology', fid='tech_00000634' (key completely removed)
🗑️ MEST Delete: post-delete root_hash=[e3, b0, c4, 42, 98, fc, 1c, 14]...
🔧 MEST Add: keyword='technology', fid='tech_00000635'
🔧 MEST Add: proof size=160 bytes, root_hash=[61, 01, 47, 4d, 47, 3e, f8, 28]...
🔍 MEST Query: keyword='technology', found 1 fids
🔍 MEST Query: returning proof (160 bytes)
🗑️ MEST Delete: keyword='technology', fid='tech_00000635' (key completely removed)
🗑️ MEST Delete: post-delete root_hash=[e3, b0, c4, 42, 98, fc, 1c, 14]...
🗑️ MEST Delete: keyword='technology', fid='tech_00000635' (key completely removed)
🗑️ MEST Delete: post-delete root_hash=[e3, b0, c4, 42, 98, fc, 1c, 14]...
🔧 MEST Add: keyword='technology', fid='tech_00000647'
🔧 MEST Add: proof size=160 bytes, root_hash=[43, b8, 5d, e8, f1, 74, 95, 6e]...
🔍 MEST Query: keyword='technology', found 1 fids
🔍 MEST Query: returning proof (160 bytes)
🗑️ MEST Delete: keyword='technology', fid='tech_00000647' (key completely removed)
🗑️ MEST Delete: post-delete root_hash=[e3, b0, c4, 42, 98, fc, 1c, 14]...
🗑️ MEST Delete: keyword='technology', fid='tech_00000647' (key completely removed)
🗑️ MEST Delete: post-delete root_hash=[e3, b0, c4, 42, 98, fc, 1c, 14]...
🔧 MEST Add: keyword='technology', fid='tech_00000650'
🔧 MEST Add: proof size=160 bytes, root_hash=[ff, 99, 0e, 6c, 17, 8a, e6, a2]...
🔍 MEST Query: keyword='technology', found 1 fids
🔍 MEST Query: returning proof (160 bytes)
🗑️ MEST Delete: keyword='technology', fid='tech_00000650' (key completely removed)
🗑️ MEST Delete: post-delete root_hash=[e3, b0, c4, 42, 98, fc, 1c, 14]...
🗑️ MEST Delete: keyword='technology', fid='tech_00000650' (key completely removed)
🗑️ MEST Delete: post-delete root_hash=[e3, b0, c4, 42, 98, fc, 1c, 14]...
🔧 MEST Add: keyword='hospital', fid='heal_00000653'
🔧 MEST Add: proof size=158 bytes, root_hash=[0a, 2a, 36, ac, d3, 3a, ff, dc]...
🗑️ MEST Delete: keyword='hospital', fid='heal_00000653' (key completely removed)
🗑️ MEST Delete: post-delete root_hash=[e3, b0, c4, 42, 98, fc, 1c, 14]...
🔧 MEST Add: keyword='technology', fid='tech_00000657'
🔧 MEST Add: proof size=160 bytes, root_hash=[75, 6e, ec, 04, b9, fe, 4b, 2c]...
🔍 MEST Query: keyword='technology', found 1 fids
🔍 MEST Query: returning proof (160 bytes)
🗑️ MEST Delete: keyword='technology', fid='tech_00000657' (key completely removed)
🗑️ MEST Delete: post-delete root_hash=[e3, b0, c4, 42, 98, fc, 1c, 14]...
🗑️ MEST Delete: keyword='technology', fid='tech_00000657' (key completely removed)
🗑️ MEST Delete: post-delete root_hash=[e3, b0, c4, 42, 98, fc, 1c, 14]...
🔧 MEST Add: keyword='technology', fid='tech_00000666'
🔧 MEST Add: proof size=160 bytes, root_hash=[2c, a7, ad, 25, 46, 3c, ff, 1e]...
🔍 MEST Query: keyword='technology', found 1 fids
🔍 MEST Query: returning proof (160 bytes)
🗑️ MEST Delete: keyword='technology', fid='tech_00000666' (key completely removed)
🗑️ MEST Delete: post-delete root_hash=[e3, b0, c4, 42, 98, fc, 1c, 14]...
🗑️ MEST Delete: keyword='technology', fid='tech_00000666' (key completely removed)
🗑️ MEST Delete: post-delete root_hash=[e3, b0, c4, 42, 98, fc, 1c, 14]...
🔧 MEST Add: keyword='technology', fid='tech_00000667'
🔧 MEST Add: proof size=160 bytes, root_hash=[1a, d7, 9e, 03, f8, c2, ff, b2]...
🔍 MEST Query: keyword='technology', found 1 fids
🔍 MEST Query: returning proof (160 bytes)
🗑️ MEST Delete: keyword='technology', fid='tech_00000667' (key completely removed)
🗑️ MEST Delete: post-delete root_hash=[e3, b0, c4, 42, 98, fc, 1c, 14]...
🗑️ MEST Delete: keyword='technology', fid='tech_00000667' (key completely removed)
🗑️ MEST Delete: post-delete root_hash=[e3, b0, c4, 42, 98, fc, 1c, 14]...
🔧 MEST Add: keyword='technology', fid='tech_00000671'
🔧 MEST Add: proof size=160 bytes, root_hash=[96, 8f, 6a, 10, 98, 28, 99, a6]...
🔍 MEST Query: keyword='technology', found 1 fids
🔍 MEST Query: returning proof (160 bytes)
🗑️ MEST Delete: keyword='technology', fid='tech_00000671' (key completely removed)
🗑️ MEST Delete: post-delete root_hash=[e3, b0, c4, 42, 98, fc, 1c, 14]...
🗑️ MEST Delete: keyword='technology', fid='tech_00000671' (key completely removed)
🗑️ MEST Delete: post-delete root_hash=[e3, b0, c4, 42, 98, fc, 1c, 14]...
🔧 MEST Add: keyword='technology', fid='tech_00000672'
🔧 MEST Add: proof size=160 bytes, root_hash=[6c, d1, 52, 64, 51, 34, 74, af]...
🔍 MEST Query: keyword='technology', found 1 fids
🔍 MEST Query: returning proof (160 bytes)
🗑️ MEST Delete: keyword='technology', fid='tech_00000672' (key completely removed)
🗑️ MEST Delete: post-delete root_hash=[e3, b0, c4, 42, 98, fc, 1c, 14]...
🗑️ MEST Delete: keyword='technology', fid='tech_00000672' (key completely removed)
🗑️ MEST Delete: post-delete root_hash=[e3, b0, c4, 42, 98, fc, 1c, 14]...
🔧 MEST Add: keyword='technology', fid='tech_00000673'
🔧 MEST Add: proof size=160 bytes, root_hash=[5e, c0, 53, 4f, 79, 1f, b6, b6]...
🔍 MEST Query: keyword='technology', found 1 fids
🔍 MEST Query: returning proof (160 bytes)
🗑️ MEST Delete: keyword='technology', fid='tech_00000673' (key completely removed)
🗑️ MEST Delete: post-delete root_hash=[e3, b0, c4, 42, 98, fc, 1c, 14]...
🗑️ MEST Delete: keyword='technology', fid='tech_00000673' (key completely removed)
🗑️ MEST Delete: post-delete root_hash=[e3, b0, c4, 42, 98, fc, 1c, 14]...
🔧 MEST Add: keyword='green', fid='envi_00000676'
🔧 MEST Add: proof size=155 bytes, root_hash=[ae, ac, 0a, 8a, 42, 30, 52, 37]...
🔧 MEST Add: keyword='green', fid='envi_00000676'
🔧 MEST Add: proof size=155 bytes, root_hash=[ae, ac, 0a, 8a, 42, 30, 52, 37]...
🗑️ MEST Delete: keyword='green', fid='envi_00000676' (key completely removed)
🗑️ MEST Delete: post-delete root_hash=[e3, b0, c4, 42, 98, fc, 1c, 14]...
🔧 MEST Add: keyword='technology', fid='tech_00000679'
🔧 MEST Add: proof size=160 bytes, root_hash=[91, 4e, c4, 4f, 80, bf, 17, 59]...
🔍 MEST Query: keyword='technology', found 1 fids
🔍 MEST Query: returning proof (160 bytes)
🗑️ MEST Delete: keyword='technology', fid='tech_00000679' (key completely removed)
🗑️ MEST Delete: post-delete root_hash=[e3, b0, c4, 42, 98, fc, 1c, 14]...
🗑️ MEST Delete: keyword='technology', fid='tech_00000679' (key completely removed)
🗑️ MEST Delete: post-delete root_hash=[e3, b0, c4, 42, 98, fc, 1c, 14]...
🔧 MEST Add: keyword='technology', fid='tech_00000680'
🔧 MEST Add: proof size=160 bytes, root_hash=[c8, 8e, 22, 30, 69, 6b, e8, 60]...
🔍 MEST Query: keyword='technology', found 1 fids
🔍 MEST Query: returning proof (160 bytes)
🗑️ MEST Delete: keyword='technology', fid='tech_00000680' (key completely removed)
🗑️ MEST Delete: post-delete root_hash=[e3, b0, c4, 42, 98, fc, 1c, 14]...
🗑️ MEST Delete: keyword='technology', fid='tech_00000680' (key completely removed)
🗑️ MEST Delete: post-delete root_hash=[e3, b0, c4, 42, 98, fc, 1c, 14]...
🔧 MEST Add: keyword='technology', fid='tech_00000682'
🔧 MEST Add: proof size=160 bytes, root_hash=[f3, 7e, 47, ee, 95, 84, 2b, 2e]...
🔍 MEST Query: keyword='technology', found 1 fids
🔍 MEST Query: returning proof (160 bytes)
🗑️ MEST Delete: keyword='technology', fid='tech_00000682' (key completely removed)
🗑️ MEST Delete: post-delete root_hash=[e3, b0, c4, 42, 98, fc, 1c, 14]...
🗑️ MEST Delete: keyword='technology', fid='tech_00000682' (key completely removed)
🗑️ MEST Delete: post-delete root_hash=[e3, b0, c4, 42, 98, fc, 1c, 14]...
🔧 MEST Add: keyword='green', fid='envi_00000686'
🔧 MEST Add: proof size=155 bytes, root_hash=[28, ce, 3e, 8a, d9, 9f, 31, 0b]...
🔧 MEST Add: keyword='green', fid='envi_00000686'
🔧 MEST Add: proof size=155 bytes, root_hash=[28, ce, 3e, 8a, d9, 9f, 31, 0b]...
🗑️ MEST Delete: keyword='green', fid='envi_00000686' (key completely removed)
🗑️ MEST Delete: post-delete root_hash=[e3, b0, c4, 42, 98, fc, 1c, 14]...
🔧 MEST Add: keyword='hospital', fid='heal_00000688'
🔧 MEST Add: proof size=158 bytes, root_hash=[46, 78, 4c, 2a, 5e, 56, 1f, 63]...
🔧 MEST Add: keyword='hospital', fid='heal_00000688'
🔧 MEST Add: proof size=158 bytes, root_hash=[46, 78, 4c, 2a, 5e, 56, 1f, 63]...
🗑️ MEST Delete: keyword='hospital', fid='heal_00000688' (key completely removed)
🗑️ MEST Delete: post-delete root_hash=[e3, b0, c4, 42, 98, fc, 1c, 14]...
🔧 MEST Add: keyword='technology', fid='tech_00000692'
🔧 MEST Add: proof size=160 bytes, root_hash=[64, 75, 88, cf, 0c, b6, 4e, c9]...
🔍 MEST Query: keyword='technology', found 1 fids
🔍 MEST Query: returning proof (160 bytes)
🗑️ MEST Delete: keyword='technology', fid='tech_00000692' (key completely removed)
🗑️ MEST Delete: post-delete root_hash=[e3, b0, c4, 42, 98, fc, 1c, 14]...
🗑️ MEST Delete: keyword='technology', fid='tech_00000692' (key completely removed)
🗑️ MEST Delete: post-delete root_hash=[e3, b0, c4, 42, 98, fc, 1c, 14]...
🔧 MEST Add: keyword='technology', fid='tech_00000703'
🔧 MEST Add: proof size=160 bytes, root_hash=[dc, 0f, b6, 3c, 03, bb, 46, 06]...
🔍 MEST Query: keyword='technology', found 1 fids
🔍 MEST Query: returning proof (160 bytes)
🗑️ MEST Delete: keyword='technology', fid='tech_00000703' (key completely removed)
🗑️ MEST Delete: post-delete root_hash=[e3, b0, c4, 42, 98, fc, 1c, 14]...
🗑️ MEST Delete: keyword='technology', fid='tech_00000703' (key completely removed)
🗑️ MEST Delete: post-delete root_hash=[e3, b0, c4, 42, 98, fc, 1c, 14]...
🔧 MEST Add: keyword='hospital', fid='heal_00000723'
🔧 MEST Add: proof size=158 bytes, root_hash=[ae, ca, 21, f7, 8f, fb, 1a, 80]...
🔧 MEST Add: keyword='hospital', fid='heal_00000723'
🔧 MEST Add: proof size=158 bytes, root_hash=[ae, ca, 21, f7, 8f, fb, 1a, 80]...
🗑️ MEST Delete: keyword='hospital', fid='heal_00000723' (key completely removed)
🗑️ MEST Delete: post-delete root_hash=[e3, b0, c4, 42, 98, fc, 1c, 14]...
🔧 MEST Add: keyword='technology', fid='tech_00000725'
🔧 MEST Add: proof size=160 bytes, root_hash=[5d, 1b, 8c, 0f, 1a, 72, 19, 89]...
🔍 MEST Query: keyword='technology', found 1 fids
🔍 MEST Query: returning proof (160 bytes)
🗑️ MEST Delete: keyword='technology', fid='tech_00000725' (key completely removed)
🗑️ MEST Delete: post-delete root_hash=[e3, b0, c4, 42, 98, fc, 1c, 14]...
🗑️ MEST Delete: keyword='technology', fid='tech_00000725' (key completely removed)
🗑️ MEST Delete: post-delete root_hash=[e3, b0, c4, 42, 98, fc, 1c, 14]...
🔧 MEST Add: keyword='technology', fid='tech_00000727'
🔧 MEST Add: proof size=160 bytes, root_hash=[57, 94, d1, be, df, 72, e5, 37]...
🔍 MEST Query: keyword='technology', found 1 fids
🔍 MEST Query: returning proof (160 bytes)
🗑️ MEST Delete: keyword='technology', fid='tech_00000727' (key completely removed)
🗑️ MEST Delete: post-delete root_hash=[e3, b0, c4, 42, 98, fc, 1c, 14]...
🗑️ MEST Delete: keyword='technology', fid='tech_00000727' (key completely removed)
🗑️ MEST Delete: post-delete root_hash=[e3, b0, c4, 42, 98, fc, 1c, 14]...
🔧 MEST Add: keyword='technology', fid='tech_00000729'
🔧 MEST Add: proof size=160 bytes, root_hash=[f0, 9b, b0, cc, 57, 5d, 65, b7]...
🔍 MEST Query: keyword='technology', found 1 fids
🔍 MEST Query: returning proof (160 bytes)
🗑️ MEST Delete: keyword='technology', fid='tech_00000729' (key completely removed)
🗑️ MEST Delete: post-delete root_hash=[e3, b0, c4, 42, 98, fc, 1c, 14]...
🗑️ MEST Delete: keyword='technology', fid='tech_00000729' (key completely removed)
🗑️ MEST Delete: post-delete root_hash=[e3, b0, c4, 42, 98, fc, 1c, 14]...
🔧 MEST Add: keyword='technology', fid='tech_00000730'
🔧 MEST Add: proof size=160 bytes, root_hash=[c1, 5d, bd, 89, 10, ae, 07, d1]...
🔍 MEST Query: keyword='technology', found 1 fids
🔍 MEST Query: returning proof (160 bytes)
🗑️ MEST Delete: keyword='technology', fid='tech_00000730' (key completely removed)
🗑️ MEST Delete: post-delete root_hash=[e3, b0, c4, 42, 98, fc, 1c, 14]...
🗑️ MEST Delete: keyword='technology', fid='tech_00000730' (key completely removed)
🗑️ MEST Delete: post-delete root_hash=[e3, b0, c4, 42, 98, fc, 1c, 14]...
🔧 MEST Add: keyword='green', fid='envi_00000732'
🔧 MEST Add: proof size=155 bytes, root_hash=[7e, b6, b8, c4, db, 92, 31, cc]...
🗑️ MEST Delete: keyword='green', fid='envi_00000732' (key completely removed)
🗑️ MEST Delete: post-delete root_hash=[e3, b0, c4, 42, 98, fc, 1c, 14]...
🔧 MEST Add: keyword='green', fid='envi_00000735'
🔧 MEST Add: proof size=155 bytes, root_hash=[34, 5e, 3d, bf, bf, 23, 1b, 03]...
🗑️ MEST Delete: keyword='green', fid='envi_00000735' (key completely removed)
🗑️ MEST Delete: post-delete root_hash=[e3, b0, c4, 42, 98, fc, 1c, 14]...
🔧 MEST Add: keyword='technology', fid='tech_00000737'
🔧 MEST Add: proof size=160 bytes, root_hash=[79, 70, 9f, a6, 73, 43, 97, ca]...
🔍 MEST Query: keyword='technology', found 1 fids
🔍 MEST Query: returning proof (160 bytes)
🗑️ MEST Delete: keyword='technology', fid='tech_00000737' (key completely removed)
🗑️ MEST Delete: post-delete root_hash=[e3, b0, c4, 42, 98, fc, 1c, 14]...
🗑️ MEST Delete: keyword='technology', fid='tech_00000737' (key completely removed)
🗑️ MEST Delete: post-delete root_hash=[e3, b0, c4, 42, 98, fc, 1c, 14]...
🔧 MEST Add: keyword='technology', fid='tech_00000741'
🔧 MEST Add: proof size=160 bytes, root_hash=[13, 1e, ab, 0c, 3a, 8b, 3b, 56]...
🔍 MEST Query: keyword='technology', found 1 fids
🔍 MEST Query: returning proof (160 bytes)
🗑️ MEST Delete: keyword='technology', fid='tech_00000741' (key completely removed)
🗑️ MEST Delete: post-delete root_hash=[e3, b0, c4, 42, 98, fc, 1c, 14]...
🗑️ MEST Delete: keyword='technology', fid='tech_00000741' (key completely removed)
🗑️ MEST Delete: post-delete root_hash=[e3, b0, c4, 42, 98, fc, 1c, 14]...
🔧 MEST Add: keyword='hospital', fid='heal_00000744'
🔧 MEST Add: proof size=158 bytes, root_hash=[56, b9, f7, 43, 45, d8, cb, 9e]...
🗑️ MEST Delete: keyword='hospital', fid='heal_00000744' (key completely removed)
🗑️ MEST Delete: post-delete root_hash=[e3, b0, c4, 42, 98, fc, 1c, 14]...
🔧 MEST Add: keyword='technology', fid='tech_00000751'
🔧 MEST Add: proof size=160 bytes, root_hash=[aa, f3, cb, 26, 52, bb, 3f, 32]...
🔍 MEST Query: keyword='technology', found 1 fids
🔍 MEST Query: returning proof (160 bytes)
🗑️ MEST Delete: keyword='technology', fid='tech_00000751' (key completely removed)
🗑️ MEST Delete: post-delete root_hash=[e3, b0, c4, 42, 98, fc, 1c, 14]...
🗑️ MEST Delete: keyword='technology', fid='tech_00000751' (key completely removed)
🗑️ MEST Delete: post-delete root_hash=[e3, b0, c4, 42, 98, fc, 1c, 14]...
🔧 MEST Add: keyword='hospital', fid='heal_00000761'
🔧 MEST Add: proof size=158 bytes, root_hash=[0a, f0, ae, 27, 7a, bd, bd, 5a]...
🗑️ MEST Delete: keyword='hospital', fid='heal_00000761' (key completely removed)
🗑️ MEST Delete: post-delete root_hash=[e3, b0, c4, 42, 98, fc, 1c, 14]...
🔧 MEST Add: keyword='technology', fid='tech_00000763'
🔧 MEST Add: proof size=160 bytes, root_hash=[20, 14, 08, 8f, 9a, 1f, 85, c6]...
🔍 MEST Query: keyword='technology', found 1 fids
🔍 MEST Query: returning proof (160 bytes)
🗑️ MEST Delete: keyword='technology', fid='tech_00000763' (key completely removed)
🗑️ MEST Delete: post-delete root_hash=[e3, b0, c4, 42, 98, fc, 1c, 14]...
🗑️ MEST Delete: keyword='technology', fid='tech_00000763' (key completely removed)
🗑️ MEST Delete: post-delete root_hash=[e3, b0, c4, 42, 98, fc, 1c, 14]...
🔧 MEST Add: keyword='travel', fid='life_00000765'
🔧 MEST Add: proof size=156 bytes, root_hash=[da, 15, a1, 5c, e7, 1a, 55, 95]...
🗑️ MEST Delete: keyword='travel', fid='life_00000765' (key completely removed)
🗑️ MEST Delete: post-delete root_hash=[e3, b0, c4, 42, 98, fc, 1c, 14]...
🔧 MEST Add: keyword='technology', fid='tech_00000769'
🔧 MEST Add: proof size=160 bytes, root_hash=[69, 07, e4, f8, da, 64, 5b, c2]...
🔍 MEST Query: keyword='technology', found 1 fids
🔍 MEST Query: returning proof (160 bytes)
🗑️ MEST Delete: keyword='technology', fid='tech_00000769' (key completely removed)
🗑️ MEST Delete: post-delete root_hash=[e3, b0, c4, 42, 98, fc, 1c, 14]...
🗑️ MEST Delete: keyword='technology', fid='tech_00000769' (key completely removed)
🗑️ MEST Delete: post-delete root_hash=[e3, b0, c4, 42, 98, fc, 1c, 14]...
🔧 MEST Add: keyword='technology', fid='tech_00000783'
🔧 MEST Add: proof size=160 bytes, root_hash=[0f, b0, 27, 63, 91, fa, 69, 0c]...
🔍 MEST Query: keyword='technology', found 1 fids
🔍 MEST Query: returning proof (160 bytes)
🗑️ MEST Delete: keyword='technology', fid='tech_00000783' (key completely removed)
🗑️ MEST Delete: post-delete root_hash=[e3, b0, c4, 42, 98, fc, 1c, 14]...
🗑️ MEST Delete: keyword='technology', fid='tech_00000783' (key completely removed)
🗑️ MEST Delete: post-delete root_hash=[e3, b0, c4, 42, 98, fc, 1c, 14]...
🔧 MEST Add: keyword='technology', fid='tech_00000784'
🔧 MEST Add: proof size=160 bytes, root_hash=[ba, 42, b4, 55, d0, 26, 65, 88]...
🔍 MEST Query: keyword='technology', found 1 fids
🔍 MEST Query: returning proof (160 bytes)
🗑️ MEST Delete: keyword='technology', fid='tech_00000784' (key completely removed)
🗑️ MEST Delete: post-delete root_hash=[e3, b0, c4, 42, 98, fc, 1c, 14]...
🗑️ MEST Delete: keyword='technology', fid='tech_00000784' (key completely removed)
🗑️ MEST Delete: post-delete root_hash=[e3, b0, c4, 42, 98, fc, 1c, 14]...
🔧 MEST Add: keyword='technology', fid='tech_00000785'
🔧 MEST Add: proof size=160 bytes, root_hash=[b0, bf, 0a, c6, 76, 36, bf, 79]...
🔍 MEST Query: keyword='technology', found 1 fids
🔍 MEST Query: returning proof (160 bytes)
🗑️ MEST Delete: keyword='technology', fid='tech_00000785' (key completely removed)
🗑️ MEST Delete: post-delete root_hash=[e3, b0, c4, 42, 98, fc, 1c, 14]...
🗑️ MEST Delete: keyword='technology', fid='tech_00000785' (key completely removed)
🗑️ MEST Delete: post-delete root_hash=[e3, b0, c4, 42, 98, fc, 1c, 14]...
🔧 MEST Add: keyword='technology', fid='tech_00000787'
🔧 MEST Add: proof size=160 bytes, root_hash=[6c, 8a, 4f, 5e, 09, 63, 25, 88]...
🔍 MEST Query: keyword='technology', found 1 fids
🔍 MEST Query: returning proof (160 bytes)
🗑️ MEST Delete: keyword='technology', fid='tech_00000787' (key completely removed)
🗑️ MEST Delete: post-delete root_hash=[e3, b0, c4, 42, 98, fc, 1c, 14]...
🗑️ MEST Delete: keyword='technology', fid='tech_00000787' (key completely removed)
🗑️ MEST Delete: post-delete root_hash=[e3, b0, c4, 42, 98, fc, 1c, 14]...
🔧 MEST Add: keyword='technology', fid='tech_00000792'
🔧 MEST Add: proof size=160 bytes, root_hash=[fb, 83, e5, d7, be, fc, 35, c4]...
🔍 MEST Query: keyword='technology', found 1 fids
🔍 MEST Query: returning proof (160 bytes)
🗑️ MEST Delete: keyword='technology', fid='tech_00000792' (key completely removed)
🗑️ MEST Delete: post-delete root_hash=[e3, b0, c4, 42, 98, fc, 1c, 14]...
🗑️ MEST Delete: keyword='technology', fid='tech_00000792' (key completely removed)
🗑️ MEST Delete: post-delete root_hash=[e3, b0, c4, 42, 98, fc, 1c, 14]...
🔧 MEST Add: keyword='travel', fid='life_00000799'
🔧 MEST Add: proof size=156 bytes, root_hash=[95, 2a, 80, 08, b5, c7, ab, 71]...
🗑️ MEST Delete: keyword='travel', fid='life_00000799' (key completely removed)
🗑️ MEST Delete: post-delete root_hash=[e3, b0, c4, 42, 98, fc, 1c, 14]...
🔧 MEST Add: keyword='technology', fid='tech_00000804'
🔧 MEST Add: proof size=160 bytes, root_hash=[46, e9, 85, 39, 95, 6c, a2, 82]...
🔍 MEST Query: keyword='technology', found 1 fids
🔍 MEST Query: returning proof (160 bytes)
🗑️ MEST Delete: keyword='technology', fid='tech_00000804' (key completely removed)
🗑️ MEST Delete: post-delete root_hash=[e3, b0, c4, 42, 98, fc, 1c, 14]...
🗑️ MEST Delete: keyword='technology', fid='tech_00000804' (key completely removed)
🗑️ MEST Delete: post-delete root_hash=[e3, b0, c4, 42, 98, fc, 1c, 14]...
🔧 MEST Add: keyword='technology', fid='tech_00000814'
🔧 MEST Add: proof size=160 bytes, root_hash=[7d, f0, c5, 3f, 5b, 3b, d4, 34]...
🔍 MEST Query: keyword='technology', found 1 fids
🔍 MEST Query: returning proof (160 bytes)
🗑️ MEST Delete: keyword='technology', fid='tech_00000814' (key completely removed)
🗑️ MEST Delete: post-delete root_hash=[e3, b0, c4, 42, 98, fc, 1c, 14]...
🗑️ MEST Delete: keyword='technology', fid='tech_00000814' (key completely removed)
🗑️ MEST Delete: post-delete root_hash=[e3, b0, c4, 42, 98, fc, 1c, 14]...
🔧 MEST Add: keyword='technology', fid='tech_00000816'
🔧 MEST Add: proof size=160 bytes, root_hash=[b5, 13, fe, 8d, d1, 5d, 70, ea]...
🔍 MEST Query: keyword='technology', found 1 fids
🔍 MEST Query: returning proof (160 bytes)
🗑️ MEST Delete: keyword='technology', fid='tech_00000816' (key completely removed)
🗑️ MEST Delete: post-delete root_hash=[e3, b0, c4, 42, 98, fc, 1c, 14]...
🗑️ MEST Delete: keyword='technology', fid='tech_00000816' (key completely removed)
🗑️ MEST Delete: post-delete root_hash=[e3, b0, c4, 42, 98, fc, 1c, 14]...
🔧 MEST Add: keyword='technology', fid='tech_00000819'
🔧 MEST Add: proof size=160 bytes, root_hash=[8d, d4, b2, d3, 3d, c5, d2, c9]...
🔍 MEST Query: keyword='technology', found 1 fids
🔍 MEST Query: returning proof (160 bytes)
🗑️ MEST Delete: keyword='technology', fid='tech_00000819' (key completely removed)
🗑️ MEST Delete: post-delete root_hash=[e3, b0, c4, 42, 98, fc, 1c, 14]...
🗑️ MEST Delete: keyword='technology', fid='tech_00000819' (key completely removed)
🗑️ MEST Delete: post-delete root_hash=[e3, b0, c4, 42, 98, fc, 1c, 14]...
🔧 MEST Add: keyword='technology', fid='tech_00000820'
🔧 MEST Add: proof size=160 bytes, root_hash=[cf, 6d, c5, f2, 74, ed, 6e, 79]...
🔍 MEST Query: keyword='technology', found 1 fids
🔍 MEST Query: returning proof (160 bytes)
🗑️ MEST Delete: keyword='technology', fid='tech_00000820' (key completely removed)
🗑️ MEST Delete: post-delete root_hash=[e3, b0, c4, 42, 98, fc, 1c, 14]...
🗑️ MEST Delete: keyword='technology', fid='tech_00000820' (key completely removed)
🗑️ MEST Delete: post-delete root_hash=[e3, b0, c4, 42, 98, fc, 1c, 14]...
🔧 MEST Add: keyword='technology', fid='tech_00000821'
🔧 MEST Add: proof size=160 bytes, root_hash=[89, c8, 1d, f7, 1d, f7, 1e, 3d]...
🔍 MEST Query: keyword='technology', found 1 fids
🔍 MEST Query: returning proof (160 bytes)
🗑️ MEST Delete: keyword='technology', fid='tech_00000821' (key completely removed)
🗑️ MEST Delete: post-delete root_hash=[e3, b0, c4, 42, 98, fc, 1c, 14]...
🗑️ MEST Delete: keyword='technology', fid='tech_00000821' (key completely removed)
🗑️ MEST Delete: post-delete root_hash=[e3, b0, c4, 42, 98, fc, 1c, 14]...
🔧 MEST Add: keyword='technology', fid='tech_00000822'
🔧 MEST Add: proof size=160 bytes, root_hash=[f8, f5, 37, 91, 26, 09, 34, 09]...
🔍 MEST Query: keyword='technology', found 1 fids
🔍 MEST Query: returning proof (160 bytes)
🗑️ MEST Delete: keyword='technology', fid='tech_00000822' (key completely removed)
🗑️ MEST Delete: post-delete root_hash=[e3, b0, c4, 42, 98, fc, 1c, 14]...
🗑️ MEST Delete: keyword='technology', fid='tech_00000822' (key completely removed)
🗑️ MEST Delete: post-delete root_hash=[e3, b0, c4, 42, 98, fc, 1c, 14]...
🔧 MEST Add: keyword='technology', fid='tech_00000827'
🔧 MEST Add: proof size=160 bytes, root_hash=[2a, e6, 71, 2d, cd, ee, 1e, 82]...
🔍 MEST Query: keyword='technology', found 1 fids
🔍 MEST Query: returning proof (160 bytes)
🗑️ MEST Delete: keyword='technology', fid='tech_00000827' (key completely removed)
🗑️ MEST Delete: post-delete root_hash=[e3, b0, c4, 42, 98, fc, 1c, 14]...
🗑️ MEST Delete: keyword='technology', fid='tech_00000827' (key completely removed)
🗑️ MEST Delete: post-delete root_hash=[e3, b0, c4, 42, 98, fc, 1c, 14]...
🔧 MEST Add: keyword='travel', fid='life_00000828'
🔧 MEST Add: proof size=156 bytes, root_hash=[bf, 1e, 3e, 30, 5c, 70, ce, e5]...
🗑️ MEST Delete: keyword='travel', fid='life_00000828' (key completely removed)
🗑️ MEST Delete: post-delete root_hash=[e3, b0, c4, 42, 98, fc, 1c, 14]...
🔧 MEST Add: keyword='hospital', fid='heal_00000840'
🔧 MEST Add: proof size=158 bytes, root_hash=[ae, de, cf, e4, fe, 69, 7b, 24]...
🗑️ MEST Delete: keyword='hospital', fid='heal_00000840' (key completely removed)
🗑️ MEST Delete: post-delete root_hash=[e3, b0, c4, 42, 98, fc, 1c, 14]...
🔧 MEST Add: keyword='technology', fid='tech_00000843'
🔧 MEST Add: proof size=160 bytes, root_hash=[eb, d1, 03, 85, 26, 33, 15, 83]...
🔍 MEST Query: keyword='technology', found 1 fids
🔍 MEST Query: returning proof (160 bytes)
🗑️ MEST Delete: keyword='technology', fid='tech_00000843' (key completely removed)
🗑️ MEST Delete: post-delete root_hash=[e3, b0, c4, 42, 98, fc, 1c, 14]...
🗑️ MEST Delete: keyword='technology', fid='tech_00000843' (key completely removed)
🗑️ MEST Delete: post-delete root_hash=[e3, b0, c4, 42, 98, fc, 1c, 14]...
🔧 MEST Add: keyword='technology', fid='tech_00000849'
🔧 MEST Add: proof size=160 bytes, root_hash=[74, be, af, e9, 92, cf, da, 78]...
🔍 MEST Query: keyword='technology', found 1 fids
🔍 MEST Query: returning proof (160 bytes)
🗑️ MEST Delete: keyword='technology', fid='tech_00000849' (key completely removed)
🗑️ MEST Delete: post-delete root_hash=[e3, b0, c4, 42, 98, fc, 1c, 14]...
🗑️ MEST Delete: keyword='technology', fid='tech_00000849' (key completely removed)
🗑️ MEST Delete: post-delete root_hash=[e3, b0, c4, 42, 98, fc, 1c, 14]...
🔧 MEST Add: keyword='technology', fid='tech_00000850'
🔧 MEST Add: proof size=160 bytes, root_hash=[21, 58, a6, 75, f2, de, 1d, 44]...
🔍 MEST Query: keyword='technology', found 1 fids
🔍 MEST Query: returning proof (160 bytes)
🗑️ MEST Delete: keyword='technology', fid='tech_00000850' (key completely removed)
🗑️ MEST Delete: post-delete root_hash=[e3, b0, c4, 42, 98, fc, 1c, 14]...
🗑️ MEST Delete: keyword='technology', fid='tech_00000850' (key completely removed)
🗑️ MEST Delete: post-delete root_hash=[e3, b0, c4, 42, 98, fc, 1c, 14]...
🔧 MEST Add: keyword='technology', fid='tech_00000851'
🔧 MEST Add: proof size=160 bytes, root_hash=[8e, b3, 9a, e7, e4, 77, ed, 1c]...
🔍 MEST Query: keyword='technology', found 1 fids
🔍 MEST Query: returning proof (160 bytes)
🗑️ MEST Delete: keyword='technology', fid='tech_00000851' (key completely removed)
🗑️ MEST Delete: post-delete root_hash=[e3, b0, c4, 42, 98, fc, 1c, 14]...
🗑️ MEST Delete: keyword='technology', fid='tech_00000851' (key completely removed)
🗑️ MEST Delete: post-delete root_hash=[e3, b0, c4, 42, 98, fc, 1c, 14]...
🔧 MEST Add: keyword='technology', fid='tech_00000856'
🔧 MEST Add: proof size=160 bytes, root_hash=[3a, 8b, c9, f7, 24, 67, 0e, 43]...
🔍 MEST Query: keyword='technology', found 1 fids
🔍 MEST Query: returning proof (160 bytes)
🗑️ MEST Delete: keyword='technology', fid='tech_00000856' (key completely removed)
🗑️ MEST Delete: post-delete root_hash=[e3, b0, c4, 42, 98, fc, 1c, 14]...
🗑️ MEST Delete: keyword='technology', fid='tech_00000856' (key completely removed)
🗑️ MEST Delete: post-delete root_hash=[e3, b0, c4, 42, 98, fc, 1c, 14]...
🔧 MEST Add: keyword='technology', fid='tech_00000859'
🔧 MEST Add: proof size=160 bytes, root_hash=[77, d1, 53, 26, 0b, b8, 20, 4a]...
🔍 MEST Query: keyword='technology', found 1 fids
🔍 MEST Query: returning proof (160 bytes)
🗑️ MEST Delete: keyword='technology', fid='tech_00000859' (key completely removed)
🗑️ MEST Delete: post-delete root_hash=[e3, b0, c4, 42, 98, fc, 1c, 14]...
🗑️ MEST Delete: keyword='technology', fid='tech_00000859' (key completely removed)
🗑️ MEST Delete: post-delete root_hash=[e3, b0, c4, 42, 98, fc, 1c, 14]...
🔧 MEST Add: keyword='technology', fid='tech_00000863'
🔧 MEST Add: proof size=160 bytes, root_hash=[b3, 5a, f0, a9, f7, 6a, 90, 6d]...
🔍 MEST Query: keyword='technology', found 1 fids
🔍 MEST Query: returning proof (160 bytes)
🗑️ MEST Delete: keyword='technology', fid='tech_00000863' (key completely removed)
🗑️ MEST Delete: post-delete root_hash=[e3, b0, c4, 42, 98, fc, 1c, 14]...
🗑️ MEST Delete: keyword='technology', fid='tech_00000863' (key completely removed)
🗑️ MEST Delete: post-delete root_hash=[e3, b0, c4, 42, 98, fc, 1c, 14]...
🔧 MEST Add: keyword='technology', fid='tech_00000867'
🔧 MEST Add: proof size=160 bytes, root_hash=[a4, 4f, ea, 40, 50, a4, 1f, 66]...
🔍 MEST Query: keyword='technology', found 1 fids
🔍 MEST Query: returning proof (160 bytes)
🗑️ MEST Delete: keyword='technology', fid='tech_00000867' (key completely removed)
🗑️ MEST Delete: post-delete root_hash=[e3, b0, c4, 42, 98, fc, 1c, 14]...
🗑️ MEST Delete: keyword='technology', fid='tech_00000867' (key completely removed)
🗑️ MEST Delete: post-delete root_hash=[e3, b0, c4, 42, 98, fc, 1c, 14]...
🔧 MEST Add: keyword='technology', fid='tech_00000880'
🔧 MEST Add: proof size=160 bytes, root_hash=[87, 65, 49, 98, 89, e1, 99, 58]...
🔍 MEST Query: keyword='technology', found 1 fids
🔍 MEST Query: returning proof (160 bytes)
🗑️ MEST Delete: keyword='technology', fid='tech_00000880' (key completely removed)
🗑️ MEST Delete: post-delete root_hash=[e3, b0, c4, 42, 98, fc, 1c, 14]...
🗑️ MEST Delete: keyword='technology', fid='tech_00000880' (key completely removed)
🗑️ MEST Delete: post-delete root_hash=[e3, b0, c4, 42, 98, fc, 1c, 14]...
🔧 MEST Add: keyword='technology', fid='tech_00000881'
🔧 MEST Add: proof size=160 bytes, root_hash=[9b, 0f, 7f, 82, eb, a4, 34, f1]...
🔍 MEST Query: keyword='technology', found 1 fids
🔍 MEST Query: returning proof (160 bytes)
🗑️ MEST Delete: keyword='technology', fid='tech_00000881' (key completely removed)
🗑️ MEST Delete: post-delete root_hash=[e3, b0, c4, 42, 98, fc, 1c, 14]...
🗑️ MEST Delete: keyword='technology', fid='tech_00000881' (key completely removed)
🗑️ MEST Delete: post-delete root_hash=[e3, b0, c4, 42, 98, fc, 1c, 14]...
🔧 MEST Add: keyword='green', fid='envi_00000888'
🔧 MEST Add: proof size=155 bytes, root_hash=[93, 53, 91, 91, a2, b9, de, e9]...
🔧 MEST Add: keyword='green', fid='envi_00000888'
🔧 MEST Add: proof size=155 bytes, root_hash=[93, 53, 91, 91, a2, b9, de, e9]...
🗑️ MEST Delete: keyword='green', fid='envi_00000888' (key completely removed)
🗑️ MEST Delete: post-delete root_hash=[e3, b0, c4, 42, 98, fc, 1c, 14]...
🔧 MEST Add: keyword='technology', fid='tech_00000893'
🔧 MEST Add: proof size=160 bytes, root_hash=[5b, 80, f1, 23, 2d, 69, 71, fb]...
🔍 MEST Query: keyword='technology', found 1 fids
🔍 MEST Query: returning proof (160 bytes)
🗑️ MEST Delete: keyword='technology', fid='tech_00000893' (key completely removed)
🗑️ MEST Delete: post-delete root_hash=[e3, b0, c4, 42, 98, fc, 1c, 14]...
🗑️ MEST Delete: keyword='technology', fid='tech_00000893' (key completely removed)
🗑️ MEST Delete: post-delete root_hash=[e3, b0, c4, 42, 98, fc, 1c, 14]...
🔧 MEST Add: keyword='travel', fid='life_00000903'
🔧 MEST Add: proof size=156 bytes, root_hash=[14, 68, da, 5b, b5, 8d, 04, 89]...
🔧 MEST Add: keyword='travel', fid='life_00000903'
🔧 MEST Add: proof size=156 bytes, root_hash=[14, 68, da, 5b, b5, 8d, 04, 89]...
🗑️ MEST Delete: keyword='travel', fid='life_00000903' (key completely removed)
🗑️ MEST Delete: post-delete root_hash=[e3, b0, c4, 42, 98, fc, 1c, 14]...
🔧 MEST Add: keyword='technology', fid='tech_00000905'
🔧 MEST Add: proof size=160 bytes, root_hash=[2e, ec, 3f, 1e, b7, 27, 3b, 15]...
🔍 MEST Query: keyword='technology', found 1 fids
🔍 MEST Query: returning proof (160 bytes)
🗑️ MEST Delete: keyword='technology', fid='tech_00000905' (key completely removed)
🗑️ MEST Delete: post-delete root_hash=[e3, b0, c4, 42, 98, fc, 1c, 14]...
🗑️ MEST Delete: keyword='technology', fid='tech_00000905' (key completely removed)
🗑️ MEST Delete: post-delete root_hash=[e3, b0, c4, 42, 98, fc, 1c, 14]...
🔧 MEST Add: keyword='hospital', fid='heal_00000907'
🔧 MEST Add: proof size=158 bytes, root_hash=[51, 01, 50, d6, aa, 2a, cd, c0]...
🔧 MEST Add: keyword='hospital', fid='heal_00000907'
🔧 MEST Add: proof size=158 bytes, root_hash=[51, 01, 50, d6, aa, 2a, cd, c0]...
🗑️ MEST Delete: keyword='hospital', fid='heal_00000907' (key completely removed)
🗑️ MEST Delete: post-delete root_hash=[e3, b0, c4, 42, 98, fc, 1c, 14]...
🔧 MEST Add: keyword='technology', fid='tech_00000910'
🔧 MEST Add: proof size=160 bytes, root_hash=[9a, 56, a2, 40, 00, 9c, c3, 52]...
🔍 MEST Query: keyword='technology', found 1 fids
🔍 MEST Query: returning proof (160 bytes)
🗑️ MEST Delete: keyword='technology', fid='tech_00000910' (key completely removed)
🗑️ MEST Delete: post-delete root_hash=[e3, b0, c4, 42, 98, fc, 1c, 14]...
🗑️ MEST Delete: keyword='technology', fid='tech_00000910' (key completely removed)
🗑️ MEST Delete: post-delete root_hash=[e3, b0, c4, 42, 98, fc, 1c, 14]...
🔧 MEST Add: keyword='technology', fid='tech_00000914'
🔧 MEST Add: proof size=160 bytes, root_hash=[b5, 6c, e2, 8d, ca, 53, 1b, a9]...
🔍 MEST Query: keyword='technology', found 1 fids
🔍 MEST Query: returning proof (160 bytes)
🗑️ MEST Delete: keyword='technology', fid='tech_00000914' (key completely removed)
🗑️ MEST Delete: post-delete root_hash=[e3, b0, c4, 42, 98, fc, 1c, 14]...
🗑️ MEST Delete: keyword='technology', fid='tech_00000914' (key completely removed)
🗑️ MEST Delete: post-delete root_hash=[e3, b0, c4, 42, 98, fc, 1c, 14]...
🔧 MEST Add: keyword='technology', fid='tech_00000915'
🔧 MEST Add: proof size=160 bytes, root_hash=[b0, 72, fe, 37, b2, 0e, f8, 29]...
🔍 MEST Query: keyword='technology', found 1 fids
🔍 MEST Query: returning proof (160 bytes)
🗑️ MEST Delete: keyword='technology', fid='tech_00000915' (key completely removed)
🗑️ MEST Delete: post-delete root_hash=[e3, b0, c4, 42, 98, fc, 1c, 14]...
🗑️ MEST Delete: keyword='technology', fid='tech_00000915' (key completely removed)
🗑️ MEST Delete: post-delete root_hash=[e3, b0, c4, 42, 98, fc, 1c, 14]...
🔧 MEST Add: keyword='technology', fid='tech_00000916'
🔧 MEST Add: proof size=160 bytes, root_hash=[90, 87, f9, fc, fb, ad, b3, 0f]...
🔍 MEST Query: keyword='technology', found 1 fids
🔍 MEST Query: returning proof (160 bytes)
🗑️ MEST Delete: keyword='technology', fid='tech_00000916' (key completely removed)
🗑️ MEST Delete: post-delete root_hash=[e3, b0, c4, 42, 98, fc, 1c, 14]...
🗑️ MEST Delete: keyword='technology', fid='tech_00000916' (key completely removed)
🗑️ MEST Delete: post-delete root_hash=[e3, b0, c4, 42, 98, fc, 1c, 14]...
🔧 MEST Add: keyword='hospital', fid='heal_00000917'
🔧 MEST Add: proof size=158 bytes, root_hash=[d5, 0d, de, de, d4, 0a, e0, d3]...
🗑️ MEST Delete: keyword='hospital', fid='heal_00000917' (key completely removed)
🗑️ MEST Delete: post-delete root_hash=[e3, b0, c4, 42, 98, fc, 1c, 14]...
🔧 MEST Add: keyword='hospital', fid='heal_00000919'
🔧 MEST Add: proof size=158 bytes, root_hash=[60, 92, 31, f0, 32, 4f, a6, 8d]...
🔧 MEST Add: keyword='hospital', fid='heal_00000919'
🔧 MEST Add: proof size=158 bytes, root_hash=[60, 92, 31, f0, 32, 4f, a6, 8d]...
🗑️ MEST Delete: keyword='hospital', fid='heal_00000919' (key completely removed)
🗑️ MEST Delete: post-delete root_hash=[e3, b0, c4, 42, 98, fc, 1c, 14]...
🔧 MEST Add: keyword='technology', fid='tech_00000929'
🔧 MEST Add: proof size=160 bytes, root_hash=[6a, 87, f4, f6, 3f, dc, 32, a2]...
🔍 MEST Query: keyword='technology', found 1 fids
🔍 MEST Query: returning proof (160 bytes)
🗑️ MEST Delete: keyword='technology', fid='tech_00000929' (key completely removed)
🗑️ MEST Delete: post-delete root_hash=[e3, b0, c4, 42, 98, fc, 1c, 14]...
🗑️ MEST Delete: keyword='technology', fid='tech_00000929' (key completely removed)
🗑️ MEST Delete: post-delete root_hash=[e3, b0, c4, 42, 98, fc, 1c, 14]...
🔧 MEST Add: keyword='technology', fid='tech_00000933'
🔧 MEST Add: proof size=160 bytes, root_hash=[9b, 7f, f3, cb, 5d, 96, c3, 6c]...
🔍 MEST Query: keyword='technology', found 1 fids
🔍 MEST Query: returning proof (160 bytes)
🗑️ MEST Delete: keyword='technology', fid='tech_00000933' (key completely removed)
🗑️ MEST Delete: post-delete root_hash=[e3, b0, c4, 42, 98, fc, 1c, 14]...
🗑️ MEST Delete: keyword='technology', fid='tech_00000933' (key completely removed)
🗑️ MEST Delete: post-delete root_hash=[e3, b0, c4, 42, 98, fc, 1c, 14]...
🔧 MEST Add: keyword='technology', fid='tech_00000936'
🔧 MEST Add: proof size=160 bytes, root_hash=[a6, 46, 0f, 19, 6e, 8a, 95, f7]...
🔍 MEST Query: keyword='technology', found 1 fids
🔍 MEST Query: returning proof (160 bytes)
🗑️ MEST Delete: keyword='technology', fid='tech_00000936' (key completely removed)
🗑️ MEST Delete: post-delete root_hash=[e3, b0, c4, 42, 98, fc, 1c, 14]...
🗑️ MEST Delete: keyword='technology', fid='tech_00000936' (key completely removed)
🗑️ MEST Delete: post-delete root_hash=[e3, b0, c4, 42, 98, fc, 1c, 14]...
🔧 MEST Add: keyword='technology', fid='tech_00000950'
🔧 MEST Add: proof size=160 bytes, root_hash=[8d, b7, 35, e3, 40, 9d, 14, 15]...
🔍 MEST Query: keyword='technology', found 1 fids
🔍 MEST Query: returning proof (160 bytes)
🗑️ MEST Delete: keyword='technology', fid='tech_00000950' (key completely removed)
🗑️ MEST Delete: post-delete root_hash=[e3, b0, c4, 42, 98, fc, 1c, 14]...
🗑️ MEST Delete: keyword='technology', fid='tech_00000950' (key completely removed)
🗑️ MEST Delete: post-delete root_hash=[e3, b0, c4, 42, 98, fc, 1c, 14]...
🔧 MEST Add: keyword='technology', fid='tech_00000952'
🔧 MEST Add: proof size=160 bytes, root_hash=[54, 8e, 5e, c7, 3f, 03, 52, 3b]...
🔍 MEST Query: keyword='technology', found 1 fids
🔍 MEST Query: returning proof (160 bytes)
🗑️ MEST Delete: keyword='technology', fid='tech_00000952' (key completely removed)
🗑️ MEST Delete: post-delete root_hash=[e3, b0, c4, 42, 98, fc, 1c, 14]...
🗑️ MEST Delete: keyword='technology', fid='tech_00000952' (key completely removed)
🗑️ MEST Delete: post-delete root_hash=[e3, b0, c4, 42, 98, fc, 1c, 14]...
🔧 MEST Add: keyword='technology', fid='tech_00000959'
🔧 MEST Add: proof size=160 bytes, root_hash=[a8, c4, c4, f3, c1, c2, e9, 27]...
🔍 MEST Query: keyword='technology', found 1 fids
🔍 MEST Query: returning proof (160 bytes)
🗑️ MEST Delete: keyword='technology', fid='tech_00000959' (key completely removed)
🗑️ MEST Delete: post-delete root_hash=[e3, b0, c4, 42, 98, fc, 1c, 14]...
🗑️ MEST Delete: keyword='technology', fid='tech_00000959' (key completely removed)
🗑️ MEST Delete: post-delete root_hash=[e3, b0, c4, 42, 98, fc, 1c, 14]...
🔧 MEST Add: keyword='technology', fid='tech_00000962'
🔧 MEST Add: proof size=160 bytes, root_hash=[dc, 52, bd, a8, 44, f5, ca, cb]...
🔍 MEST Query: keyword='technology', found 1 fids
🔍 MEST Query: returning proof (160 bytes)
🗑️ MEST Delete: keyword='technology', fid='tech_00000962' (key completely removed)
🗑️ MEST Delete: post-delete root_hash=[e3, b0, c4, 42, 98, fc, 1c, 14]...
🗑️ MEST Delete: keyword='technology', fid='tech_00000962' (key completely removed)
🗑️ MEST Delete: post-delete root_hash=[e3, b0, c4, 42, 98, fc, 1c, 14]...
🔧 MEST Add: keyword='technology', fid='tech_00000966'
🔧 MEST Add: proof size=160 bytes, root_hash=[39, 77, 22, 0b, 0d, 3e, 29, 00]...
🔍 MEST Query: keyword='technology', found 1 fids
🔍 MEST Query: returning proof (160 bytes)
🗑️ MEST Delete: keyword='technology', fid='tech_00000966' (key completely removed)
🗑️ MEST Delete: post-delete root_hash=[e3, b0, c4, 42, 98, fc, 1c, 14]...
🗑️ MEST Delete: keyword='technology', fid='tech_00000966' (key completely removed)
🗑️ MEST Delete: post-delete root_hash=[e3, b0, c4, 42, 98, fc, 1c, 14]...
🔧 MEST Add: keyword='technology', fid='tech_00000985'
🔧 MEST Add: proof size=160 bytes, root_hash=[c4, 3b, 61, a7, 21, 5c, ab, 2b]...
🔍 MEST Query: keyword='technology', found 1 fids
🔍 MEST Query: returning proof (160 bytes)
🗑️ MEST Delete: keyword='technology', fid='tech_00000985' (key completely removed)
🗑️ MEST Delete: post-delete root_hash=[e3, b0, c4, 42, 98, fc, 1c, 14]...
🗑️ MEST Delete: keyword='technology', fid='tech_00000985' (key completely removed)
🗑️ MEST Delete: post-delete root_hash=[e3, b0, c4, 42, 98, fc, 1c, 14]...
🔧 MEST Add: keyword='technology', fid='tech_00000995'
🔧 MEST Add: proof size=160 bytes, root_hash=[77, c4, eb, e0, b6, 47, 1c, c3]...
🔍 MEST Query: keyword='technology', found 1 fids
🔍 MEST Query: returning proof (160 bytes)
🗑️ MEST Delete: keyword='technology', fid='tech_00000995' (key completely removed)
🗑️ MEST Delete: post-delete root_hash=[e3, b0, c4, 42, 98, fc, 1c, 14]...
🗑️ MEST Delete: keyword='technology', fid='tech_00000995' (key completely removed)
🗑️ MEST Delete: post-delete root_hash=[e3, b0, c4, 42, 98, fc, 1c, 14]...
